=== flashprobe start 2026-08-15T21:52:42.5662916+02:00 (no filter) ===
host hwnd=0xBE146E SHELLHOOK message id=49193 (0xC029)
RegisterShellHookWindow OK — listening. Ctrl+C to stop.
cols: time | wParam(raw) | name | hwnd | visible | process | title
21:52:42.624 | 0x0006 | HSHELL_REDRAW                | 0x01FA14C4 | vis=n | WindowsTerminal    | "Windows Terminal"
21:52:42.627 | 0x0010 | HSHELL_MONITORCHANGED        | 0x01FA14C4 | vis=n | WindowsTerminal    | "Windows Terminal"
21:52:42.643 | 0x0001 | HSHELL_WINDOWCREATED         | 0x01FA14C4 | vis=Y | WindowsTerminal    | "Windows Terminal"
21:52:42.644 | 0x0004 | HSHELL_WINDOWACTIVATED       | 0x01FA14C4 | vis=Y | WindowsTerminal    | "Windows Terminal"
21:52:42.647 | 0x0006 | HSHELL_REDRAW                | 0x01FA14C4 | vis=Y | WindowsTerminal    | "Terminal"
21:52:42.689 | 0x0006 | HSHELL_REDRAW                | 0x003C12E4 | vis=n | WindowsTerminal    | "Windows Terminal"
21:52:42.689 | 0x0010 | HSHELL_MONITORCHANGED        | 0x003C12E4 | vis=n | WindowsTerminal    | "Windows Terminal"
21:52:42.705 | 0x0001 | HSHELL_WINDOWCREATED         | 0x003C12E4 | vis=Y | WindowsTerminal    | "Windows Terminal"
21:52:42.706 | 0x0004 | HSHELL_WINDOWACTIVATED       | 0x003C12E4 | vis=Y | WindowsTerminal    | "Windows Terminal"
21:52:42.708 | 0x0006 | HSHELL_REDRAW                | 0x01FA14C4 | vis=Y | WindowsTerminal    | "C:\\WINDOWS\\System32\\WindowsPowerShell\\v1.0\\powershell.exe"
21:52:42.713 | 0x0006 | HSHELL_REDRAW                | 0x003C12E4 | vis=Y | WindowsTerminal    | "Terminal"
21:52:42.714 | 0x0006 | HSHELL_REDRAW                | 0x01FA14C4 | vis=Y | WindowsTerminal    | "Windows PowerShell"
21:52:42.757 | 0x0006 | HSHELL_REDRAW                | 0x003C12E4 | vis=Y | WindowsTerminal    | "C:\\WINDOWS\\system32\\wsl.exe"
21:52:42.790 | 0x0004 | HSHELL_WINDOWACTIVATED       | 0x01FA14C4 | vis=Y | WindowsTerminal    | "Windows PowerShell"
21:52:42.805 | 0x0004 | HSHELL_WINDOWACTIVATED       | 0x003C12E4 | vis=Y | WindowsTerminal    | "C:\\WINDOWS\\system32\\wsl.exe"
21:52:42.922 | 0x0006 | HSHELL_REDRAW                | 0x01FA14C4 | vis=Y | WindowsTerminal    | "BELL-PWSH"
21:52:43.989 | 0x0010 | HSHELL_MONITORCHANGED        | 0x01271290 | vis=n | conhost            | "C:\\Program Files\\WSL\\wslhost.exe"
21:52:43.991 | 0x0006 | HSHELL_REDRAW                | 0x01271290 | vis=n | conhost            | "C:\\Program Files\\WSL\\wslhost.exe"
21:52:43.991 | 0x0006 | HSHELL_REDRAW                | 0x01271290 | vis=n | conhost            | "C:\\Program Files\\WSL\\wslhost.exe"
21:52:44.062 | 0x0010 | HSHELL_MONITORCHANGED        | 0x000B1520 | vis=n | conhost            | "C:\\Program Files\\WSL\\wslhost.exe"
21:52:44.064 | 0x0006 | HSHELL_REDRAW                | 0x000B1520 | vis=n | conhost            | "C:\\Program Files\\WSL\\wslhost.exe"
21:52:44.065 | 0x0006 | HSHELL_REDRAW                | 0x000B1520 | vis=n | conhost            | "C:\\Program Files\\WSL\\wslhost.exe"
21:52:44.073 | 0x0010 | HSHELL_MONITORCHANGED        | 0x000D14E6 | vis=n | msrdc              | ""
21:52:44.075 | 0x0010 | HSHELL_MONITORCHANGED        | 0x000614CC | vis=n | msrdc              | ""
21:52:44.097 | 0x0010 | HSHELL_MONITORCHANGED        | 0x000D14C8 | vis=n | msrdc              | "Remote Desktop"
21:52:44.099 | 0x0006 | HSHELL_REDRAW                | 0x000D14C8 | vis=n | msrdc              | "Remote Desktop"
21:52:44.099 | 0x0006 | HSHELL_REDRAW                | 0x000D14C8 | vis=n | msrdc              | "Remote Desktop"
21:52:44.140 | 0x8006 | HSHELL_FLASH                 | 0x000D14C8 | vis=n | msrdc              | "Remote Desktop"
21:52:44.141 | 0x0006 | HSHELL_REDRAW                | 0x000D14C8 | vis=n | msrdc              | "RemoteApp"
21:52:44.148 | 0x0010 | HSHELL_MONITORCHANGED        | 0x00341044 | vis=n | msrdc              | ""
21:52:44.151 | 0x0010 | HSHELL_MONITORCHANGED        | 0x004212FC | vis=n | msrdc              | ""
21:52:44.153 | 0x0010 | HSHELL_MONITORCHANGED        | 0x004312E8 | vis=n | msrdc              | "DummyWindow"
21:52:44.153 | 0x0002 | HSHELL_WINDOWDESTROYED       | 0x004312E8 | vis=n | msrdc              | "DummyWindow"
21:52:44.159 | 0x0010 | HSHELL_MONITORCHANGED        | 0x004412E8 | vis=n | msrdc              | ""
21:52:44.169 | 0x0010 | HSHELL_MONITORCHANGED        | 0x000B13A6 | vis=n | msrdc              | ""
21:52:44.171 | 0x0010 | HSHELL_MONITORCHANGED        | 0x000D1430 | vis=n | msrdc              | ""
21:52:44.179 | 0x0006 | HSHELL_REDRAW                | 0x000D14C8 | vis=n | msrdc              | "RemoteApp"
21:52:44.181 | 0x0010 | HSHELL_MONITORCHANGED        | 0x00860A82 | vis=n | msrdc              | ""
21:52:44.651 | 0x0004 | HSHELL_WINDOWACTIVATED       | 0x0078038E | vis=Y | chrome             | "New Tab - Google Chrome"
21:52:44.723 | 0x8006 | HSHELL_FLASH                 | 0x000D14C8 | vis=n | msrdc              | "RemoteApp"
21:52:45.243 | 0x0006 | HSHELL_REDRAW                | 0x000D14C8 | vis=n | msrdc              | "RemoteApp"
21:52:45.510 | 0x0010 | HSHELL_MONITORCHANGED        | 0x575F1164 | vis=n | conhost            | "C:\\Program Files\\WSL\\wslhost.exe"
21:52:45.512 | 0x0006 | HSHELL_REDRAW                | 0x575F1164 | vis=n | conhost            | "C:\\Program Files\\WSL\\wslhost.exe"
21:52:45.513 | 0x0006 | HSHELL_REDRAW                | 0x575F1164 | vis=n | conhost            | "C:\\Program Files\\WSL\\wslhost.exe"
21:52:45.778 | 0x8006 | HSHELL_FLASH                 | 0x000D14C8 | vis=n | msrdc              | "RemoteApp"
21:52:46.089 | 0x0006 | HSHELL_REDRAW                | 0x003C12E4 | vis=Y | WindowsTerminal    | "BELL-WSL"
21:52:46.313 | 0x0006 | HSHELL_REDRAW                | 0x000D14C8 | vis=n | msrdc              | "RemoteApp"
21:52:46.839 | 0x8006 | HSHELL_FLASH                 | 0x000D14C8 | vis=n | msrdc              | "RemoteApp"
21:52:47.375 | 0x0006 | HSHELL_REDRAW                | 0x000D14C8 | vis=n | msrdc              | "RemoteApp"
21:52:47.752 | 0x0002 | HSHELL_WINDOWDESTROYED       | 0x0078038E | vis=n | chrome             | "New Tab - Google Chrome"
21:52:47.773 | 0x0002 | HSHELL_WINDOWDESTROYED       | 0x0078038E | vis=n | chrome             | "New Tab - Google Chrome"
21:52:47.787 | 0x0002 | HSHELL_WINDOWDESTROYED       | 0x0078038E | vis=n | Idle               | ""
21:52:47.787 | 0x0004 | HSHELL_WINDOWACTIVATED       | 0x003C12E4 | vis=Y | WindowsTerminal    | "BELL-WSL"
21:52:47.900 | 0x8006 | HSHELL_FLASH                 | 0x000D14C8 | vis=n | msrdc              | "RemoteApp"
21:52:48.428 | 0x0006 | HSHELL_REDRAW                | 0x000D14C8 | vis=n | msrdc              | "RemoteApp"
21:52:48.964 | 0x8006 | HSHELL_FLASH                 | 0x000D14C8 | vis=n | msrdc              | "RemoteApp"
21:52:49.318 | 0x0004 | HSHELL_WINDOWACTIVATED       | 0x00060A04 | vis=Y | vlc                | "Shaun.Of.The.Dead.2004.1080p.BluRay.DTS.x264-CtrlHD.mkv - VLC media player"
21:52:49.498 | 0x0006 | HSHELL_REDRAW                | 0x000D14C8 | vis=n | msrdc              | "RemoteApp"
21:52:50.027 | 0x8006 | HSHELL_FLASH                 | 0x000D14C8 | vis=n | msrdc              | "RemoteApp"
21:52:50.557 | 0x0006 | HSHELL_REDRAW                | 0x000D14C8 | vis=n | msrdc              | "RemoteApp"
21:52:51.085 | 0x8006 | HSHELL_FLASH                 | 0x000D14C8 | vis=n | msrdc              | "RemoteApp"
21:52:51.615 | 0x0006 | HSHELL_REDRAW                | 0x000D14C8 | vis=n | msrdc              | "RemoteApp"
21:52:52.148 | 0x8006 | HSHELL_FLASH                 | 0x000D14C8 | vis=n | msrdc              | "RemoteApp"
21:52:52.681 | 0x0006 | HSHELL_REDRAW                | 0x000D14C8 | vis=n | msrdc              | "RemoteApp"
21:52:53.217 | 0x8006 | HSHELL_FLASH                 | 0x000D14C8 | vis=n | msrdc              | "RemoteApp"
21:52:53.740 | 0x0006 | HSHELL_REDRAW                | 0x000D14C8 | vis=n | msrdc              | "RemoteApp"
21:52:54.021 | 0x8006 | HSHELL_FLASH                 | 0x01FA14C4 | vis=Y | WindowsTerminal    | "BELL-PWSH"
21:52:54.270 | 0x8006 | HSHELL_FLASH                 | 0x000D14C8 | vis=n | msrdc              | "RemoteApp"
21:52:54.815 | 0x0006 | HSHELL_REDRAW                | 0x000D14C8 | vis=n | msrdc              | "RemoteApp"
21:52:55.333 | 0x8006 | HSHELL_FLASH                 | 0x000D14C8 | vis=n | msrdc              | "RemoteApp"
21:52:55.867 | 0x0006 | HSHELL_REDRAW                | 0x000D14C8 | vis=n | msrdc              | "RemoteApp"
21:52:56.401 | 0x8006 | HSHELL_FLASH                 | 0x000D14C8 | vis=n | msrdc              | "RemoteApp"
21:52:56.935 | 0x0006 | HSHELL_REDRAW                | 0x000D14C8 | vis=n | msrdc              | "RemoteApp"
21:52:57.036 | 0x8006 | HSHELL_FLASH                 | 0x01FA14C4 | vis=Y | WindowsTerminal    | "BELL-PWSH"
21:52:57.151 | 0x8006 | HSHELL_FLASH                 | 0x003C12E4 | vis=Y | WindowsTerminal    | "BELL-WSL"
21:52:57.469 | 0x8006 | HSHELL_FLASH                 | 0x000D14C8 | vis=n | msrdc              | "RemoteApp"
21:52:57.994 | 0x0006 | HSHELL_REDRAW                | 0x000D14C8 | vis=n | msrdc              | "RemoteApp"
21:52:58.526 | 0x8006 | HSHELL_FLASH                 | 0x000D14C8 | vis=n | msrdc              | "RemoteApp"
21:52:59.054 | 0x0006 | HSHELL_REDRAW                | 0x000D14C8 | vis=n | msrdc              | "RemoteApp"
21:52:59.338 | 0x0005 | HSHELL_GETMINRECT            | 0xEC17D7E380 | vis=n | Idle               | ""
21:52:59.587 | 0x8006 | HSHELL_FLASH                 | 0x000D14C8 | vis=n | msrdc              | "RemoteApp"
21:52:59.656 | 0x0005 | HSHELL_GETMINRECT            | 0xEC17D7E380 | vis=n | Idle               | ""
21:52:59.677 | 0x0005 | HSHELL_GETMINRECT            | 0xEC17D7E380 | vis=n | Idle               | ""
21:52:59.788 | 0x0035 | HSHELL_UNKNOWN(53)           | 0x000509B4 | vis=Y | explorer           | ""
21:52:59.993 | 0x0005 | HSHELL_GETMINRECT            | 0xEC17D7E380 | vis=n | Idle               | ""
21:53:00.051 | 0x8006 | HSHELL_FLASH                 | 0x01FA14C4 | vis=Y | WindowsTerminal    | "BELL-PWSH"
21:53:00.115 | 0x0006 | HSHELL_REDRAW                | 0x000D14C8 | vis=n | msrdc              | "RemoteApp"
21:53:00.147 | 0x8006 | HSHELL_FLASH                 | 0x003C12E4 | vis=Y | WindowsTerminal    | "BELL-WSL"
21:53:00.646 | 0x8006 | HSHELL_FLASH                 | 0x000D14C8 | vis=n | msrdc              | "RemoteApp"
21:53:00.880 | 0x0004 | HSHELL_WINDOWACTIVATED       | 0x00000000 | vis=n | Idle               | ""
21:53:01.010 | 0x0036 | HSHELL_UNKNOWN(54)           | 0x000509B4 | vis=n | explorer           | ""
21:53:01.015 | 0x0004 | HSHELL_WINDOWACTIVATED       | 0x001F0F4A | vis=Y | WindowsTerminal    | "\u25D1 test_bell"
21:53:01.177 | 0x0006 | HSHELL_REDRAW                | 0x000D14C8 | vis=n | msrdc              | "RemoteApp"
21:53:01.721 | 0x8006 | HSHELL_FLASH                 | 0x000D14C8 | vis=n | msrdc              | "RemoteApp"
21:53:02.019 | 0x0006 | HSHELL_REDRAW                | 0x001F0F4A | vis=Y | WindowsTerminal    | "\u25D0 test_bell"
21:53:02.250 | 0x0006 | HSHELL_REDRAW                | 0x000D14C8 | vis=n | msrdc              | "RemoteApp"
21:53:02.772 | 0x8006 | HSHELL_FLASH                 | 0x000D14C8 | vis=n | msrdc              | "RemoteApp"
21:53:02.981 | 0x0006 | HSHELL_REDRAW                | 0x001F0F4A | vis=Y | WindowsTerminal    | "\u25D1 test_bell"
21:53:03.055 | 0x8006 | HSHELL_FLASH                 | 0x01FA14C4 | vis=Y | WindowsTerminal    | "BELL-PWSH"
21:53:03.169 | 0x8006 | HSHELL_FLASH                 | 0x003C12E4 | vis=Y | WindowsTerminal    | "BELL-WSL"
21:53:03.304 | 0x0006 | HSHELL_REDRAW                | 0x000D14C8 | vis=n | msrdc              | "RemoteApp"
21:53:03.838 | 0x8006 | HSHELL_FLASH                 | 0x000D14C8 | vis=n | msrdc              | "RemoteApp"
21:53:03.941 | 0x0006 | HSHELL_REDRAW                | 0x001F0F4A | vis=Y | WindowsTerminal    | "\u25D0 test_bell"
21:53:04.371 | 0x0006 | HSHELL_REDRAW                | 0x000D14C8 | vis=n | msrdc              | "RemoteApp"
21:53:04.900 | 0x8006 | HSHELL_FLASH                 | 0x000D14C8 | vis=n | msrdc              | "RemoteApp"
21:53:04.902 | 0x0006 | HSHELL_REDRAW                | 0x001F0F4A | vis=Y | WindowsTerminal    | "\u25D1 test_bell"
21:53:05.431 | 0x0006 | HSHELL_REDRAW                | 0x000D14C8 | vis=n | msrdc              | "RemoteApp"
21:53:05.865 | 0x0006 | HSHELL_REDRAW                | 0x001F0F4A | vis=Y | WindowsTerminal    | "\u25D0 test_bell"
21:53:05.961 | 0x8006 | HSHELL_FLASH                 | 0x000D14C8 | vis=n | msrdc              | "RemoteApp"
21:53:06.070 | 0x8006 | HSHELL_FLASH                 | 0x01FA14C4 | vis=Y | WindowsTerminal    | "BELL-PWSH"
21:53:06.163 | 0x8006 | HSHELL_FLASH                 | 0x003C12E4 | vis=Y | WindowsTerminal    | "BELL-WSL"
21:53:06.490 | 0x0006 | HSHELL_REDRAW                | 0x000D14C8 | vis=n | msrdc              | "RemoteApp"
21:53:06.826 | 0x0006 | HSHELL_REDRAW                | 0x001F0F4A | vis=Y | WindowsTerminal    | "\u25D1 test_bell"
21:53:07.022 | 0x8006 | HSHELL_FLASH                 | 0x000D14C8 | vis=n | msrdc              | "RemoteApp"
21:53:07.552 | 0x0006 | HSHELL_REDRAW                | 0x000D14C8 | vis=n | msrdc              | "RemoteApp"
21:53:07.787 | 0x0006 | HSHELL_REDRAW                | 0x001F0F4A | vis=Y | WindowsTerminal    | "\u25D0 test_bell"
21:53:08.083 | 0x8006 | HSHELL_FLASH                 | 0x000D14C8 | vis=n | msrdc              | "RemoteApp"
21:53:08.625 | 0x0006 | HSHELL_REDRAW                | 0x000D14C8 | vis=n | msrdc              | "RemoteApp"
21:53:08.748 | 0x0006 | HSHELL_REDRAW                | 0x001F0F4A | vis=Y | WindowsTerminal    | "\u25D1 test_bell"
21:53:09.092 | 0x8006 | HSHELL_FLASH                 | 0x01FA14C4 | vis=Y | WindowsTerminal    | "BELL-PWSH"
21:53:09.156 | 0x8006 | HSHELL_FLASH                 | 0x000D14C8 | vis=n | msrdc              | "RemoteApp"
21:53:09.241 | 0x8006 | HSHELL_FLASH                 | 0x003C12E4 | vis=Y | WindowsTerminal    | "BELL-WSL"
21:53:09.684 | 0x0006 | HSHELL_REDRAW                | 0x000D14C8 | vis=n | msrdc              | "RemoteApp"
21:53:09.709 | 0x0006 | HSHELL_REDRAW                | 0x001F0F4A | vis=Y | WindowsTerminal    | "\u25D0 test_bell"
21:53:10.209 | 0x8006 | HSHELL_FLASH                 | 0x000D14C8 | vis=n | msrdc              | "RemoteApp"
21:53:10.669 | 0x0006 | HSHELL_REDRAW                | 0x001F0F4A | vis=Y | WindowsTerminal    | "\u25D1 test_bell"
21:53:10.742 | 0x0006 | HSHELL_REDRAW                | 0x000D14C8 | vis=n | msrdc              | "RemoteApp"
21:53:11.276 | 0x8006 | HSHELL_FLASH                 | 0x000D14C8 | vis=n | msrdc              | "RemoteApp"
21:53:11.629 | 0x0006 | HSHELL_REDRAW                | 0x001F0F4A | vis=Y | WindowsTerminal    | "\u25D0 test_bell"
21:53:11.809 | 0x0006 | HSHELL_REDRAW                | 0x000D14C8 | vis=n | msrdc              | "RemoteApp"
21:53:12.339 | 0x8006 | HSHELL_FLASH                 | 0x000D14C8 | vis=n | msrdc              | "RemoteApp"
21:53:12.520 | 0x8006 | HSHELL_FLASH                 | 0x003C12E4 | vis=Y | WindowsTerminal    | "BELL-WSL"
21:53:12.590 | 0x0006 | HSHELL_REDRAW                | 0x001F0F4A | vis=Y | WindowsTerminal    | "\u25D1 test_bell"
21:53:12.867 | 0x0006 | HSHELL_REDRAW                | 0x000D14C8 | vis=n | msrdc              | "RemoteApp"
21:53:13.402 | 0x8006 | HSHELL_FLASH                 | 0x000D14C8 | vis=n | msrdc              | "RemoteApp"
21:53:13.551 | 0x0006 | HSHELL_REDRAW                | 0x001F0F4A | vis=Y | WindowsTerminal    | "\u25D0 test_bell"
21:53:13.927 | 0x0006 | HSHELL_REDRAW                | 0x000D14C8 | vis=n | msrdc              | "RemoteApp"
21:53:14.257 | 0x0004 | HSHELL_WINDOWACTIVATED       | 0x00060A04 | vis=Y | vlc                | "Shaun.Of.The.Dead.2004.1080p.BluRay.DTS.x264-CtrlHD.mkv - VLC media player"
21:53:14.460 | 0x8006 | HSHELL_FLASH                 | 0x000D14C8 | vis=n | msrdc              | "RemoteApp"
21:53:14.991 | 0x0006 | HSHELL_REDRAW                | 0x000D14C8 | vis=n | msrdc              | "RemoteApp"
21:53:15.520 | 0x8006 | HSHELL_FLASH                 | 0x000D14C8 | vis=n | msrdc              | "RemoteApp"
21:53:16.051 | 0x0006 | HSHELL_REDRAW                | 0x000D14C8 | vis=n | msrdc              | "RemoteApp"
21:53:16.595 | 0x8006 | HSHELL_FLASH                 | 0x000D14C8 | vis=n | msrdc              | "RemoteApp"
21:53:17.126 | 0x0006 | HSHELL_REDRAW                | 0x000D14C8 | vis=n | msrdc              | "RemoteApp"
21:53:17.646 | 0x8006 | HSHELL_FLASH                 | 0x000D14C8 | vis=n | msrdc              | "RemoteApp"
21:53:18.180 | 0x0006 | HSHELL_REDRAW                | 0x000D14C8 | vis=n | msrdc              | "RemoteApp"
21:53:18.713 | 0x8006 | HSHELL_FLASH                 | 0x000D14C8 | vis=n | msrdc              | "RemoteApp"
21:53:19.243 | 0x0006 | HSHELL_REDRAW                | 0x000D14C8 | vis=n | msrdc              | "RemoteApp"
21:53:19.772 | 0x8006 | HSHELL_FLASH                 | 0x000D14C8 | vis=n | msrdc              | "RemoteApp"
21:53:20.302 | 0x0006 | HSHELL_REDRAW                | 0x000D14C8 | vis=n | msrdc              | "RemoteApp"
21:53:20.832 | 0x8006 | HSHELL_FLASH                 | 0x000D14C8 | vis=n | msrdc              | "RemoteApp"
21:53:21.364 | 0x0006 | HSHELL_REDRAW                | 0x000D14C8 | vis=n | msrdc              | "RemoteApp"
21:53:21.899 | 0x8006 | HSHELL_FLASH                 | 0x000D14C8 | vis=n | msrdc              | "RemoteApp"
21:53:22.432 | 0x0006 | HSHELL_REDRAW                | 0x000D14C8 | vis=n | msrdc              | "RemoteApp"
21:53:22.966 | 0x8006 | HSHELL_FLASH                 | 0x000D14C8 | vis=n | msrdc              | "RemoteApp"
21:53:23.500 | 0x0006 | HSHELL_REDRAW                | 0x000D14C8 | vis=n | msrdc              | "RemoteApp"
21:53:24.033 | 0x8006 | HSHELL_FLASH                 | 0x000D14C8 | vis=n | msrdc              | "RemoteApp"
21:53:24.565 | 0x0006 | HSHELL_REDRAW                | 0x000D14C8 | vis=n | msrdc              | "RemoteApp"
21:53:25.084 | 0x8006 | HSHELL_FLASH                 | 0x000D14C8 | vis=n | msrdc              | "RemoteApp"
21:53:25.617 | 0x0006 | HSHELL_REDRAW                | 0x000D14C8 | vis=n | msrdc              | "RemoteApp"
21:53:26.151 | 0x8006 | HSHELL_FLASH                 | 0x000D14C8 | vis=n | msrdc              | "RemoteApp"
21:53:26.684 | 0x0006 | HSHELL_REDRAW                | 0x000D14C8 | vis=n | msrdc              | "RemoteApp"
21:53:27.219 | 0x8006 | HSHELL_FLASH                 | 0x000D14C8 | vis=n | msrdc              | "RemoteApp"
21:53:27.739 | 0x0006 | HSHELL_REDRAW                | 0x000D14C8 | vis=n | msrdc              | "RemoteApp"
21:53:28.270 | 0x8006 | HSHELL_FLASH                 | 0x000D14C8 | vis=n | msrdc              | "RemoteApp"
21:53:28.803 | 0x0006 | HSHELL_REDRAW                | 0x000D14C8 | vis=n | msrdc              | "RemoteApp"
21:53:29.337 | 0x8006 | HSHELL_FLASH                 | 0x000D14C8 | vis=n | msrdc              | "RemoteApp"
21:53:29.870 | 0x0006 | HSHELL_REDRAW                | 0x000D14C8 | vis=n | msrdc              | "RemoteApp"
21:53:30.403 | 0x8006 | HSHELL_FLASH                 | 0x000D14C8 | vis=n | msrdc              | "RemoteApp"
21:53:30.927 | 0x0006 | HSHELL_REDRAW                | 0x000D14C8 | vis=n | msrdc              | "RemoteApp"
21:53:31.457 | 0x8006 | HSHELL_FLASH                 | 0x000D14C8 | vis=n | msrdc              | "RemoteApp"
21:53:31.999 | 0x0006 | HSHELL_REDRAW                | 0x000D14C8 | vis=n | msrdc              | "RemoteApp"
21:53:32.521 | 0x8006 | HSHELL_FLASH                 | 0x000D14C8 | vis=n | msrdc              | "RemoteApp"
21:53:33.055 | 0x0006 | HSHELL_REDRAW                | 0x000D14C8 | vis=n | msrdc              | "RemoteApp"
21:53:33.589 | 0x8006 | HSHELL_FLASH                 | 0x000D14C8 | vis=n | msrdc              | "RemoteApp"
21:53:34.122 | 0x0006 | HSHELL_REDRAW                | 0x000D14C8 | vis=n | msrdc              | "RemoteApp"
21:53:34.651 | 0x8006 | HSHELL_FLASH                 | 0x000D14C8 | vis=n | msrdc              | "RemoteApp"
21:53:35.183 | 0x0006 | HSHELL_REDRAW                | 0x000D14C8 | vis=n | msrdc              | "RemoteApp"
21:53:35.713 | 0x8006 | HSHELL_FLASH                 | 0x000D14C8 | vis=n | msrdc              | "RemoteApp"
21:53:36.240 | 0x0006 | HSHELL_REDRAW                | 0x000D14C8 | vis=n | msrdc              | "RemoteApp"
21:53:36.773 | 0x8006 | HSHELL_FLASH                 | 0x000D14C8 | vis=n | msrdc              | "RemoteApp"
21:53:37.307 | 0x0006 | HSHELL_REDRAW                | 0x000D14C8 | vis=n | msrdc              | "RemoteApp"
21:53:37.838 | 0x8006 | HSHELL_FLASH                 | 0x000D14C8 | vis=n | msrdc              | "RemoteApp"
21:53:38.368 | 0x0006 | HSHELL_REDRAW                | 0x000D14C8 | vis=n | msrdc              | "RemoteApp"
21:53:38.896 | 0x8006 | HSHELL_FLASH                 | 0x000D14C8 | vis=n | msrdc              | "RemoteApp"
21:53:39.441 | 0x0006 | HSHELL_REDRAW                | 0x000D14C8 | vis=n | msrdc              | "RemoteApp"
21:53:39.976 | 0x8006 | HSHELL_FLASH                 | 0x000D14C8 | vis=n | msrdc              | "RemoteApp"
21:53:40.509 | 0x0006 | HSHELL_REDRAW                | 0x000D14C8 | vis=n | msrdc              | "RemoteApp"
21:53:41.036 | 0x8006 | HSHELL_FLASH                 | 0x000D14C8 | vis=n | msrdc              | "RemoteApp"
21:53:41.568 | 0x0006 | HSHELL_REDRAW                | 0x000D14C8 | vis=n | msrdc              | "RemoteApp"
21:53:42.101 | 0x8006 | HSHELL_FLASH                 | 0x000D14C8 | vis=n | msrdc              | "RemoteApp"
21:53:42.630 | 0x0006 | HSHELL_REDRAW                | 0x000D14C8 | vis=n | msrdc              | "RemoteApp"
21:53:43.161 | 0x8006 | HSHELL_FLASH                 | 0x000D14C8 | vis=n | msrdc              | "RemoteApp"
21:53:43.695 | 0x0006 | HSHELL_REDRAW                | 0x000D14C8 | vis=n | msrdc              | "RemoteApp"
21:53:44.228 | 0x8006 | HSHELL_FLASH                 | 0x000D14C8 | vis=n | msrdc              | "RemoteApp"
21:53:44.761 | 0x0006 | HSHELL_REDRAW                | 0x000D14C8 | vis=n | msrdc              | "RemoteApp"
21:53:45.295 | 0x8006 | HSHELL_FLASH                 | 0x000D14C8 | vis=n | msrdc              | "RemoteApp"
21:53:45.826 | 0x0006 | HSHELL_REDRAW                | 0x000D14C8 | vis=n | msrdc              | "RemoteApp"
21:53:46.356 | 0x8006 | HSHELL_FLASH                 | 0x000D14C8 | vis=n | msrdc              | "RemoteApp"
21:53:46.879 | 0x0006 | HSHELL_REDRAW                | 0x000D14C8 | vis=n | msrdc              | "RemoteApp"
21:53:47.413 | 0x8006 | HSHELL_FLASH                 | 0x000D14C8 | vis=n | msrdc              | "RemoteApp"
21:53:47.947 | 0x0006 | HSHELL_REDRAW                | 0x000D14C8 | vis=n | msrdc              | "RemoteApp"
21:53:48.479 | 0x8006 | HSHELL_FLASH                 | 0x000D14C8 | vis=n | msrdc              | "RemoteApp"
21:53:48.591 | 0x0002 | HSHELL_WINDOWDESTROYED       | 0x575F1164 | vis=n | Idle               | ""
21:53:48.624 | 0x0002 | HSHELL_WINDOWDESTROYED       | 0x003C12E4 | vis=n | WindowsTerminal    | "BELL-WSL"
21:53:48.635 | 0x0002 | HSHELL_WINDOWDESTROYED       | 0x003C12E4 | vis=n | Idle               | ""
21:53:48.637 | 0x0002 | HSHELL_WINDOWDESTROYED       | 0x01FA14C4 | vis=n | WindowsTerminal    | "BELL-PWSH"
21:53:49.007 | 0x0006 | HSHELL_REDRAW                | 0x000D14C8 | vis=n | msrdc              | "RemoteApp"
21:53:49.537 | 0x8006 | HSHELL_FLASH                 | 0x000D14C8 | vis=n | msrdc              | "RemoteApp"
21:53:49.691 | 0x0006 | HSHELL_REDRAW                | 0x001F0F4A | vis=Y | WindowsTerminal    | "\u25D1 test_bell"
21:53:50.069 | 0x0006 | HSHELL_REDRAW                | 0x000D14C8 | vis=n | msrdc              | "RemoteApp"
21:53:50.599 | 0x8006 | HSHELL_FLASH                 | 0x000D14C8 | vis=n | msrdc              | "RemoteApp"
21:53:50.653 | 0x0006 | HSHELL_REDRAW                | 0x001F0F4A | vis=Y | WindowsTerminal    | "\u25D0 test_bell"
21:53:51.131 | 0x0006 | HSHELL_REDRAW                | 0x000D14C8 | vis=n | msrdc              | "RemoteApp"
21:53:51.614 | 0x0006 | HSHELL_REDRAW                | 0x001F0F4A | vis=Y | WindowsTerminal    | "\u25D1 test_bell"
21:53:51.660 | 0x8006 | HSHELL_FLASH                 | 0x000D14C8 | vis=n | msrdc              | "RemoteApp"
21:53:52.191 | 0x0006 | HSHELL_REDRAW                | 0x000D14C8 | vis=n | msrdc              | "RemoteApp"
21:53:52.574 | 0x0006 | HSHELL_REDRAW                | 0x001F0F4A | vis=Y | WindowsTerminal    | "\u25D0 test_bell"
21:53:52.725 | 0x8006 | HSHELL_FLASH                 | 0x000D14C8 | vis=n | msrdc              | "RemoteApp"
21:53:53.255 | 0x0006 | HSHELL_REDRAW                | 0x000D14C8 | vis=n | msrdc              | "RemoteApp"
21:53:53.534 | 0x0006 | HSHELL_REDRAW                | 0x001F0F4A | vis=Y | WindowsTerminal    | "\u25D1 test_bell"
21:53:53.787 | 0x8006 | HSHELL_FLASH                 | 0x000D14C8 | vis=n | msrdc              | "RemoteApp"
21:53:54.318 | 0x0006 | HSHELL_REDRAW                | 0x000D14C8 | vis=n | msrdc              | "RemoteApp"
21:53:54.495 | 0x0006 | HSHELL_REDRAW                | 0x001F0F4A | vis=Y | WindowsTerminal    | "\u25D0 test_bell"
21:53:54.847 | 0x8006 | HSHELL_FLASH                 | 0x000D14C8 | vis=n | msrdc              | "RemoteApp"
21:53:55.379 | 0x0006 | HSHELL_REDRAW                | 0x000D14C8 | vis=n | msrdc              | "RemoteApp"
21:53:55.487 | 0x0006 | HSHELL_REDRAW                | 0x001F0F4A | vis=Y | WindowsTerminal    | "\u25D1 test_bell"
21:53:55.918 | 0x8006 | HSHELL_FLASH                 | 0x000D14C8 | vis=n | msrdc              | "RemoteApp"
21:53:56.415 | 0x0006 | HSHELL_REDRAW                | 0x001F0F4A | vis=Y | WindowsTerminal    | "\u25D0 test_bell"
21:53:56.452 | 0x0006 | HSHELL_REDRAW                | 0x000D14C8 | vis=n | msrdc              | "RemoteApp"
21:53:56.981 | 0x8006 | HSHELL_FLASH                 | 0x000D14C8 | vis=n | msrdc              | "RemoteApp"
21:53:57.375 | 0x0006 | HSHELL_REDRAW                | 0x001F0F4A | vis=Y | WindowsTerminal    | "\u25D1 test_bell"
21:53:57.513 | 0x0006 | HSHELL_REDRAW                | 0x000D14C8 | vis=n | msrdc              | "RemoteApp"
21:53:58.036 | 0x8006 | HSHELL_FLASH                 | 0x000D14C8 | vis=n | msrdc              | "RemoteApp"
21:53:58.336 | 0x0006 | HSHELL_REDRAW                | 0x001F0F4A | vis=Y | WindowsTerminal    | "\u25D0 test_bell"
21:53:58.570 | 0x0006 | HSHELL_REDRAW                | 0x000D14C8 | vis=n | msrdc              | "RemoteApp"
21:53:59.101 | 0x8006 | HSHELL_FLASH                 | 0x000D14C8 | vis=n | msrdc              | "RemoteApp"
21:53:59.296 | 0x0006 | HSHELL_REDRAW                | 0x001F0F4A | vis=Y | WindowsTerminal    | "\u25D1 test_bell"
21:53:59.633 | 0x0006 | HSHELL_REDRAW                | 0x000D14C8 | vis=n | msrdc              | "RemoteApp"
21:54:00.162 | 0x8006 | HSHELL_FLASH                 | 0x000D14C8 | vis=n | msrdc              | "RemoteApp"
21:54:00.258 | 0x0006 | HSHELL_REDRAW                | 0x001F0F4A | vis=Y | WindowsTerminal    | "\u25D0 test_bell"
21:54:00.705 | 0x0006 | HSHELL_REDRAW                | 0x000D14C8 | vis=n | msrdc              | "RemoteApp"
21:54:01.219 | 0x0006 | HSHELL_REDRAW                | 0x001F0F4A | vis=Y | WindowsTerminal    | "\u25D1 test_bell"
21:54:01.223 | 0x8006 | HSHELL_FLASH                 | 0x000D14C8 | vis=n | msrdc              | "RemoteApp"
21:54:01.754 | 0x0006 | HSHELL_REDRAW                | 0x000D14C8 | vis=n | msrdc              | "RemoteApp"
21:54:02.180 | 0x0006 | HSHELL_REDRAW                | 0x001F0F4A | vis=Y | WindowsTerminal    | "\u25D0 test_bell"
21:54:02.288 | 0x8006 | HSHELL_FLASH                 | 0x000D14C8 | vis=n | msrdc              | "RemoteApp"
21:54:02.823 | 0x0006 | HSHELL_REDRAW                | 0x000D14C8 | vis=n | msrdc              | "RemoteApp"
21:54:03.141 | 0x0006 | HSHELL_REDRAW                | 0x001F0F4A | vis=Y | WindowsTerminal    | "\u25D1 test_bell"
21:54:03.355 | 0x8006 | HSHELL_FLASH                 | 0x000D14C8 | vis=n | msrdc              | "RemoteApp"
21:54:03.886 | 0x0006 | HSHELL_REDRAW                | 0x000D14C8 | vis=n | msrdc              | "RemoteApp"
21:54:04.078 | 0x0002 | HSHELL_WINDOWDESTROYED       | 0x000B1520 | vis=n | Idle               | ""
21:54:04.082 | 0x0002 | HSHELL_WINDOWDESTROYED       | 0x01271290 | vis=n | Idle               | ""
21:54:04.086 | 0x0002 | HSHELL_WINDOWDESTROYED       | 0x004412E8 | vis=n | Idle               | ""
21:54:04.089 | 0x0002 | HSHELL_WINDOWDESTROYED       | 0x002508A4 | vis=n | Idle               | ""
21:54:04.093 | 0x0002 | HSHELL_WINDOWDESTROYED       | 0x004412E8 | vis=n | Idle               | ""
21:54:04.097 | 0x0002 | HSHELL_WINDOWDESTROYED       | 0x000B13A6 | vis=n | Idle               | ""
21:54:04.100 | 0x0035 | HSHELL_UNKNOWN(53)           | 0x002E142E | vis=n | Idle               | ""
21:54:04.103 | 0x0036 | HSHELL_UNKNOWN(54)           | 0x002E142E | vis=n | Idle               | ""
21:54:04.106 | 0x0002 | HSHELL_WINDOWDESTROYED       | 0x000D14C8 | vis=n | Idle               | ""
21:54:04.108 | 0x0002 | HSHELL_WINDOWDESTROYED       | 0x002413F8 | vis=n | Idle               | ""
21:54:04.111 | 0x0002 | HSHELL_WINDOWDESTROYED       | 0x00451320 | vis=n | Idle               | ""
21:54:04.112 | 0x0002 | HSHELL_WINDOWDESTROYED       | 0x325C10F0 | vis=n | Idle               | ""
21:54:04.114 | 0x0002 | HSHELL_WINDOWDESTROYED       | 0x001E14CE | vis=n | Idle               | ""
21:54:04.115 | 0x0002 | HSHELL_WINDOWDESTROYED       | 0x001E14CE | vis=n | Idle               | ""
21:54:04.116 | 0x0002 | HSHELL_WINDOWDESTROYED       | 0x004212FC | vis=n | Idle               | ""
21:54:04.118 | 0x0002 | HSHELL_WINDOWDESTROYED       | 0x000A12F4 | vis=n | Idle               | ""
21:54:04.119 | 0x0002 | HSHELL_WINDOWDESTROYED       | 0x004212FC | vis=n | Idle               | ""
21:54:04.120 | 0x0002 | HSHELL_WINDOWDESTROYED       | 0x000714E0 | vis=n | Idle               | ""
21:54:04.121 | 0x0002 | HSHELL_WINDOWDESTROYED       | 0x000714E0 | vis=n | Idle               | ""
21:54:04.123 | 0x0002 | HSHELL_WINDOWDESTROYED       | 0x00860A82 | vis=n | Idle               | ""
21:54:04.124 | 0x0002 | HSHELL_WINDOWDESTROYED       | 0x000D14C8 | vis=n | Idle               | ""
21:54:04.124 | 0x0006 | HSHELL_REDRAW                | 0x001F0F4A | vis=Y | WindowsTerminal    | "\u25D0 test_bell"
21:54:04.409 | 0x0002 | HSHELL_WINDOWDESTROYED       | 0x000614CC | vis=n | msrdc              | ""
21:54:04.415 | 0x0002 | HSHELL_WINDOWDESTROYED       | 0x000614CC | vis=n | Idle               | ""
21:54:04.425 | 0x0002 | HSHELL_WINDOWDESTROYED       | 0x00341044 | vis=n | Idle               | ""
21:54:04.429 | 0x0002 | HSHELL_WINDOWDESTROYED       | 0x000D14E6 | vis=n | Idle               | ""
21:54:04.432 | 0x0002 | HSHELL_WINDOWDESTROYED       | 0x000D1430 | vis=n | Idle               | ""
21:54:05.063 | 0x0006 | HSHELL_REDRAW                | 0x001F0F4A | vis=Y | WindowsTerminal    | "\u25D1 test_bell"
21:54:06.024 | 0x0006 | HSHELL_REDRAW                | 0x001F0F4A | vis=Y | WindowsTerminal    | "\u25D0 test_bell"
21:54:06.985 | 0x0006 | HSHELL_REDRAW                | 0x001F0F4A | vis=Y | WindowsTerminal    | "\u25D1 test_bell"
21:54:07.946 | 0x0006 | HSHELL_REDRAW                | 0x001F0F4A | vis=Y | WindowsTerminal    | "\u25D0 test_bell"
21:54:08.906 | 0x0006 | HSHELL_REDRAW                | 0x001F0F4A | vis=Y | WindowsTerminal    | "\u25D1 test_bell"
21:54:09.867 | 0x0006 | HSHELL_REDRAW                | 0x001F0F4A | vis=Y | WindowsTerminal    | "\u25D0 test_bell"
21:54:10.827 | 0x0006 | HSHELL_REDRAW                | 0x001F0F4A | vis=Y | WindowsTerminal    | "\u25D1 test_bell"
21:54:11.787 | 0x0006 | HSHELL_REDRAW                | 0x001F0F4A | vis=Y | WindowsTerminal    | "\u25D0 test_bell"
21:54:12.748 | 0x0006 | HSHELL_REDRAW                | 0x001F0F4A | vis=Y | WindowsTerminal    | "\u25D1 test_bell"
21:54:13.709 | 0x0006 | HSHELL_REDRAW                | 0x001F0F4A | vis=Y | WindowsTerminal    | "\u25D0 test_bell"
21:54:14.669 | 0x0006 | HSHELL_REDRAW                | 0x001F0F4A | vis=Y | WindowsTerminal    | "\u25D1 test_bell"
21:54:15.630 | 0x0006 | HSHELL_REDRAW                | 0x001F0F4A | vis=Y | WindowsTerminal    | "\u25D0 test_bell"
21:54:16.591 | 0x0006 | HSHELL_REDRAW                | 0x001F0F4A | vis=Y | WindowsTerminal    | "\u25D1 test_bell"
21:54:17.552 | 0x0006 | HSHELL_REDRAW                | 0x001F0F4A | vis=Y | WindowsTerminal    | "\u25D0 test_bell"
21:54:18.513 | 0x0006 | HSHELL_REDRAW                | 0x001F0F4A | vis=Y | WindowsTerminal    | "\u25D1 test_bell"
21:54:19.473 | 0x0006 | HSHELL_REDRAW                | 0x001F0F4A | vis=Y | WindowsTerminal    | "\u25D0 test_bell"
21:54:20.433 | 0x0006 | HSHELL_REDRAW                | 0x001F0F4A | vis=Y | WindowsTerminal    | "\u25D1 test_bell"
21:54:21.393 | 0x0006 | HSHELL_REDRAW                | 0x001F0F4A | vis=Y | WindowsTerminal    | "\u25D0 test_bell"
21:54:22.354 | 0x0006 | HSHELL_REDRAW                | 0x001F0F4A | vis=Y | WindowsTerminal    | "\u25D1 test_bell"
21:54:23.315 | 0x0006 | HSHELL_REDRAW                | 0x001F0F4A | vis=Y | WindowsTerminal    | "\u25D0 test_bell"
21:54:23.914 | 0x0035 | HSHELL_UNKNOWN(53)           | 0x000509B4 | vis=Y | explorer           | ""
21:54:24.011 | 0x0004 | HSHELL_WINDOWACTIVATED       | 0x00000000 | vis=n | Idle               | ""
21:54:24.145 | 0x0002 | HSHELL_WINDOWDESTROYED       | 0x00101430 | vis=n | explorer           | "Default IME"
21:54:24.150 | 0x0002 | HSHELL_WINDOWDESTROYED       | 0x00101430 | vis=n | Idle               | ""
21:54:24.164 | 0x0010 | HSHELL_MONITORCHANGED        | 0x00071540 | vis=n | chrome             | ""
21:54:24.173 | 0x0002 | HSHELL_WINDOWDESTROYED       | 0x00071540 | vis=n | Idle               | ""
21:54:24.174 | 0x0006 | HSHELL_REDRAW                | 0x00111430 | vis=n | chrome             | ""
21:54:24.174 | 0x0010 | HSHELL_MONITORCHANGED        | 0x00111430 | vis=n | chrome             | ""
21:54:24.187 | 0x0006 | HSHELL_REDRAW                | 0x00111430 | vis=n | chrome             | "Untitled - Google Chrome"
21:54:24.196 | 0x0006 | HSHELL_REDRAW                | 0x00111430 | vis=n | chrome             | "New Tab - Google Chrome"
21:54:24.206 | 0x0001 | HSHELL_WINDOWCREATED         | 0x00111430 | vis=Y | chrome             | "New Tab - Google Chrome"
21:54:24.215 | 0x0004 | HSHELL_WINDOWACTIVATED       | 0x00111430 | vis=Y | chrome             | "New Tab - Google Chrome"
21:54:24.276 | 0x0006 | HSHELL_REDRAW                | 0x001F0F4A | vis=Y | WindowsTerminal    | "\u25D1 test_bell"
21:54:24.546 | 0x0036 | HSHELL_UNKNOWN(54)           | 0x000509B4 | vis=n | explorer           | ""
21:54:25.236 | 0x0006 | HSHELL_REDRAW                | 0x001F0F4A | vis=Y | WindowsTerminal    | "\u25D0 test_bell"
21:54:25.512 | 0x0006 | HSHELL_REDRAW                | 0x00111430 | vis=Y | chrome             | "Google Translate - Google Chrome"
21:54:26.197 | 0x0006 | HSHELL_REDRAW                | 0x001F0F4A | vis=Y | WindowsTerminal    | "\u25D1 test_bell"
21:54:27.157 | 0x0006 | HSHELL_REDRAW                | 0x001F0F4A | vis=Y | WindowsTerminal    | "\u25D0 test_bell"
21:54:28.118 | 0x0006 | HSHELL_REDRAW                | 0x001F0F4A | vis=Y | WindowsTerminal    | "\u25D1 test_bell"
21:54:29.078 | 0x0006 | HSHELL_REDRAW                | 0x001F0F4A | vis=Y | WindowsTerminal    | "\u25D0 test_bell"
21:54:30.040 | 0x0006 | HSHELL_REDRAW                | 0x001F0F4A | vis=Y | WindowsTerminal    | "\u25D1 test_bell"
21:54:30.293 | 0x0006 | HSHELL_REDRAW                | 0x002314A4 | vis=n | WindowsTerminal    | "Windows Terminal"
21:54:30.293 | 0x0010 | HSHELL_MONITORCHANGED        | 0x002314A4 | vis=n | WindowsTerminal    | "Windows Terminal"
21:54:30.314 | 0x0001 | HSHELL_WINDOWCREATED         | 0x002314A4 | vis=Y | WindowsTerminal    | "Windows Terminal"
21:54:30.315 | 0x0004 | HSHELL_WINDOWACTIVATED       | 0x002314A4 | vis=Y | WindowsTerminal    | "Windows Terminal"
21:54:30.318 | 0x0006 | HSHELL_REDRAW                | 0x002314A4 | vis=Y | WindowsTerminal    | "Terminal"
21:54:30.355 | 0x0006 | HSHELL_REDRAW                | 0x000514F0 | vis=n | WindowsTerminal    | "Windows Terminal"
21:54:30.356 | 0x0010 | HSHELL_MONITORCHANGED        | 0x000514F0 | vis=n | WindowsTerminal    | "Windows Terminal"
21:54:30.373 | 0x0001 | HSHELL_WINDOWCREATED         | 0x000514F0 | vis=Y | WindowsTerminal    | "Windows Terminal"
21:54:30.373 | 0x0004 | HSHELL_WINDOWACTIVATED       | 0x000514F0 | vis=Y | WindowsTerminal    | "Windows Terminal"
21:54:30.376 | 0x0006 | HSHELL_REDRAW                | 0x002314A4 | vis=Y | WindowsTerminal    | "C:\\WINDOWS\\system32\\wsl.exe"
21:54:30.382 | 0x0006 | HSHELL_REDRAW                | 0x000514F0 | vis=Y | WindowsTerminal    | "Terminal"
21:54:30.421 | 0x0006 | HSHELL_REDRAW                | 0x000514F0 | vis=Y | WindowsTerminal    | "C:\\WINDOWS\\System32\\WindowsPowerShell\\v1.0\\powershell.exe"
21:54:30.437 | 0x0006 | HSHELL_REDRAW                | 0x000514F0 | vis=Y | WindowsTerminal    | "Windows PowerShell"
21:54:30.449 | 0x0004 | HSHELL_WINDOWACTIVATED       | 0x002314A4 | vis=Y | WindowsTerminal    | "C:\\WINDOWS\\system32\\wsl.exe"
21:54:30.460 | 0x0004 | HSHELL_WINDOWACTIVATED       | 0x000514F0 | vis=Y | WindowsTerminal    | "Windows PowerShell"
21:54:30.507 | 0x0010 | HSHELL_MONITORCHANGED        | 0x00260284 | vis=n | conhost            | "C:\\Program Files\\WSL\\wslhost.exe"
21:54:30.508 | 0x0006 | HSHELL_REDRAW                | 0x00260284 | vis=n | conhost            | "C:\\Program Files\\WSL\\wslhost.exe"
21:54:30.509 | 0x0006 | HSHELL_REDRAW                | 0x00260284 | vis=n | conhost            | "C:\\Program Files\\WSL\\wslhost.exe"
21:54:30.539 | 0x0002 | HSHELL_WINDOWDESTROYED       | 0x000514F0 | vis=n | WindowsTerminal    | "Windows PowerShell"
21:54:30.545 | 0x0004 | HSHELL_WINDOWACTIVATED       | 0x002314A4 | vis=Y | WindowsTerminal    | "C:\\WINDOWS\\system32\\wsl.exe"
21:54:30.578 | 0x0010 | HSHELL_MONITORCHANGED        | 0x000614F0 | vis=n | conhost            | "C:\\Program Files\\WSL\\wslhost.exe"
21:54:30.579 | 0x0006 | HSHELL_REDRAW                | 0x000614F0 | vis=n | conhost            | "C:\\Program Files\\WSL\\wslhost.exe"
21:54:30.580 | 0x0006 | HSHELL_REDRAW                | 0x000614F0 | vis=n | conhost            | "C:\\Program Files\\WSL\\wslhost.exe"
21:54:31.622 | 0x0010 | HSHELL_MONITORCHANGED        | 0x002E14B8 | vis=n | conhost            | "C:\\Program Files\\WSL\\wslhost.exe"
21:54:31.624 | 0x0006 | HSHELL_REDRAW                | 0x002E14B8 | vis=n | conhost            | "C:\\Program Files\\WSL\\wslhost.exe"
21:54:31.624 | 0x0006 | HSHELL_REDRAW                | 0x002E14B8 | vis=n | conhost            | "C:\\Program Files\\WSL\\wslhost.exe"
21:54:32.119 | 0x0004 | HSHELL_WINDOWACTIVATED       | 0x00111430 | vis=Y | chrome             | "Google Translate - Google Chrome"
21:54:32.177 | 0x0002 | HSHELL_WINDOWDESTROYED       | 0x002E14B8 | vis=n | Idle               | ""
21:54:32.215 | 0x0002 | HSHELL_WINDOWDESTROYED       | 0x002314A4 | vis=n | WindowsTerminal    | "C:\\WINDOWS\\system32\\wsl.exe"
21:54:32.220 | 0x0002 | HSHELL_WINDOWDESTROYED       | 0x002314A4 | vis=n | Idle               | ""
21:54:32.279 | 0x0002 | HSHELL_WINDOWDESTROYED       | 0x00111430 | vis=n | chrome             | "Google Translate - Google Chrome"
21:54:32.295 | 0x0002 | HSHELL_WINDOWDESTROYED       | 0x00111430 | vis=n | chrome             | "Google Translate - Google Chrome"
21:54:32.303 | 0x0004 | HSHELL_WINDOWACTIVATED       | 0x00060A04 | vis=Y | vlc                | "Shaun.Of.The.Dead.2004.1080p.BluRay.DTS.x264-CtrlHD.mkv - VLC media player"
21:54:32.309 | 0x0002 | HSHELL_WINDOWDESTROYED       | 0x00111430 | vis=n | Idle               | ""
21:54:35.745 | 0x0004 | HSHELL_WINDOWACTIVATED       | 0x00000000 | vis=n | Idle               | ""
21:54:35.855 | 0x0002 | HSHELL_WINDOWDESTROYED       | 0x000614FE | vis=n | explorer           | "Default IME"
21:54:35.860 | 0x0002 | HSHELL_WINDOWDESTROYED       | 0x000614FE | vis=n | Idle               | ""
21:54:35.874 | 0x0010 | HSHELL_MONITORCHANGED        | 0x00131430 | vis=n | chrome             | ""
21:54:35.884 | 0x0002 | HSHELL_WINDOWDESTROYED       | 0x00131430 | vis=n | Idle               | ""
21:54:35.884 | 0x0006 | HSHELL_REDRAW                | 0x000714FE | vis=n | chrome             | ""
21:54:35.885 | 0x0010 | HSHELL_MONITORCHANGED        | 0x000714FE | vis=n | chrome             | ""
21:54:35.899 | 0x0006 | HSHELL_REDRAW                | 0x000714FE | vis=n | chrome             | "Untitled - Google Chrome"
21:54:35.907 | 0x0006 | HSHELL_REDRAW                | 0x000714FE | vis=n | chrome             | "New Tab - Google Chrome"
21:54:35.918 | 0x0001 | HSHELL_WINDOWCREATED         | 0x000714FE | vis=Y | chrome             | "New Tab - Google Chrome"
21:54:35.928 | 0x0004 | HSHELL_WINDOWACTIVATED       | 0x000714FE | vis=Y | chrome             | "New Tab - Google Chrome"
21:54:37.211 | 0x0006 | HSHELL_REDRAW                | 0x000714FE | vis=Y | chrome             | "Google Translate - Google Chrome"
21:54:46.454 | 0x0002 | HSHELL_WINDOWDESTROYED       | 0x000714FE | vis=n | chrome             | "Google Translate - Google Chrome"
21:54:46.472 | 0x0002 | HSHELL_WINDOWDESTROYED       | 0x000714FE | vis=n | chrome             | "Google Translate - Google Chrome"
21:54:46.481 | 0x0002 | HSHELL_WINDOWDESTROYED       | 0x000714FE | vis=n | Idle               | ""
21:54:46.486 | 0x0004 | HSHELL_WINDOWACTIVATED       | 0x00000000 | vis=n | Idle               | ""
21:54:46.979 | 0x0004 | HSHELL_WINDOWACTIVATED       | 0x00060A04 | vis=Y | vlc                | "Shaun.Of.The.Dead.2004.1080p.BluRay.DTS.x264-CtrlHD.mkv - VLC media player"
21:54:47.594 | 0x0002 | HSHELL_WINDOWDESTROYED       | 0x000614F0 | vis=n | Idle               | ""
21:54:47.597 | 0x0002 | HSHELL_WINDOWDESTROYED       | 0x00260284 | vis=n | Idle               | ""
21:55:01.944 | 0x0010 | HSHELL_MONITORCHANGED        | 0x00331472 | vis=n | taskhostw          | "Task Host Window"
21:55:01.996 | 0x0002 | HSHELL_WINDOWDESTROYED       | 0x00331472 | vis=n | taskhostw          | "Task Host Window"
21:55:02.000 | 0x0002 | HSHELL_WINDOWDESTROYED       | 0x00331472 | vis=n | Idle               | ""
21:55:09.097 | 0x0006 | HSHELL_REDRAW                | 0x002E0284 | vis=n | WindowsTerminal    | "Windows Terminal"
21:55:09.098 | 0x0010 | HSHELL_MONITORCHANGED        | 0x002E0284 | vis=n | WindowsTerminal    | "Windows Terminal"
21:55:09.117 | 0x0001 | HSHELL_WINDOWCREATED         | 0x002E0284 | vis=Y | WindowsTerminal    | "Windows Terminal"
21:55:09.117 | 0x0004 | HSHELL_WINDOWACTIVATED       | 0x002E0284 | vis=Y | WindowsTerminal    | "Windows Terminal"
21:55:09.120 | 0x0006 | HSHELL_REDRAW                | 0x002E0284 | vis=Y | WindowsTerminal    | "Terminal"
21:55:09.158 | 0x0006 | HSHELL_REDRAW                | 0x00151430 | vis=n | WindowsTerminal    | "Windows Terminal"
21:55:09.159 | 0x0010 | HSHELL_MONITORCHANGED        | 0x00151430 | vis=n | WindowsTerminal    | "Windows Terminal"
21:55:09.174 | 0x0001 | HSHELL_WINDOWCREATED         | 0x00151430 | vis=Y | WindowsTerminal    | "Windows Terminal"
21:55:09.175 | 0x0004 | HSHELL_WINDOWACTIVATED       | 0x00151430 | vis=Y | WindowsTerminal    | "Windows Terminal"
21:55:09.177 | 0x0006 | HSHELL_REDRAW                | 0x002E0284 | vis=Y | WindowsTerminal    | "C:\\WINDOWS\\system32\\wsl.exe"
21:55:09.183 | 0x0006 | HSHELL_REDRAW                | 0x00151430 | vis=Y | WindowsTerminal    | "Terminal"
21:55:09.226 | 0x0006 | HSHELL_REDRAW                | 0x00151430 | vis=Y | WindowsTerminal    | "C:\\WINDOWS\\System32\\WindowsPowerShell\\v1.0\\powershell.exe"
21:55:09.241 | 0x0006 | HSHELL_REDRAW                | 0x00151430 | vis=Y | WindowsTerminal    | "Windows PowerShell"
21:55:09.252 | 0x0004 | HSHELL_WINDOWACTIVATED       | 0x002E0284 | vis=Y | WindowsTerminal    | "C:\\WINDOWS\\system32\\wsl.exe"
21:55:09.264 | 0x0004 | HSHELL_WINDOWACTIVATED       | 0x00151430 | vis=Y | WindowsTerminal    | "Windows PowerShell"
21:55:09.301 | 0x0010 | HSHELL_MONITORCHANGED        | 0x000A14F2 | vis=n | conhost            | "C:\\Program Files\\WSL\\wslhost.exe"
21:55:09.302 | 0x0006 | HSHELL_REDRAW                | 0x000A14F2 | vis=n | conhost            | "C:\\Program Files\\WSL\\wslhost.exe"
21:55:09.303 | 0x0006 | HSHELL_REDRAW                | 0x000A14F2 | vis=n | conhost            | "C:\\Program Files\\WSL\\wslhost.exe"
21:55:09.349 | 0x0010 | HSHELL_MONITORCHANGED        | 0x002F14B8 | vis=n | msrdc              | ""
21:55:09.351 | 0x0010 | HSHELL_MONITORCHANGED        | 0x000C133A | vis=n | msrdc              | ""
21:55:09.373 | 0x0010 | HSHELL_MONITORCHANGED        | 0x001A12FA | vis=n | conhost            | "C:\\Program Files\\WSL\\wslhost.exe"
21:55:09.375 | 0x0010 | HSHELL_MONITORCHANGED        | 0x00351044 | vis=n | msrdc              | "Remote Desktop"
21:55:09.375 | 0x0006 | HSHELL_REDRAW                | 0x001A12FA | vis=n | conhost            | "C:\\Program Files\\WSL\\wslhost.exe"
21:55:09.376 | 0x0006 | HSHELL_REDRAW                | 0x001A12FA | vis=n | conhost            | "C:\\Program Files\\WSL\\wslhost.exe"
21:55:09.377 | 0x0006 | HSHELL_REDRAW                | 0x00351044 | vis=n | msrdc              | "Remote Desktop"
21:55:09.378 | 0x0006 | HSHELL_REDRAW                | 0x00351044 | vis=n | msrdc              | "Remote Desktop"
21:55:09.416 | 0x8006 | HSHELL_FLASH                 | 0x00351044 | vis=n | msrdc              | "Remote Desktop"
21:55:09.416 | 0x0006 | HSHELL_REDRAW                | 0x00351044 | vis=n | msrdc              | "RemoteApp"
21:55:09.428 | 0x0010 | HSHELL_MONITORCHANGED        | 0x00041542 | vis=n | msrdc              | ""
21:55:09.431 | 0x0010 | HSHELL_MONITORCHANGED        | 0x000814E0 | vis=n | msrdc              | ""
21:55:09.432 | 0x0010 | HSHELL_MONITORCHANGED        | 0x00460EE4 | vis=n | msrdc              | "DummyWindow"
21:55:09.433 | 0x0002 | HSHELL_WINDOWDESTROYED       | 0x00460EE4 | vis=n | msrdc              | "DummyWindow"
21:55:09.438 | 0x0010 | HSHELL_MONITORCHANGED        | 0x00470EE4 | vis=n | msrdc              | ""
21:55:09.449 | 0x0010 | HSHELL_MONITORCHANGED        | 0x4A1F0260 | vis=n | msrdc              | ""
21:55:09.451 | 0x0006 | HSHELL_REDRAW                | 0x00151430 | vis=Y | WindowsTerminal    | "CLAUDE-BELL"
21:55:09.453 | 0x0010 | HSHELL_MONITORCHANGED        | 0x007C1030 | vis=n | msrdc              | ""
21:55:09.461 | 0x0006 | HSHELL_REDRAW                | 0x00351044 | vis=n | msrdc              | "RemoteApp"
21:55:09.463 | 0x0010 | HSHELL_MONITORCHANGED        | 0x00070D0A | vis=n | msrdc              | ""
21:55:09.745 | 0x0006 | HSHELL_REDRAW                | 0x00151430 | vis=Y | WindowsTerminal    | "claude"
21:55:09.992 | 0x8006 | HSHELL_FLASH                 | 0x00351044 | vis=n | msrdc              | "RemoteApp"
21:55:10.099 | 0x0006 | HSHELL_REDRAW                | 0x00151430 | vis=Y | WindowsTerminal    | "\u2733 Claude Code"
21:55:10.256 | 0x0004 | HSHELL_WINDOWACTIVATED       | 0x00060A04 | vis=Y | vlc                | "Shaun.Of.The.Dead.2004.1080p.BluRay.DTS.x264-CtrlHD.mkv - VLC media player"
21:55:10.333 | 0x0006 | HSHELL_REDRAW                | 0x00151430 | vis=Y | WindowsTerminal    | "\u25D0 Claude Code"
21:55:10.528 | 0x0006 | HSHELL_REDRAW                | 0x00351044 | vis=n | msrdc              | "RemoteApp"
21:55:10.760 | 0x0010 | HSHELL_MONITORCHANGED        | 0x006C0F4C | vis=n | conhost            | "C:\\Program Files\\WSL\\wslhost.exe"
21:55:10.761 | 0x0006 | HSHELL_REDRAW                | 0x006C0F4C | vis=n | conhost            | "C:\\Program Files\\WSL\\wslhost.exe"
21:55:10.762 | 0x0006 | HSHELL_REDRAW                | 0x006C0F4C | vis=n | conhost            | "C:\\Program Files\\WSL\\wslhost.exe"
21:55:11.010 | 0x0006 | HSHELL_REDRAW                | 0x002E0284 | vis=Y | WindowsTerminal    | "BELL-HIDDEN"
21:55:11.058 | 0x8006 | HSHELL_FLASH                 | 0x00351044 | vis=n | msrdc              | "RemoteApp"
21:55:11.107 | 0x0006 | HSHELL_REDRAW                | 0x00151430 | vis=Y | WindowsTerminal    | "\u25D0 Respond with pong"
21:55:11.588 | 0x0006 | HSHELL_REDRAW                | 0x00351044 | vis=n | msrdc              | "RemoteApp"
21:55:11.743 | 0x0006 | HSHELL_REDRAW                | 0x00151430 | vis=Y | WindowsTerminal    | "\u2733 Respond with pong"
21:55:12.120 | 0x8006 | HSHELL_FLASH                 | 0x00351044 | vis=n | msrdc              | "RemoteApp"
21:55:12.646 | 0x0006 | HSHELL_REDRAW                | 0x00351044 | vis=n | msrdc              | "RemoteApp"
21:55:13.178 | 0x8006 | HSHELL_FLASH                 | 0x00351044 | vis=n | msrdc              | "RemoteApp"
21:55:13.710 | 0x0006 | HSHELL_REDRAW                | 0x00351044 | vis=n | msrdc              | "RemoteApp"
21:55:14.240 | 0x8006 | HSHELL_FLASH                 | 0x00351044 | vis=n | msrdc              | "RemoteApp"
21:55:14.780 | 0x0006 | HSHELL_REDRAW                | 0x00351044 | vis=n | msrdc              | "RemoteApp"
21:55:15.310 | 0x8006 | HSHELL_FLASH                 | 0x00351044 | vis=n | msrdc              | "RemoteApp"
21:55:15.839 | 0x0006 | HSHELL_REDRAW                | 0x00351044 | vis=n | msrdc              | "RemoteApp"
21:55:16.365 | 0x8006 | HSHELL_FLASH                 | 0x00351044 | vis=n | msrdc              | "RemoteApp"
21:55:16.896 | 0x0006 | HSHELL_REDRAW                | 0x00351044 | vis=n | msrdc              | "RemoteApp"
21:55:17.429 | 0x8006 | HSHELL_FLASH                 | 0x00351044 | vis=n | msrdc              | "RemoteApp"
21:55:17.964 | 0x0006 | HSHELL_REDRAW                | 0x00351044 | vis=n | msrdc              | "RemoteApp"
21:55:18.492 | 0x8006 | HSHELL_FLASH                 | 0x00351044 | vis=n | msrdc              | "RemoteApp"
21:55:19.032 | 0x0006 | HSHELL_REDRAW                | 0x00351044 | vis=n | msrdc              | "RemoteApp"
21:55:19.551 | 0x8006 | HSHELL_FLASH                 | 0x00351044 | vis=n | msrdc              | "RemoteApp"
21:55:20.083 | 0x0006 | HSHELL_REDRAW                | 0x00351044 | vis=n | msrdc              | "RemoteApp"
21:55:20.615 | 0x8006 | HSHELL_FLASH                 | 0x00351044 | vis=n | msrdc              | "RemoteApp"
21:55:21.150 | 0x0006 | HSHELL_REDRAW                | 0x00351044 | vis=n | msrdc              | "RemoteApp"
21:55:21.684 | 0x8006 | HSHELL_FLASH                 | 0x00351044 | vis=n | msrdc              | "RemoteApp"
21:55:22.217 | 0x0006 | HSHELL_REDRAW                | 0x00351044 | vis=n | msrdc              | "RemoteApp"
21:55:22.744 | 0x8006 | HSHELL_FLASH                 | 0x00351044 | vis=n | msrdc              | "RemoteApp"
21:55:23.276 | 0x0006 | HSHELL_REDRAW                | 0x00351044 | vis=n | msrdc              | "RemoteApp"
21:55:23.803 | 0x8006 | HSHELL_FLASH                 | 0x00351044 | vis=n | msrdc              | "RemoteApp"
21:55:24.334 | 0x0006 | HSHELL_REDRAW                | 0x00351044 | vis=n | msrdc              | "RemoteApp"
21:55:24.864 | 0x8006 | HSHELL_FLASH                 | 0x00351044 | vis=n | msrdc              | "RemoteApp"
21:55:25.397 | 0x0006 | HSHELL_REDRAW                | 0x00351044 | vis=n | msrdc              | "RemoteApp"
21:55:25.926 | 0x8006 | HSHELL_FLASH                 | 0x00351044 | vis=n | msrdc              | "RemoteApp"
21:55:26.470 | 0x0006 | HSHELL_REDRAW                | 0x00351044 | vis=n | msrdc              | "RemoteApp"
21:55:27.001 | 0x8006 | HSHELL_FLASH                 | 0x00351044 | vis=n | msrdc              | "RemoteApp"
21:55:27.520 | 0x0006 | HSHELL_REDRAW                | 0x00351044 | vis=n | msrdc              | "RemoteApp"
21:55:28.054 | 0x8006 | HSHELL_FLASH                 | 0x00351044 | vis=n | msrdc              | "RemoteApp"
21:55:28.587 | 0x0006 | HSHELL_REDRAW                | 0x00351044 | vis=n | msrdc              | "RemoteApp"
21:55:29.121 | 0x8006 | HSHELL_FLASH                 | 0x00351044 | vis=n | msrdc              | "RemoteApp"
21:55:29.655 | 0x0006 | HSHELL_REDRAW                | 0x00351044 | vis=n | msrdc              | "RemoteApp"
21:55:30.189 | 0x8006 | HSHELL_FLASH                 | 0x00351044 | vis=n | msrdc              | "RemoteApp"
21:55:30.709 | 0x0006 | HSHELL_REDRAW                | 0x00351044 | vis=n | msrdc              | "RemoteApp"
21:55:31.239 | 0x8006 | HSHELL_FLASH                 | 0x00351044 | vis=n | msrdc              | "RemoteApp"
21:55:31.773 | 0x0006 | HSHELL_REDRAW                | 0x00351044 | vis=n | msrdc              | "RemoteApp"
21:55:32.306 | 0x8006 | HSHELL_FLASH                 | 0x00351044 | vis=n | msrdc              | "RemoteApp"
21:55:32.839 | 0x0006 | HSHELL_REDRAW                | 0x00351044 | vis=n | msrdc              | "RemoteApp"
21:55:33.363 | 0x8006 | HSHELL_FLASH                 | 0x00351044 | vis=n | msrdc              | "RemoteApp"
21:55:33.900 | 0x0006 | HSHELL_REDRAW                | 0x00351044 | vis=n | msrdc              | "RemoteApp"
21:55:34.428 | 0x8006 | HSHELL_FLASH                 | 0x00351044 | vis=n | msrdc              | "RemoteApp"
21:55:34.700 | 0x0005 | HSHELL_GETMINRECT            | 0xEC17D7E380 | vis=n | Idle               | ""
21:55:34.958 | 0x0006 | HSHELL_REDRAW                | 0x00351044 | vis=n | msrdc              | "RemoteApp"
21:55:35.030 | 0x0005 | HSHELL_GETMINRECT            | 0xEC17D7E380 | vis=n | Idle               | ""
21:55:35.050 | 0x0010 | HSHELL_MONITORCHANGED        | 0x005012E8 | vis=n | conhost            | "C:\\projects\\HydraWin\\spikes\\HideShow\\bin\\Debug\\net10.0-windows\\hideshow.exe"
21:55:35.051 | 0x0006 | HSHELL_REDRAW                | 0x005012E8 | vis=n | conhost            | "C:\\projects\\HydraWin\\spikes\\HideShow\\bin\\Debug\\net10.0-windows\\hideshow.exe"
21:55:35.052 | 0x0006 | HSHELL_REDRAW                | 0x005012E8 | vis=n | conhost            | "C:\\projects\\HydraWin\\spikes\\HideShow\\bin\\Debug\\net10.0-windows\\hideshow.exe"
21:55:35.147 | 0x0002 | HSHELL_WINDOWDESTROYED       | 0x002E0284 | vis=n | WindowsTerminal    | "BELL-HIDDEN"
21:55:35.492 | 0x8006 | HSHELL_FLASH                 | 0x00351044 | vis=n | msrdc              | "RemoteApp"
21:55:36.024 | 0x0006 | HSHELL_REDRAW                | 0x00351044 | vis=n | msrdc              | "RemoteApp"
21:55:36.556 | 0x8006 | HSHELL_FLASH                 | 0x00351044 | vis=n | msrdc              | "RemoteApp"
21:55:37.084 | 0x0006 | HSHELL_REDRAW                | 0x00351044 | vis=n | msrdc              | "RemoteApp"
21:55:37.614 | 0x8006 | HSHELL_FLASH                 | 0x00351044 | vis=n | msrdc              | "RemoteApp"
21:55:37.646 | 0x8006 | HSHELL_FLASH                 | 0x002E0284 | vis=n | WindowsTerminal    | "BELL-HIDDEN"
21:55:38.157 | 0x0006 | HSHELL_REDRAW                | 0x00351044 | vis=n | msrdc              | "RemoteApp"
21:55:38.688 | 0x8006 | HSHELL_FLASH                 | 0x00351044 | vis=n | msrdc              | "RemoteApp"
21:55:39.207 | 0x0006 | HSHELL_REDRAW                | 0x00351044 | vis=n | msrdc              | "RemoteApp"
21:55:39.744 | 0x8006 | HSHELL_FLASH                 | 0x00351044 | vis=n | msrdc              | "RemoteApp"
21:55:40.278 | 0x0006 | HSHELL_REDRAW                | 0x00351044 | vis=n | msrdc              | "RemoteApp"
21:55:40.656 | 0x8006 | HSHELL_FLASH                 | 0x002E0284 | vis=n | WindowsTerminal    | "BELL-HIDDEN"
21:55:40.804 | 0x8006 | HSHELL_FLASH                 | 0x00351044 | vis=n | msrdc              | "RemoteApp"
21:55:41.341 | 0x0006 | HSHELL_REDRAW                | 0x00351044 | vis=n | msrdc              | "RemoteApp"
21:55:41.870 | 0x8006 | HSHELL_FLASH                 | 0x00351044 | vis=n | msrdc              | "RemoteApp"
21:55:42.396 | 0x0006 | HSHELL_REDRAW                | 0x00351044 | vis=n | msrdc              | "RemoteApp"
21:55:42.929 | 0x8006 | HSHELL_FLASH                 | 0x00351044 | vis=n | msrdc              | "RemoteApp"
21:55:43.463 | 0x0006 | HSHELL_REDRAW                | 0x00351044 | vis=n | msrdc              | "RemoteApp"
21:55:43.646 | 0x8006 | HSHELL_FLASH                 | 0x002E0284 | vis=n | WindowsTerminal    | "BELL-HIDDEN"
21:55:43.996 | 0x8006 | HSHELL_FLASH                 | 0x00351044 | vis=n | msrdc              | "RemoteApp"
21:55:44.524 | 0x0006 | HSHELL_REDRAW                | 0x00351044 | vis=n | msrdc              | "RemoteApp"
21:55:45.057 | 0x8006 | HSHELL_FLASH                 | 0x00351044 | vis=n | msrdc              | "RemoteApp"
21:55:45.585 | 0x0006 | HSHELL_REDRAW                | 0x00351044 | vis=n | msrdc              | "RemoteApp"
21:55:46.114 | 0x8006 | HSHELL_FLASH                 | 0x00351044 | vis=n | msrdc              | "RemoteApp"
21:55:46.646 | 0x0006 | HSHELL_REDRAW                | 0x00351044 | vis=n | msrdc              | "RemoteApp"
21:55:46.646 | 0x8006 | HSHELL_FLASH                 | 0x002E0284 | vis=n | WindowsTerminal    | "BELL-HIDDEN"
21:55:47.175 | 0x8006 | HSHELL_FLASH                 | 0x00351044 | vis=n | msrdc              | "RemoteApp"
21:55:47.715 | 0x0006 | HSHELL_REDRAW                | 0x00351044 | vis=n | msrdc              | "RemoteApp"
21:55:48.244 | 0x8006 | HSHELL_FLASH                 | 0x00351044 | vis=n | msrdc              | "RemoteApp"
21:55:48.778 | 0x0006 | HSHELL_REDRAW                | 0x00351044 | vis=n | msrdc              | "RemoteApp"
21:55:49.309 | 0x8006 | HSHELL_FLASH                 | 0x00351044 | vis=n | msrdc              | "RemoteApp"
21:55:49.650 | 0x8006 | HSHELL_FLASH                 | 0x002E0284 | vis=n | WindowsTerminal    | "BELL-HIDDEN"
21:55:49.833 | 0x0006 | HSHELL_REDRAW                | 0x00351044 | vis=n | msrdc              | "RemoteApp"
21:55:50.367 | 0x8006 | HSHELL_FLASH                 | 0x00351044 | vis=n | msrdc              | "RemoteApp"
21:55:50.900 | 0x0006 | HSHELL_REDRAW                | 0x00351044 | vis=n | msrdc              | "RemoteApp"
21:55:51.431 | 0x8006 | HSHELL_FLASH                 | 0x00351044 | vis=n | msrdc              | "RemoteApp"
21:55:51.962 | 0x0006 | HSHELL_REDRAW                | 0x00351044 | vis=n | msrdc              | "RemoteApp"
21:55:52.490 | 0x8006 | HSHELL_FLASH                 | 0x00351044 | vis=n | msrdc              | "RemoteApp"
21:55:52.662 | 0x8006 | HSHELL_FLASH                 | 0x002E0284 | vis=n | WindowsTerminal    | "BELL-HIDDEN"
21:55:53.020 | 0x0006 | HSHELL_REDRAW                | 0x00351044 | vis=n | msrdc              | "RemoteApp"
21:55:53.552 | 0x8006 | HSHELL_FLASH                 | 0x00351044 | vis=n | msrdc              | "RemoteApp"
21:55:54.086 | 0x0006 | HSHELL_REDRAW                | 0x00351044 | vis=n | msrdc              | "RemoteApp"
21:55:54.619 | 0x8006 | HSHELL_FLASH                 | 0x00351044 | vis=n | msrdc              | "RemoteApp"
21:55:55.151 | 0x0006 | HSHELL_REDRAW                | 0x00351044 | vis=n | msrdc              | "RemoteApp"
21:55:55.222 | 0x0004 | HSHELL_WINDOWACTIVATED       | 0x001F0F4A | vis=Y | WindowsTerminal    | "\u25D1 test_bell"
21:55:55.663 | 0x8006 | HSHELL_FLASH                 | 0x002E0284 | vis=n | WindowsTerminal    | "BELL-HIDDEN"
21:55:55.679 | 0x8006 | HSHELL_FLASH                 | 0x00351044 | vis=n | msrdc              | "RemoteApp"
21:55:56.213 | 0x0006 | HSHELL_REDRAW                | 0x00351044 | vis=n | msrdc              | "RemoteApp"
21:55:56.225 | 0x0006 | HSHELL_REDRAW                | 0x001F0F4A | vis=Y | WindowsTerminal    | "\u25D0 test_bell"
21:55:56.745 | 0x8006 | HSHELL_FLASH                 | 0x00351044 | vis=n | msrdc              | "RemoteApp"
21:55:57.186 | 0x0006 | HSHELL_REDRAW                | 0x001F0F4A | vis=Y | WindowsTerminal    | "\u25D1 test_bell"
21:55:57.271 | 0x0006 | HSHELL_REDRAW                | 0x00351044 | vis=n | msrdc              | "RemoteApp"
21:55:57.803 | 0x8006 | HSHELL_FLASH                 | 0x00351044 | vis=n | msrdc              | "RemoteApp"
21:55:58.147 | 0x0006 | HSHELL_REDRAW                | 0x001F0F4A | vis=Y | WindowsTerminal    | "\u25D0 test_bell"
21:55:58.334 | 0x0006 | HSHELL_REDRAW                | 0x00351044 | vis=n | msrdc              | "RemoteApp"
21:55:58.672 | 0x8006 | HSHELL_FLASH                 | 0x002E0284 | vis=n | WindowsTerminal    | "BELL-HIDDEN"
21:55:58.863 | 0x8006 | HSHELL_FLASH                 | 0x00351044 | vis=n | msrdc              | "RemoteApp"
21:55:59.109 | 0x0006 | HSHELL_REDRAW                | 0x001F0F4A | vis=Y | WindowsTerminal    | "\u25D1 test_bell"
21:55:59.398 | 0x0006 | HSHELL_REDRAW                | 0x00351044 | vis=n | msrdc              | "RemoteApp"
21:55:59.930 | 0x8006 | HSHELL_FLASH                 | 0x00351044 | vis=n | msrdc              | "RemoteApp"
21:56:00.070 | 0x0006 | HSHELL_REDRAW                | 0x001F0F4A | vis=Y | WindowsTerminal    | "\u25D0 test_bell"
21:56:00.464 | 0x0006 | HSHELL_REDRAW                | 0x00351044 | vis=n | msrdc              | "RemoteApp"
21:56:00.990 | 0x8006 | HSHELL_FLASH                 | 0x00351044 | vis=n | msrdc              | "RemoteApp"
21:56:01.031 | 0x0006 | HSHELL_REDRAW                | 0x001F0F4A | vis=Y | WindowsTerminal    | "\u25D1 test_bell"
21:56:01.523 | 0x0006 | HSHELL_REDRAW                | 0x00351044 | vis=n | msrdc              | "RemoteApp"
21:56:01.991 | 0x0006 | HSHELL_REDRAW                | 0x001F0F4A | vis=Y | WindowsTerminal    | "\u25D0 test_bell"
21:56:02.057 | 0x8006 | HSHELL_FLASH                 | 0x00351044 | vis=n | msrdc              | "RemoteApp"
21:56:02.591 | 0x0006 | HSHELL_REDRAW                | 0x00351044 | vis=n | msrdc              | "RemoteApp"
21:56:02.952 | 0x0006 | HSHELL_REDRAW                | 0x001F0F4A | vis=Y | WindowsTerminal    | "\u25D1 test_bell"
21:56:03.123 | 0x8006 | HSHELL_FLASH                 | 0x00351044 | vis=n | msrdc              | "RemoteApp"
21:56:03.655 | 0x0006 | HSHELL_REDRAW                | 0x00351044 | vis=n | msrdc              | "RemoteApp"
21:56:03.913 | 0x0006 | HSHELL_REDRAW                | 0x001F0F4A | vis=Y | WindowsTerminal    | "\u25D0 test_bell"
21:56:04.187 | 0x8006 | HSHELL_FLASH                 | 0x00351044 | vis=n | msrdc              | "RemoteApp"
21:56:04.708 | 0x0006 | HSHELL_REDRAW                | 0x00351044 | vis=n | msrdc              | "RemoteApp"
21:56:04.874 | 0x0006 | HSHELL_REDRAW                | 0x001F0F4A | vis=Y | WindowsTerminal    | "\u25D1 test_bell"
21:56:05.242 | 0x8006 | HSHELL_FLASH                 | 0x00351044 | vis=n | msrdc              | "RemoteApp"
21:56:05.775 | 0x0006 | HSHELL_REDRAW                | 0x00351044 | vis=n | msrdc              | "RemoteApp"
21:56:05.835 | 0x0006 | HSHELL_REDRAW                | 0x001F0F4A | vis=Y | WindowsTerminal    | "\u25D0 test_bell"
21:56:06.309 | 0x8006 | HSHELL_FLASH                 | 0x00351044 | vis=n | msrdc              | "RemoteApp"
21:56:06.795 | 0x0006 | HSHELL_REDRAW                | 0x001F0F4A | vis=Y | WindowsTerminal    | "\u25D1 test_bell"
21:56:06.843 | 0x0006 | HSHELL_REDRAW                | 0x00351044 | vis=n | msrdc              | "RemoteApp"
21:56:07.374 | 0x8006 | HSHELL_FLASH                 | 0x00351044 | vis=n | msrdc              | "RemoteApp"
21:56:07.756 | 0x0006 | HSHELL_REDRAW                | 0x001F0F4A | vis=Y | WindowsTerminal    | "\u25D0 test_bell"
21:56:07.901 | 0x0006 | HSHELL_REDRAW                | 0x00351044 | vis=n | msrdc              | "RemoteApp"
21:56:08.427 | 0x8006 | HSHELL_FLASH                 | 0x00351044 | vis=n | msrdc              | "RemoteApp"
21:56:08.718 | 0x0006 | HSHELL_REDRAW                | 0x001F0F4A | vis=Y | WindowsTerminal    | "\u25D1 test_bell"
21:56:08.961 | 0x0006 | HSHELL_REDRAW                | 0x00351044 | vis=n | msrdc              | "RemoteApp"
21:56:09.494 | 0x8006 | HSHELL_FLASH                 | 0x00351044 | vis=n | msrdc              | "RemoteApp"
21:56:09.679 | 0x0006 | HSHELL_REDRAW                | 0x001F0F4A | vis=Y | WindowsTerminal    | "\u25D0 test_bell"
21:56:10.024 | 0x0006 | HSHELL_REDRAW                | 0x00351044 | vis=n | msrdc              | "RemoteApp"
21:56:10.557 | 0x8006 | HSHELL_FLASH                 | 0x00351044 | vis=n | msrdc              | "RemoteApp"
21:56:10.640 | 0x0006 | HSHELL_REDRAW                | 0x001F0F4A | vis=Y | WindowsTerminal    | "\u25D1 test_bell"
21:56:11.087 | 0x0006 | HSHELL_REDRAW                | 0x00351044 | vis=n | msrdc              | "RemoteApp"
21:56:11.601 | 0x0006 | HSHELL_REDRAW                | 0x001F0F4A | vis=Y | WindowsTerminal    | "\u25D0 test_bell"
21:56:11.618 | 0x8006 | HSHELL_FLASH                 | 0x00351044 | vis=n | msrdc              | "RemoteApp"
21:56:11.666 | 0x0004 | HSHELL_WINDOWACTIVATED       | 0x00060A04 | vis=Y | vlc                | "Shaun.Of.The.Dead.2004.1080p.BluRay.DTS.x264-CtrlHD.mkv - VLC media player"
21:56:12.147 | 0x0006 | HSHELL_REDRAW                | 0x00351044 | vis=n | msrdc              | "RemoteApp"
21:56:12.680 | 0x8006 | HSHELL_FLASH                 | 0x00351044 | vis=n | msrdc              | "RemoteApp"
21:56:12.813 | 0x8006 | HSHELL_FLASH                 | 0x00151430 | vis=Y | WindowsTerminal    | "\u2733 Respond with pong"
21:56:13.213 | 0x0006 | HSHELL_REDRAW                | 0x00351044 | vis=n | msrdc              | "RemoteApp"
21:56:13.747 | 0x8006 | HSHELL_FLASH                 | 0x00351044 | vis=n | msrdc              | "RemoteApp"
21:56:14.281 | 0x0006 | HSHELL_REDRAW                | 0x00351044 | vis=n | msrdc              | "RemoteApp"
21:56:14.811 | 0x8006 | HSHELL_FLASH                 | 0x00351044 | vis=n | msrdc              | "RemoteApp"
21:56:15.339 | 0x0006 | HSHELL_REDRAW                | 0x00351044 | vis=n | msrdc              | "RemoteApp"
21:56:15.863 | 0x8006 | HSHELL_FLASH                 | 0x00351044 | vis=n | msrdc              | "RemoteApp"
21:56:16.398 | 0x0006 | HSHELL_REDRAW                | 0x00351044 | vis=n | msrdc              | "RemoteApp"
21:56:16.932 | 0x8006 | HSHELL_FLASH                 | 0x00351044 | vis=n | msrdc              | "RemoteApp"
21:56:17.464 | 0x0006 | HSHELL_REDRAW                | 0x00351044 | vis=n | msrdc              | "RemoteApp"
21:56:17.995 | 0x8006 | HSHELL_FLASH                 | 0x00351044 | vis=n | msrdc              | "RemoteApp"
21:56:18.526 | 0x0006 | HSHELL_REDRAW                | 0x00351044 | vis=n | msrdc              | "RemoteApp"
21:56:19.053 | 0x8006 | HSHELL_FLASH                 | 0x00351044 | vis=n | msrdc              | "RemoteApp"
21:56:19.583 | 0x0006 | HSHELL_REDRAW                | 0x00351044 | vis=n | msrdc              | "RemoteApp"
21:56:20.116 | 0x8006 | HSHELL_FLASH                 | 0x00351044 | vis=n | msrdc              | "RemoteApp"
21:56:20.647 | 0x0006 | HSHELL_REDRAW                | 0x00351044 | vis=n | msrdc              | "RemoteApp"
21:56:21.177 | 0x8006 | HSHELL_FLASH                 | 0x00351044 | vis=n | msrdc              | "RemoteApp"
21:56:21.707 | 0x0006 | HSHELL_REDRAW                | 0x00351044 | vis=n | msrdc              | "RemoteApp"
21:56:22.239 | 0x8006 | HSHELL_FLASH                 | 0x00351044 | vis=n | msrdc              | "RemoteApp"
21:56:22.771 | 0x0006 | HSHELL_REDRAW                | 0x00351044 | vis=n | msrdc              | "RemoteApp"
21:56:23.302 | 0x8006 | HSHELL_FLASH                 | 0x00351044 | vis=n | msrdc              | "RemoteApp"
21:56:23.837 | 0x0006 | HSHELL_REDRAW                | 0x00351044 | vis=n | msrdc              | "RemoteApp"
21:56:24.364 | 0x8006 | HSHELL_FLASH                 | 0x00351044 | vis=n | msrdc              | "RemoteApp"
21:56:24.903 | 0x0006 | HSHELL_REDRAW                | 0x00351044 | vis=n | msrdc              | "RemoteApp"
21:56:25.426 | 0x8006 | HSHELL_FLASH                 | 0x00351044 | vis=n | msrdc              | "RemoteApp"
21:56:25.971 | 0x0006 | HSHELL_REDRAW                | 0x00351044 | vis=n | msrdc              | "RemoteApp"
21:56:26.500 | 0x8006 | HSHELL_FLASH                 | 0x00351044 | vis=n | msrdc              | "RemoteApp"
21:56:27.021 | 0x0006 | HSHELL_REDRAW                | 0x00351044 | vis=n | msrdc              | "RemoteApp"
21:56:27.555 | 0x8006 | HSHELL_FLASH                 | 0x00351044 | vis=n | msrdc              | "RemoteApp"
21:56:28.083 | 0x0006 | HSHELL_REDRAW                | 0x00351044 | vis=n | msrdc              | "RemoteApp"
21:56:28.622 | 0x8006 | HSHELL_FLASH                 | 0x00351044 | vis=n | msrdc              | "RemoteApp"
21:56:29.154 | 0x0006 | HSHELL_REDRAW                | 0x00351044 | vis=n | msrdc              | "RemoteApp"
21:56:29.683 | 0x8006 | HSHELL_FLASH                 | 0x00351044 | vis=n | msrdc              | "RemoteApp"
21:56:30.216 | 0x0006 | HSHELL_REDRAW                | 0x00351044 | vis=n | msrdc              | "RemoteApp"
21:56:30.740 | 0x8006 | HSHELL_FLASH                 | 0x00351044 | vis=n | msrdc              | "RemoteApp"
21:56:31.273 | 0x0006 | HSHELL_REDRAW                | 0x00351044 | vis=n | msrdc              | "RemoteApp"
21:56:31.803 | 0x8006 | HSHELL_FLASH                 | 0x00351044 | vis=n | msrdc              | "RemoteApp"
21:56:32.337 | 0x0006 | HSHELL_REDRAW                | 0x00351044 | vis=n | msrdc              | "RemoteApp"
21:56:32.865 | 0x8006 | HSHELL_FLASH                 | 0x00351044 | vis=n | msrdc              | "RemoteApp"
21:56:33.398 | 0x0006 | HSHELL_REDRAW                | 0x00351044 | vis=n | msrdc              | "RemoteApp"
21:56:33.927 | 0x8006 | HSHELL_FLASH                 | 0x00351044 | vis=n | msrdc              | "RemoteApp"
21:56:34.458 | 0x0006 | HSHELL_REDRAW                | 0x00351044 | vis=n | msrdc              | "RemoteApp"
21:56:34.992 | 0x8006 | HSHELL_FLASH                 | 0x00351044 | vis=n | msrdc              | "RemoteApp"
21:56:35.519 | 0x0006 | HSHELL_REDRAW                | 0x00351044 | vis=n | msrdc              | "RemoteApp"
21:56:36.060 | 0x8006 | HSHELL_FLASH                 | 0x00351044 | vis=n | msrdc              | "RemoteApp"
21:56:36.593 | 0x0006 | HSHELL_REDRAW                | 0x00351044 | vis=n | msrdc              | "RemoteApp"
21:56:37.127 | 0x8006 | HSHELL_FLASH                 | 0x00351044 | vis=n | msrdc              | "RemoteApp"
21:56:37.657 | 0x0006 | HSHELL_REDRAW                | 0x00351044 | vis=n | msrdc              | "RemoteApp"
21:56:38.178 | 0x8006 | HSHELL_FLASH                 | 0x00351044 | vis=n | msrdc              | "RemoteApp"
21:56:38.711 | 0x0006 | HSHELL_REDRAW                | 0x00351044 | vis=n | msrdc              | "RemoteApp"
21:56:39.243 | 0x8006 | HSHELL_FLASH                 | 0x00351044 | vis=n | msrdc              | "RemoteApp"
21:56:39.778 | 0x0006 | HSHELL_REDRAW                | 0x00351044 | vis=n | msrdc              | "RemoteApp"
21:56:40.309 | 0x8006 | HSHELL_FLASH                 | 0x00351044 | vis=n | msrdc              | "RemoteApp"
21:56:40.514 | 0x0006 | HSHELL_REDRAW                | 0x002D1560 | vis=n | WindowsTerminal    | "Windows Terminal"
21:56:40.516 | 0x0010 | HSHELL_MONITORCHANGED        | 0x002D1560 | vis=n | WindowsTerminal    | "Windows Terminal"
21:56:40.531 | 0x0001 | HSHELL_WINDOWCREATED         | 0x002D1560 | vis=Y | WindowsTerminal    | "Windows Terminal"
21:56:40.532 | 0x0004 | HSHELL_WINDOWACTIVATED       | 0x002D1560 | vis=Y | WindowsTerminal    | "Windows Terminal"
21:56:40.533 | 0x0006 | HSHELL_REDRAW                | 0x002D1560 | vis=Y | WindowsTerminal    | "Terminal"
21:56:40.569 | 0x0006 | HSHELL_REDRAW                | 0x002D1560 | vis=Y | WindowsTerminal    | "C:\\WINDOWS\\System32\\WindowsPowerShell\\v1.0\\powershell.exe"
21:56:40.585 | 0x0006 | HSHELL_REDRAW                | 0x002D1560 | vis=Y | WindowsTerminal    | "Windows PowerShell"
21:56:40.795 | 0x0006 | HSHELL_REDRAW                | 0x002D1560 | vis=Y | WindowsTerminal    | "CLAUDE-BELL2"
21:56:40.834 | 0x0006 | HSHELL_REDRAW                | 0x00351044 | vis=n | msrdc              | "RemoteApp"
21:56:41.007 | 0x0006 | HSHELL_REDRAW                | 0x002D1560 | vis=Y | WindowsTerminal    | "claude"
21:56:41.227 | 0x0006 | HSHELL_REDRAW                | 0x002D1560 | vis=Y | WindowsTerminal    | "\u2733 Claude Code"
21:56:41.366 | 0x8006 | HSHELL_FLASH                 | 0x00351044 | vis=n | msrdc              | "RemoteApp"
21:56:41.435 | 0x0006 | HSHELL_REDRAW                | 0x002D1560 | vis=Y | WindowsTerminal    | "\u25D0 Claude Code"
21:56:41.898 | 0x0006 | HSHELL_REDRAW                | 0x00351044 | vis=n | msrdc              | "RemoteApp"
21:56:42.244 | 0x0006 | HSHELL_REDRAW                | 0x002D1560 | vis=Y | WindowsTerminal    | "\u25D0 Count from 1 to 12 with pauses"
21:56:42.431 | 0x8006 | HSHELL_FLASH                 | 0x00351044 | vis=n | msrdc              | "RemoteApp"
21:56:42.451 | 0x0006 | HSHELL_REDRAW                | 0x002D1560 | vis=Y | WindowsTerminal    | "\u25D1 Count from 1 to 12 with pauses"
21:56:42.964 | 0x0006 | HSHELL_REDRAW                | 0x00351044 | vis=n | msrdc              | "RemoteApp"
21:56:43.040 | 0x0006 | HSHELL_REDRAW                | 0x002D1560 | vis=Y | WindowsTerminal    | "\u2733 Count from 1 to 12 with pauses"
21:56:43.379 | 0x0005 | HSHELL_GETMINRECT            | 0xEC17D7E380 | vis=n | Idle               | ""
21:56:43.497 | 0x8006 | HSHELL_FLASH                 | 0x00351044 | vis=n | msrdc              | "RemoteApp"
21:56:43.719 | 0x0005 | HSHELL_GETMINRECT            | 0xEC17D7E380 | vis=n | Idle               | ""
21:56:44.026 | 0x0006 | HSHELL_REDRAW                | 0x00351044 | vis=n | msrdc              | "RemoteApp"
21:56:44.559 | 0x8006 | HSHELL_FLASH                 | 0x00351044 | vis=n | msrdc              | "RemoteApp"
21:56:45.092 | 0x0006 | HSHELL_REDRAW                | 0x00351044 | vis=n | msrdc              | "RemoteApp"
21:56:45.615 | 0x8006 | HSHELL_FLASH                 | 0x00351044 | vis=n | msrdc              | "RemoteApp"
21:56:46.149 | 0x0006 | HSHELL_REDRAW                | 0x00351044 | vis=n | msrdc              | "RemoteApp"
21:56:46.682 | 0x8006 | HSHELL_FLASH                 | 0x00351044 | vis=n | msrdc              | "RemoteApp"
21:56:47.216 | 0x0006 | HSHELL_REDRAW                | 0x00351044 | vis=n | msrdc              | "RemoteApp"
21:56:47.745 | 0x8006 | HSHELL_FLASH                 | 0x00351044 | vis=n | msrdc              | "RemoteApp"
21:56:48.275 | 0x0006 | HSHELL_REDRAW                | 0x00351044 | vis=n | msrdc              | "RemoteApp"
21:56:48.805 | 0x8006 | HSHELL_FLASH                 | 0x00351044 | vis=n | msrdc              | "RemoteApp"
21:56:49.334 | 0x0006 | HSHELL_REDRAW                | 0x00351044 | vis=n | msrdc              | "RemoteApp"
21:56:49.865 | 0x8006 | HSHELL_FLASH                 | 0x00351044 | vis=n | msrdc              | "RemoteApp"
21:56:50.397 | 0x0006 | HSHELL_REDRAW                | 0x00351044 | vis=n | msrdc              | "RemoteApp"
21:56:50.928 | 0x8006 | HSHELL_FLASH                 | 0x00351044 | vis=n | msrdc              | "RemoteApp"
21:56:51.468 | 0x0006 | HSHELL_REDRAW                | 0x00351044 | vis=n | msrdc              | "RemoteApp"
21:56:51.989 | 0x8006 | HSHELL_FLASH                 | 0x00351044 | vis=n | msrdc              | "RemoteApp"
21:56:52.520 | 0x0006 | HSHELL_REDRAW                | 0x00351044 | vis=n | msrdc              | "RemoteApp"
21:56:53.053 | 0x8006 | HSHELL_FLASH                 | 0x00351044 | vis=n | msrdc              | "RemoteApp"
21:56:53.586 | 0x0006 | HSHELL_REDRAW                | 0x00351044 | vis=n | msrdc              | "RemoteApp"
21:56:54.115 | 0x8006 | HSHELL_FLASH                 | 0x00351044 | vis=n | msrdc              | "RemoteApp"
21:56:54.652 | 0x0006 | HSHELL_REDRAW                | 0x00351044 | vis=n | msrdc              | "RemoteApp"
21:56:55.185 | 0x8006 | HSHELL_FLASH                 | 0x00351044 | vis=n | msrdc              | "RemoteApp"
21:56:55.714 | 0x0006 | HSHELL_REDRAW                | 0x00351044 | vis=n | msrdc              | "RemoteApp"
21:56:56.248 | 0x8006 | HSHELL_FLASH                 | 0x00351044 | vis=n | msrdc              | "RemoteApp"
21:56:56.771 | 0x0006 | HSHELL_REDRAW                | 0x00351044 | vis=n | msrdc              | "RemoteApp"
21:56:57.305 | 0x8006 | HSHELL_FLASH                 | 0x00351044 | vis=n | msrdc              | "RemoteApp"
21:56:57.836 | 0x0006 | HSHELL_REDRAW                | 0x00351044 | vis=n | msrdc              | "RemoteApp"
21:56:58.367 | 0x8006 | HSHELL_FLASH                 | 0x00351044 | vis=n | msrdc              | "RemoteApp"
21:56:58.906 | 0x0006 | HSHELL_REDRAW                | 0x00351044 | vis=n | msrdc              | "RemoteApp"
21:56:59.439 | 0x8006 | HSHELL_FLASH                 | 0x00351044 | vis=n | msrdc              | "RemoteApp"
21:56:59.971 | 0x0006 | HSHELL_REDRAW                | 0x00351044 | vis=n | msrdc              | "RemoteApp"
21:57:00.491 | 0x8006 | HSHELL_FLASH                 | 0x00351044 | vis=n | msrdc              | "RemoteApp"
21:57:01.024 | 0x0006 | HSHELL_REDRAW                | 0x00351044 | vis=n | msrdc              | "RemoteApp"
21:57:01.558 | 0x8006 | HSHELL_FLASH                 | 0x00351044 | vis=n | msrdc              | "RemoteApp"
21:57:02.087 | 0x0006 | HSHELL_REDRAW                | 0x00351044 | vis=n | msrdc              | "RemoteApp"
21:57:02.616 | 0x8006 | HSHELL_FLASH                 | 0x00351044 | vis=n | msrdc              | "RemoteApp"
21:57:03.158 | 0x0006 | HSHELL_REDRAW                | 0x00351044 | vis=n | msrdc              | "RemoteApp"
21:57:03.689 | 0x8006 | HSHELL_FLASH                 | 0x00351044 | vis=n | msrdc              | "RemoteApp"
21:57:04.209 | 0x0006 | HSHELL_REDRAW                | 0x00351044 | vis=n | msrdc              | "RemoteApp"
21:57:04.743 | 0x8006 | HSHELL_FLASH                 | 0x00351044 | vis=n | msrdc              | "RemoteApp"
21:57:05.119 | 0x0001 | HSHELL_WINDOWCREATED         | 0x002E0284 | vis=Y | WindowsTerminal    | "BELL-HIDDEN"
21:57:05.129 | 0x0002 | HSHELL_WINDOWDESTROYED       | 0x005012E8 | vis=n | Idle               | ""
21:57:05.277 | 0x0006 | HSHELL_REDRAW                | 0x00351044 | vis=n | msrdc              | "RemoteApp"
21:57:05.810 | 0x8006 | HSHELL_FLASH                 | 0x00351044 | vis=n | msrdc              | "RemoteApp"
21:57:06.341 | 0x0006 | HSHELL_REDRAW                | 0x00351044 | vis=n | msrdc              | "RemoteApp"
21:57:06.863 | 0x8006 | HSHELL_FLASH                 | 0x00351044 | vis=n | msrdc              | "RemoteApp"
21:57:07.406 | 0x0006 | HSHELL_REDRAW                | 0x00351044 | vis=n | msrdc              | "RemoteApp"
21:57:07.928 | 0x8006 | HSHELL_FLASH                 | 0x00351044 | vis=n | msrdc              | "RemoteApp"
21:57:08.461 | 0x0006 | HSHELL_REDRAW                | 0x00351044 | vis=n | msrdc              | "RemoteApp"
21:57:08.995 | 0x8006 | HSHELL_FLASH                 | 0x00351044 | vis=n | msrdc              | "RemoteApp"
21:57:09.527 | 0x0006 | HSHELL_REDRAW                | 0x00351044 | vis=n | msrdc              | "RemoteApp"
21:57:10.057 | 0x8006 | HSHELL_FLASH                 | 0x00351044 | vis=n | msrdc              | "RemoteApp"
21:57:10.587 | 0x0006 | HSHELL_REDRAW                | 0x00351044 | vis=n | msrdc              | "RemoteApp"
21:57:11.128 | 0x8006 | HSHELL_FLASH                 | 0x00351044 | vis=n | msrdc              | "RemoteApp"
21:57:11.646 | 0x0006 | HSHELL_REDRAW                | 0x00351044 | vis=n | msrdc              | "RemoteApp"
21:57:12.180 | 0x8006 | HSHELL_FLASH                 | 0x00351044 | vis=n | msrdc              | "RemoteApp"
21:57:12.714 | 0x0006 | HSHELL_REDRAW                | 0x00351044 | vis=n | msrdc              | "RemoteApp"
21:57:13.247 | 0x8006 | HSHELL_FLASH                 | 0x00351044 | vis=n | msrdc              | "RemoteApp"
21:57:13.777 | 0x0006 | HSHELL_REDRAW                | 0x00351044 | vis=n | msrdc              | "RemoteApp"
21:57:14.307 | 0x8006 | HSHELL_FLASH                 | 0x00351044 | vis=n | msrdc              | "RemoteApp"
21:57:14.836 | 0x0006 | HSHELL_REDRAW                | 0x00351044 | vis=n | msrdc              | "RemoteApp"
21:57:15.364 | 0x8006 | HSHELL_FLASH                 | 0x00351044 | vis=n | msrdc              | "RemoteApp"
21:57:15.899 | 0x0006 | HSHELL_REDRAW                | 0x00351044 | vis=n | msrdc              | "RemoteApp"
21:57:16.433 | 0x8006 | HSHELL_FLASH                 | 0x00351044 | vis=n | msrdc              | "RemoteApp"
21:57:16.963 | 0x0006 | HSHELL_REDRAW                | 0x00351044 | vis=n | msrdc              | "RemoteApp"
21:57:17.491 | 0x8006 | HSHELL_FLASH                 | 0x00351044 | vis=n | msrdc              | "RemoteApp"
21:57:18.020 | 0x0006 | HSHELL_REDRAW                | 0x00351044 | vis=n | msrdc              | "RemoteApp"
21:57:18.566 | 0x8006 | HSHELL_FLASH                 | 0x00351044 | vis=n | msrdc              | "RemoteApp"
21:57:19.083 | 0x0006 | HSHELL_REDRAW                | 0x00351044 | vis=n | msrdc              | "RemoteApp"
21:57:19.617 | 0x8006 | HSHELL_FLASH                 | 0x00351044 | vis=n | msrdc              | "RemoteApp"
21:57:20.151 | 0x0006 | HSHELL_REDRAW                | 0x00351044 | vis=n | msrdc              | "RemoteApp"
21:57:20.685 | 0x8006 | HSHELL_FLASH                 | 0x00351044 | vis=n | msrdc              | "RemoteApp"
21:57:21.218 | 0x0006 | HSHELL_REDRAW                | 0x00351044 | vis=n | msrdc              | "RemoteApp"
21:57:21.749 | 0x8006 | HSHELL_FLASH                 | 0x00351044 | vis=n | msrdc              | "RemoteApp"
21:57:22.280 | 0x0006 | HSHELL_REDRAW                | 0x00351044 | vis=n | msrdc              | "RemoteApp"
21:57:22.803 | 0x8006 | HSHELL_FLASH                 | 0x00351044 | vis=n | msrdc              | "RemoteApp"
21:57:23.336 | 0x0006 | HSHELL_REDRAW                | 0x00351044 | vis=n | msrdc              | "RemoteApp"
21:57:23.863 | 0x8006 | HSHELL_FLASH                 | 0x00351044 | vis=n | msrdc              | "RemoteApp"
21:57:24.401 | 0x0006 | HSHELL_REDRAW                | 0x00351044 | vis=n | msrdc              | "RemoteApp"
21:57:24.933 | 0x8006 | HSHELL_FLASH                 | 0x00351044 | vis=n | msrdc              | "RemoteApp"
21:57:25.461 | 0x0006 | HSHELL_REDRAW                | 0x00351044 | vis=n | msrdc              | "RemoteApp"
21:57:25.988 | 0x8006 | HSHELL_FLASH                 | 0x00351044 | vis=n | msrdc              | "RemoteApp"
21:57:26.522 | 0x0006 | HSHELL_REDRAW                | 0x00351044 | vis=n | msrdc              | "RemoteApp"
21:57:27.055 | 0x8006 | HSHELL_FLASH                 | 0x00351044 | vis=n | msrdc              | "RemoteApp"
21:57:27.589 | 0x0006 | HSHELL_REDRAW                | 0x00351044 | vis=n | msrdc              | "RemoteApp"
21:57:28.122 | 0x8006 | HSHELL_FLASH                 | 0x00351044 | vis=n | msrdc              | "RemoteApp"
21:57:28.652 | 0x0006 | HSHELL_REDRAW                | 0x00351044 | vis=n | msrdc              | "RemoteApp"
21:57:29.185 | 0x8006 | HSHELL_FLASH                 | 0x00351044 | vis=n | msrdc              | "RemoteApp"
21:57:29.716 | 0x0006 | HSHELL_REDRAW                | 0x00351044 | vis=n | msrdc              | "RemoteApp"
21:57:30.240 | 0x8006 | HSHELL_FLASH                 | 0x00351044 | vis=n | msrdc              | "RemoteApp"
21:57:30.774 | 0x0006 | HSHELL_REDRAW                | 0x00351044 | vis=n | msrdc              | "RemoteApp"
21:57:31.307 | 0x8006 | HSHELL_FLASH                 | 0x00351044 | vis=n | msrdc              | "RemoteApp"
21:57:31.837 | 0x0006 | HSHELL_REDRAW                | 0x00351044 | vis=n | msrdc              | "RemoteApp"
21:57:32.366 | 0x8006 | HSHELL_FLASH                 | 0x00351044 | vis=n | msrdc              | "RemoteApp"
21:57:32.895 | 0x0006 | HSHELL_REDRAW                | 0x00351044 | vis=n | msrdc              | "RemoteApp"
21:57:33.440 | 0x8006 | HSHELL_FLASH                 | 0x00351044 | vis=n | msrdc              | "RemoteApp"
21:57:33.957 | 0x0006 | HSHELL_REDRAW                | 0x00351044 | vis=n | msrdc              | "RemoteApp"
21:57:34.493 | 0x8006 | HSHELL_FLASH                 | 0x00351044 | vis=n | msrdc              | "RemoteApp"
21:57:35.027 | 0x0006 | HSHELL_REDRAW                | 0x00351044 | vis=n | msrdc              | "RemoteApp"
21:57:35.560 | 0x8006 | HSHELL_FLASH                 | 0x00351044 | vis=n | msrdc              | "RemoteApp"
21:57:36.093 | 0x0006 | HSHELL_REDRAW                | 0x00351044 | vis=n | msrdc              | "RemoteApp"
21:57:36.624 | 0x8006 | HSHELL_FLASH                 | 0x00351044 | vis=n | msrdc              | "RemoteApp"
21:57:37.152 | 0x0006 | HSHELL_REDRAW                | 0x00351044 | vis=n | msrdc              | "RemoteApp"
21:57:37.678 | 0x8006 | HSHELL_FLASH                 | 0x00351044 | vis=n | msrdc              | "RemoteApp"
21:57:38.212 | 0x0006 | HSHELL_REDRAW                | 0x00351044 | vis=n | msrdc              | "RemoteApp"
21:57:38.746 | 0x8006 | HSHELL_FLASH                 | 0x00351044 | vis=n | msrdc              | "RemoteApp"
21:57:39.272 | 0x0006 | HSHELL_REDRAW                | 0x00351044 | vis=n | msrdc              | "RemoteApp"
21:57:39.803 | 0x8006 | HSHELL_FLASH                 | 0x00351044 | vis=n | msrdc              | "RemoteApp"
21:57:40.271 | 0x0006 | HSHELL_REDRAW                | 0x000E15E8 | vis=n | WindowsTerminal    | "Windows Terminal"
21:57:40.272 | 0x0010 | HSHELL_MONITORCHANGED        | 0x000E15E8 | vis=n | WindowsTerminal    | "Windows Terminal"
21:57:40.287 | 0x0001 | HSHELL_WINDOWCREATED         | 0x000E15E8 | vis=Y | WindowsTerminal    | "Windows Terminal"
21:57:40.288 | 0x0004 | HSHELL_WINDOWACTIVATED       | 0x000E15E8 | vis=Y | WindowsTerminal    | "Windows Terminal"
21:57:40.290 | 0x0006 | HSHELL_REDRAW                | 0x000E15E8 | vis=Y | WindowsTerminal    | "Terminal"
21:57:40.329 | 0x0006 | HSHELL_REDRAW                | 0x000E15E8 | vis=Y | WindowsTerminal    | "C:\\WINDOWS\\System32\\WindowsPowerShell\\v1.0\\powershell.exe"
21:57:40.334 | 0x0006 | HSHELL_REDRAW                | 0x00351044 | vis=n | msrdc              | "RemoteApp"
21:57:40.342 | 0x0006 | HSHELL_REDRAW                | 0x000E15E8 | vis=Y | WindowsTerminal    | "Windows PowerShell"
21:57:40.395 | 0x0004 | HSHELL_WINDOWACTIVATED       | 0x00060A04 | vis=Y | vlc                | "Shaun.Of.The.Dead.2004.1080p.BluRay.DTS.x264-CtrlHD.mkv - VLC media player"
21:57:40.552 | 0x0006 | HSHELL_REDRAW                | 0x000E15E8 | vis=Y | WindowsTerminal    | "CLAUDE-BELL3"
21:57:40.765 | 0x0006 | HSHELL_REDRAW                | 0x000E15E8 | vis=Y | WindowsTerminal    | "claude"
21:57:40.866 | 0x8006 | HSHELL_FLASH                 | 0x00351044 | vis=n | msrdc              | "RemoteApp"
21:57:40.991 | 0x0006 | HSHELL_REDRAW                | 0x000E15E8 | vis=Y | WindowsTerminal    | "\u2733 Claude Code"
21:57:41.191 | 0x0006 | HSHELL_REDRAW                | 0x000E15E8 | vis=Y | WindowsTerminal    | "\u25D0 Claude Code"
21:57:41.398 | 0x0006 | HSHELL_REDRAW                | 0x00351044 | vis=n | msrdc              | "RemoteApp"
21:57:41.931 | 0x8006 | HSHELL_FLASH                 | 0x00351044 | vis=n | msrdc              | "RemoteApp"
21:57:42.152 | 0x0006 | HSHELL_REDRAW                | 0x000E15E8 | vis=Y | WindowsTerminal    | "\u25D1 Claude Code"
21:57:42.464 | 0x0006 | HSHELL_REDRAW                | 0x00351044 | vis=n | msrdc              | "RemoteApp"
21:57:42.553 | 0x0006 | HSHELL_REDRAW                | 0x000E15E8 | vis=Y | WindowsTerminal    | "\u25D1 Run bash sleep command and confirm completion"
21:57:43.000 | 0x8006 | HSHELL_FLASH                 | 0x00351044 | vis=n | msrdc              | "RemoteApp"
21:57:43.113 | 0x0006 | HSHELL_REDRAW                | 0x000E15E8 | vis=Y | WindowsTerminal    | "\u25D0 Run bash sleep command and confirm completion"
21:57:43.531 | 0x0006 | HSHELL_REDRAW                | 0x00351044 | vis=n | msrdc              | "RemoteApp"
21:57:43.642 | 0x0005 | HSHELL_GETMINRECT            | 0xEC17D7E380 | vis=n | Idle               | ""
21:57:43.988 | 0x0005 | HSHELL_GETMINRECT            | 0xEC17D7E380 | vis=n | Idle               | ""
21:57:44.052 | 0x8006 | HSHELL_FLASH                 | 0x00351044 | vis=n | msrdc              | "RemoteApp"
21:57:44.073 | 0x0006 | HSHELL_REDRAW                | 0x000E15E8 | vis=Y | WindowsTerminal    | "\u25D1 Run bash sleep command and confirm completion"
21:57:44.583 | 0x0006 | HSHELL_REDRAW                | 0x00351044 | vis=n | msrdc              | "RemoteApp"
21:57:45.034 | 0x0006 | HSHELL_REDRAW                | 0x000E15E8 | vis=Y | WindowsTerminal    | "\u25D0 Run bash sleep command and confirm completion"
21:57:45.116 | 0x8006 | HSHELL_FLASH                 | 0x00351044 | vis=n | msrdc              | "RemoteApp"
21:57:45.649 | 0x0006 | HSHELL_REDRAW                | 0x00351044 | vis=n | msrdc              | "RemoteApp"
21:57:45.994 | 0x0006 | HSHELL_REDRAW                | 0x000E15E8 | vis=Y | WindowsTerminal    | "\u25D1 Run bash sleep command and confirm completion"
21:57:46.181 | 0x8006 | HSHELL_FLASH                 | 0x00351044 | vis=n | msrdc              | "RemoteApp"
21:57:46.479 | 0x0006 | HSHELL_REDRAW                | 0x000E15E8 | vis=Y | WindowsTerminal    | "\u2733 Run bash sleep command and confirm completion"
21:57:46.717 | 0x0006 | HSHELL_REDRAW                | 0x00351044 | vis=n | msrdc              | "RemoteApp"
21:57:47.248 | 0x8006 | HSHELL_FLASH                 | 0x00351044 | vis=n | msrdc              | "RemoteApp"
21:57:47.778 | 0x0006 | HSHELL_REDRAW                | 0x00351044 | vis=n | msrdc              | "RemoteApp"
21:57:48.301 | 0x8006 | HSHELL_FLASH                 | 0x00351044 | vis=n | msrdc              | "RemoteApp"
21:57:48.835 | 0x0006 | HSHELL_REDRAW                | 0x00351044 | vis=n | msrdc              | "RemoteApp"
21:57:49.368 | 0x8006 | HSHELL_FLASH                 | 0x00351044 | vis=n | msrdc              | "RemoteApp"
21:57:49.901 | 0x0006 | HSHELL_REDRAW                | 0x00351044 | vis=n | msrdc              | "RemoteApp"
21:57:50.435 | 0x8006 | HSHELL_FLASH                 | 0x00351044 | vis=n | msrdc              | "RemoteApp"
21:57:50.960 | 0x0006 | HSHELL_REDRAW                | 0x00351044 | vis=n | msrdc              | "RemoteApp"
21:57:51.497 | 0x8006 | HSHELL_FLASH                 | 0x00351044 | vis=n | msrdc              | "RemoteApp"
21:57:52.022 | 0x0006 | HSHELL_REDRAW                | 0x00351044 | vis=n | msrdc              | "RemoteApp"
21:57:52.553 | 0x8006 | HSHELL_FLASH                 | 0x00351044 | vis=n | msrdc              | "RemoteApp"
21:57:53.087 | 0x0006 | HSHELL_REDRAW                | 0x00351044 | vis=n | msrdc              | "RemoteApp"
21:57:53.615 | 0x8006 | HSHELL_FLASH                 | 0x00351044 | vis=n | msrdc              | "RemoteApp"
21:57:54.149 | 0x0006 | HSHELL_REDRAW                | 0x00351044 | vis=n | msrdc              | "RemoteApp"
21:57:54.683 | 0x8006 | HSHELL_FLASH                 | 0x00351044 | vis=n | msrdc              | "RemoteApp"
21:57:55.216 | 0x0006 | HSHELL_REDRAW                | 0x00351044 | vis=n | msrdc              | "RemoteApp"
21:57:55.746 | 0x8006 | HSHELL_FLASH                 | 0x00351044 | vis=n | msrdc              | "RemoteApp"
21:57:56.272 | 0x0006 | HSHELL_REDRAW                | 0x00351044 | vis=n | msrdc              | "RemoteApp"
21:57:56.806 | 0x8006 | HSHELL_FLASH                 | 0x00351044 | vis=n | msrdc              | "RemoteApp"
21:57:57.339 | 0x0006 | HSHELL_REDRAW                | 0x00351044 | vis=n | msrdc              | "RemoteApp"
21:57:57.864 | 0x8006 | HSHELL_FLASH                 | 0x00351044 | vis=n | msrdc              | "RemoteApp"
21:57:58.399 | 0x0006 | HSHELL_REDRAW                | 0x00351044 | vis=n | msrdc              | "RemoteApp"
21:57:58.928 | 0x8006 | HSHELL_FLASH                 | 0x00351044 | vis=n | msrdc              | "RemoteApp"
21:57:59.461 | 0x0006 | HSHELL_REDRAW                | 0x00351044 | vis=n | msrdc              | "RemoteApp"
21:57:59.990 | 0x8006 | HSHELL_FLASH                 | 0x00351044 | vis=n | msrdc              | "RemoteApp"
21:58:00.520 | 0x0006 | HSHELL_REDRAW                | 0x00351044 | vis=n | msrdc              | "RemoteApp"
21:58:01.051 | 0x8006 | HSHELL_FLASH                 | 0x00351044 | vis=n | msrdc              | "RemoteApp"
21:58:01.582 | 0x0006 | HSHELL_REDRAW                | 0x00351044 | vis=n | msrdc              | "RemoteApp"
21:58:02.125 | 0x8006 | HSHELL_FLASH                 | 0x00351044 | vis=n | msrdc              | "RemoteApp"
21:58:02.659 | 0x0006 | HSHELL_REDRAW                | 0x00351044 | vis=n | msrdc              | "RemoteApp"
21:58:03.176 | 0x8006 | HSHELL_FLASH                 | 0x00351044 | vis=n | msrdc              | "RemoteApp"
21:58:03.709 | 0x0006 | HSHELL_REDRAW                | 0x00351044 | vis=n | msrdc              | "RemoteApp"
21:58:04.243 | 0x8006 | HSHELL_FLASH                 | 0x00351044 | vis=n | msrdc              | "RemoteApp"
21:58:04.777 | 0x0006 | HSHELL_REDRAW                | 0x00351044 | vis=n | msrdc              | "RemoteApp"
21:58:05.307 | 0x8006 | HSHELL_FLASH                 | 0x00351044 | vis=n | msrdc              | "RemoteApp"
21:58:05.837 | 0x0006 | HSHELL_REDRAW                | 0x00351044 | vis=n | msrdc              | "RemoteApp"
21:58:06.363 | 0x8006 | HSHELL_FLASH                 | 0x00351044 | vis=n | msrdc              | "RemoteApp"
21:58:06.895 | 0x0006 | HSHELL_REDRAW                | 0x00351044 | vis=n | msrdc              | "RemoteApp"
21:58:07.428 | 0x8006 | HSHELL_FLASH                 | 0x00351044 | vis=n | msrdc              | "RemoteApp"
21:58:07.962 | 0x0006 | HSHELL_REDRAW                | 0x00351044 | vis=n | msrdc              | "RemoteApp"
21:58:08.495 | 0x8006 | HSHELL_FLASH                 | 0x00351044 | vis=n | msrdc              | "RemoteApp"
21:58:09.029 | 0x0006 | HSHELL_REDRAW                | 0x00351044 | vis=n | msrdc              | "RemoteApp"
21:58:09.557 | 0x8006 | HSHELL_FLASH                 | 0x00351044 | vis=n | msrdc              | "RemoteApp"
21:58:10.084 | 0x0006 | HSHELL_REDRAW                | 0x00351044 | vis=n | msrdc              | "RemoteApp"
21:58:10.614 | 0x8006 | HSHELL_FLASH                 | 0x00351044 | vis=n | msrdc              | "RemoteApp"
21:58:11.144 | 0x0006 | HSHELL_REDRAW                | 0x00351044 | vis=n | msrdc              | "RemoteApp"
21:58:11.681 | 0x8006 | HSHELL_FLASH                 | 0x00351044 | vis=n | msrdc              | "RemoteApp"
21:58:12.209 | 0x0035 | HSHELL_UNKNOWN(53)           | 0x000509B4 | vis=Y | explorer           | ""
21:58:12.211 | 0x0006 | HSHELL_REDRAW                | 0x00351044 | vis=n | msrdc              | "RemoteApp"
21:58:12.661 | 0x0010 | HSHELL_MONITORCHANGED        | 0x008113A6 | vis=n | SDXHelper          | "OfficePowerManagerWindow"
21:58:12.740 | 0x8006 | HSHELL_FLASH                 | 0x00351044 | vis=n | msrdc              | "RemoteApp"
21:58:12.819 | 0x0004 | HSHELL_WINDOWACTIVATED       | 0x00000000 | vis=n | Idle               | ""
21:58:12.871 | 0x0010 | HSHELL_MONITORCHANGED        | 0x001C0BAC | vis=n | SDXHelper          | "OfficePowerManagerWindow"
21:58:12.885 | 0x0010 | HSHELL_MONITORCHANGED        | 0x002D1386 | vis=n | SDXHelper          | "DDE Server Window"
21:58:12.955 | 0x0002 | HSHELL_WINDOWDESTROYED       | 0x002F132C | vis=n | explorer           | "Default IME"
21:58:12.960 | 0x0002 | HSHELL_WINDOWDESTROYED       | 0x002F132C | vis=n | Idle               | ""
21:58:12.976 | 0x0010 | HSHELL_MONITORCHANGED        | 0x010413BA | vis=n | chrome             | ""
21:58:12.986 | 0x0002 | HSHELL_WINDOWDESTROYED       | 0x010413BA | vis=n | Idle               | ""
21:58:12.986 | 0x0006 | HSHELL_REDRAW                | 0x000915EA | vis=n | chrome             | ""
21:58:12.986 | 0x0010 | HSHELL_MONITORCHANGED        | 0x000915EA | vis=n | chrome             | ""
21:58:13.001 | 0x0006 | HSHELL_REDRAW                | 0x000915EA | vis=n | chrome             | "Untitled - Google Chrome"
21:58:13.011 | 0x0006 | HSHELL_REDRAW                | 0x000915EA | vis=n | chrome             | "New Tab - Google Chrome"
21:58:13.021 | 0x0001 | HSHELL_WINDOWCREATED         | 0x000915EA | vis=Y | chrome             | "New Tab - Google Chrome"
21:58:13.030 | 0x0004 | HSHELL_WINDOWACTIVATED       | 0x000915EA | vis=Y | chrome             | "New Tab - Google Chrome"
21:58:13.070 | 0x0002 | HSHELL_WINDOWDESTROYED       | 0x008113A6 | vis=n | SDXHelper          | "OfficePowerManagerWindow"
21:58:13.078 | 0x0002 | HSHELL_WINDOWDESTROYED       | 0x008113A6 | vis=n | Idle               | ""
21:58:13.274 | 0x0006 | HSHELL_REDRAW                | 0x00351044 | vis=n | msrdc              | "RemoteApp"
21:58:13.374 | 0x0036 | HSHELL_UNKNOWN(54)           | 0x000509B4 | vis=n | explorer           | ""
21:58:13.804 | 0x8006 | HSHELL_FLASH                 | 0x00351044 | vis=n | msrdc              | "RemoteApp"
21:58:14.333 | 0x0006 | HSHELL_REDRAW                | 0x00351044 | vis=n | msrdc              | "RemoteApp"
21:58:14.863 | 0x8006 | HSHELL_FLASH                 | 0x00351044 | vis=n | msrdc              | "RemoteApp"
21:58:15.396 | 0x0006 | HSHELL_REDRAW                | 0x00351044 | vis=n | msrdc              | "RemoteApp"
21:58:15.507 | 0x0006 | HSHELL_REDRAW                | 0x000915EA | vis=Y | chrome             | "translate.google.com - Google Chrome"
21:58:15.740 | 0x0006 | HSHELL_REDRAW                | 0x000915EA | vis=Y | chrome             | "Google Translate - Google Chrome"
21:58:15.927 | 0x8006 | HSHELL_FLASH                 | 0x00351044 | vis=n | msrdc              | "RemoteApp"
21:58:16.457 | 0x0006 | HSHELL_REDRAW                | 0x00351044 | vis=n | msrdc              | "RemoteApp"
21:58:17.001 | 0x8006 | HSHELL_FLASH                 | 0x00351044 | vis=n | msrdc              | "RemoteApp"
21:58:17.524 | 0x0006 | HSHELL_REDRAW                | 0x00351044 | vis=n | msrdc              | "RemoteApp"
21:58:18.052 | 0x8006 | HSHELL_FLASH                 | 0x00351044 | vis=n | msrdc              | "RemoteApp"
21:58:18.585 | 0x0006 | HSHELL_REDRAW                | 0x00351044 | vis=n | msrdc              | "RemoteApp"
21:58:19.119 | 0x8006 | HSHELL_FLASH                 | 0x00351044 | vis=n | msrdc              | "RemoteApp"
21:58:19.652 | 0x0006 | HSHELL_REDRAW                | 0x00351044 | vis=n | msrdc              | "RemoteApp"
21:58:19.971 | 0x0002 | HSHELL_WINDOWDESTROYED       | 0x000915EA | vis=n | chrome             | "Google Translate - Google Chrome"
21:58:19.988 | 0x0002 | HSHELL_WINDOWDESTROYED       | 0x000915EA | vis=n | chrome             | "Google Translate - Google Chrome"
21:58:19.999 | 0x0002 | HSHELL_WINDOWDESTROYED       | 0x000915EA | vis=n | Idle               | ""
21:58:20.004 | 0x0004 | HSHELL_WINDOWACTIVATED       | 0x00000000 | vis=n | Idle               | ""
21:58:20.186 | 0x8006 | HSHELL_FLASH                 | 0x00351044 | vis=n | msrdc              | "RemoteApp"
21:58:20.582 | 0x0006 | HSHELL_REDRAW                | 0x000E15E8 | vis=Y | WindowsTerminal    | "\u25D1 Run bash sleep command and confirm completion"
21:58:20.718 | 0x0006 | HSHELL_REDRAW                | 0x00351044 | vis=n | msrdc              | "RemoteApp"
21:58:21.243 | 0x8006 | HSHELL_FLASH                 | 0x00351044 | vis=n | msrdc              | "RemoteApp"
21:58:21.542 | 0x0006 | HSHELL_REDRAW                | 0x000E15E8 | vis=Y | WindowsTerminal    | "\u25D0 Run bash sleep command and confirm completion"
21:58:21.770 | 0x0006 | HSHELL_REDRAW                | 0x00351044 | vis=n | msrdc              | "RemoteApp"
21:58:22.170 | 0x0006 | HSHELL_REDRAW                | 0x000E15E8 | vis=Y | WindowsTerminal    | "\u2733 Run bash sleep command and confirm completion"
21:58:22.303 | 0x8006 | HSHELL_FLASH                 | 0x00351044 | vis=n | msrdc              | "RemoteApp"
21:58:22.646 | 0x0004 | HSHELL_WINDOWACTIVATED       | 0x00060A04 | vis=Y | vlc                | "Shaun.Of.The.Dead.2004.1080p.BluRay.DTS.x264-CtrlHD.mkv - VLC media player"
21:58:22.838 | 0x0006 | HSHELL_REDRAW                | 0x00351044 | vis=n | msrdc              | "RemoteApp"
21:58:23.371 | 0x8006 | HSHELL_FLASH                 | 0x00351044 | vis=n | msrdc              | "RemoteApp"
21:58:23.902 | 0x0006 | HSHELL_REDRAW                | 0x00351044 | vis=n | msrdc              | "RemoteApp"
21:58:24.433 | 0x8006 | HSHELL_FLASH                 | 0x00351044 | vis=n | msrdc              | "RemoteApp"
21:58:24.963 | 0x0006 | HSHELL_REDRAW                | 0x00351044 | vis=n | msrdc              | "RemoteApp"
21:58:25.489 | 0x8006 | HSHELL_FLASH                 | 0x00351044 | vis=n | msrdc              | "RemoteApp"
21:58:26.022 | 0x0006 | HSHELL_REDRAW                | 0x00351044 | vis=n | msrdc              | "RemoteApp"
21:58:26.553 | 0x8006 | HSHELL_FLASH                 | 0x00351044 | vis=n | msrdc              | "RemoteApp"
21:58:27.083 | 0x0006 | HSHELL_REDRAW                | 0x00351044 | vis=n | msrdc              | "RemoteApp"
21:58:27.624 | 0x8006 | HSHELL_FLASH                 | 0x00351044 | vis=n | msrdc              | "RemoteApp"
21:58:28.157 | 0x0006 | HSHELL_REDRAW                | 0x00351044 | vis=n | msrdc              | "RemoteApp"
21:58:28.684 | 0x8006 | HSHELL_FLASH                 | 0x00351044 | vis=n | msrdc              | "RemoteApp"
21:58:29.216 | 0x0006 | HSHELL_REDRAW                | 0x00351044 | vis=n | msrdc              | "RemoteApp"
21:58:29.742 | 0x8006 | HSHELL_FLASH                 | 0x00351044 | vis=n | msrdc              | "RemoteApp"
21:58:30.274 | 0x0006 | HSHELL_REDRAW                | 0x00351044 | vis=n | msrdc              | "RemoteApp"
21:58:30.805 | 0x8006 | HSHELL_FLASH                 | 0x00351044 | vis=n | msrdc              | "RemoteApp"
21:58:31.335 | 0x0006 | HSHELL_REDRAW                | 0x00351044 | vis=n | msrdc              | "RemoteApp"
21:58:31.865 | 0x8006 | HSHELL_FLASH                 | 0x00351044 | vis=n | msrdc              | "RemoteApp"
21:58:32.404 | 0x0006 | HSHELL_REDRAW                | 0x00351044 | vis=n | msrdc              | "RemoteApp"
21:58:32.926 | 0x8006 | HSHELL_FLASH                 | 0x00351044 | vis=n | msrdc              | "RemoteApp"
21:58:33.460 | 0x0006 | HSHELL_REDRAW                | 0x00351044 | vis=n | msrdc              | "RemoteApp"
21:58:33.994 | 0x8006 | HSHELL_FLASH                 | 0x00351044 | vis=n | msrdc              | "RemoteApp"
21:58:34.523 | 0x0006 | HSHELL_REDRAW                | 0x00351044 | vis=n | msrdc              | "RemoteApp"
21:58:35.052 | 0x8006 | HSHELL_FLASH                 | 0x00351044 | vis=n | msrdc              | "RemoteApp"
21:58:35.582 | 0x0006 | HSHELL_REDRAW                | 0x00351044 | vis=n | msrdc              | "RemoteApp"
21:58:35.649 | 0x0002 | HSHELL_WINDOWDESTROYED       | 0x002D1386 | vis=n | SDXHelper          | "DDE Server Window"
21:58:35.650 | 0x0002 | HSHELL_WINDOWDESTROYED       | 0x00351512 | vis=n | SDXHelper          | "Default IME"
21:58:35.655 | 0x0002 | HSHELL_WINDOWDESTROYED       | 0x002D1386 | vis=n | Idle               | ""
21:58:35.668 | 0x0002 | HSHELL_WINDOWDESTROYED       | 0x001C0BAC | vis=n | SDXHelper          | "OfficePowerManagerWindow"
21:58:35.673 | 0x0002 | HSHELL_WINDOWDESTROYED       | 0x001C0BAC | vis=n | Idle               | ""
21:58:36.124 | 0x8006 | HSHELL_FLASH                 | 0x00351044 | vis=n | msrdc              | "RemoteApp"
21:58:36.645 | 0x0006 | HSHELL_REDRAW                | 0x00351044 | vis=n | msrdc              | "RemoteApp"
21:58:37.178 | 0x8006 | HSHELL_FLASH                 | 0x00351044 | vis=n | msrdc              | "RemoteApp"
21:58:37.712 | 0x0006 | HSHELL_REDRAW                | 0x00351044 | vis=n | msrdc              | "RemoteApp"
21:58:38.246 | 0x8006 | HSHELL_FLASH                 | 0x00351044 | vis=n | msrdc              | "RemoteApp"
21:58:38.777 | 0x0006 | HSHELL_REDRAW                | 0x00351044 | vis=n | msrdc              | "RemoteApp"
21:58:39.306 | 0x8006 | HSHELL_FLASH                 | 0x00351044 | vis=n | msrdc              | "RemoteApp"
21:58:39.834 | 0x0006 | HSHELL_REDRAW                | 0x00351044 | vis=n | msrdc              | "RemoteApp"
21:58:40.364 | 0x8006 | HSHELL_FLASH                 | 0x00351044 | vis=n | msrdc              | "RemoteApp"
21:58:40.898 | 0x0006 | HSHELL_REDRAW                | 0x00351044 | vis=n | msrdc              | "RemoteApp"
21:58:41.431 | 0x8006 | HSHELL_FLASH                 | 0x00351044 | vis=n | msrdc              | "RemoteApp"
21:58:41.960 | 0x0006 | HSHELL_REDRAW                | 0x00351044 | vis=n | msrdc              | "RemoteApp"
21:58:42.490 | 0x8006 | HSHELL_FLASH                 | 0x00351044 | vis=n | msrdc              | "RemoteApp"
21:58:43.023 | 0x0006 | HSHELL_REDRAW                | 0x00351044 | vis=n | msrdc              | "RemoteApp"
21:58:43.555 | 0x8006 | HSHELL_FLASH                 | 0x00351044 | vis=n | msrdc              | "RemoteApp"
21:58:44.083 | 0x0006 | HSHELL_REDRAW                | 0x00351044 | vis=n | msrdc              | "RemoteApp"
21:58:44.616 | 0x8006 | HSHELL_FLASH                 | 0x00351044 | vis=n | msrdc              | "RemoteApp"
21:58:45.149 | 0x0006 | HSHELL_REDRAW                | 0x00351044 | vis=n | msrdc              | "RemoteApp"
21:58:45.681 | 0x8006 | HSHELL_FLASH                 | 0x00351044 | vis=n | msrdc              | "RemoteApp"
21:58:46.209 | 0x0006 | HSHELL_REDRAW                | 0x00351044 | vis=n | msrdc              | "RemoteApp"
21:58:46.751 | 0x8006 | HSHELL_FLASH                 | 0x00351044 | vis=n | msrdc              | "RemoteApp"
21:58:47.284 | 0x0006 | HSHELL_REDRAW                | 0x00351044 | vis=n | msrdc              | "RemoteApp"
21:58:47.801 | 0x8006 | HSHELL_FLASH                 | 0x00351044 | vis=n | msrdc              | "RemoteApp"
21:58:48.335 | 0x0006 | HSHELL_REDRAW                | 0x00351044 | vis=n | msrdc              | "RemoteApp"
21:58:48.864 | 0x8006 | HSHELL_FLASH                 | 0x00351044 | vis=n | msrdc              | "RemoteApp"
21:58:49.402 | 0x0006 | HSHELL_REDRAW                | 0x00351044 | vis=n | msrdc              | "RemoteApp"
21:58:49.936 | 0x8006 | HSHELL_FLASH                 | 0x00351044 | vis=n | msrdc              | "RemoteApp"
21:58:50.467 | 0x0006 | HSHELL_REDRAW                | 0x00351044 | vis=n | msrdc              | "RemoteApp"
21:58:50.995 | 0x8006 | HSHELL_FLASH                 | 0x00351044 | vis=n | msrdc              | "RemoteApp"
21:58:51.520 | 0x0006 | HSHELL_REDRAW                | 0x00351044 | vis=n | msrdc              | "RemoteApp"
21:58:52.054 | 0x8006 | HSHELL_FLASH                 | 0x00351044 | vis=n | msrdc              | "RemoteApp"
21:58:52.588 | 0x0006 | HSHELL_REDRAW                | 0x00351044 | vis=n | msrdc              | "RemoteApp"
21:58:53.114 | 0x8006 | HSHELL_FLASH                 | 0x00351044 | vis=n | msrdc              | "RemoteApp"
21:58:53.655 | 0x0006 | HSHELL_REDRAW                | 0x00351044 | vis=n | msrdc              | "RemoteApp"
21:58:54.186 | 0x8006 | HSHELL_FLASH                 | 0x00351044 | vis=n | msrdc              | "RemoteApp"
21:58:54.717 | 0x0006 | HSHELL_REDRAW                | 0x00351044 | vis=n | msrdc              | "RemoteApp"
21:58:55.239 | 0x8006 | HSHELL_FLASH                 | 0x00351044 | vis=n | msrdc              | "RemoteApp"
21:58:55.772 | 0x0006 | HSHELL_REDRAW                | 0x00351044 | vis=n | msrdc              | "RemoteApp"
21:58:56.307 | 0x8006 | HSHELL_FLASH                 | 0x00351044 | vis=n | msrdc              | "RemoteApp"
21:58:56.837 | 0x0006 | HSHELL_REDRAW                | 0x00351044 | vis=n | msrdc              | "RemoteApp"
21:58:57.363 | 0x8006 | HSHELL_FLASH                 | 0x00351044 | vis=n | msrdc              | "RemoteApp"
21:58:57.897 | 0x0006 | HSHELL_REDRAW                | 0x00351044 | vis=n | msrdc              | "RemoteApp"
21:58:58.427 | 0x8006 | HSHELL_FLASH                 | 0x00351044 | vis=n | msrdc              | "RemoteApp"
21:58:58.958 | 0x0006 | HSHELL_REDRAW                | 0x00351044 | vis=n | msrdc              | "RemoteApp"
21:58:59.051 | 0x0010 | HSHELL_MONITORCHANGED        | 0x001713C2 | vis=n | pwsh               | "GDI+ Window (pwsh.exe)"
21:58:59.137 | 0x0002 | HSHELL_WINDOWDESTROYED       | 0x001713C2 | vis=n | Idle               | ""
21:58:59.491 | 0x8006 | HSHELL_FLASH                 | 0x00351044 | vis=n | msrdc              | "RemoteApp"
21:59:00.022 | 0x0006 | HSHELL_REDRAW                | 0x00351044 | vis=n | msrdc              | "RemoteApp"
21:59:00.557 | 0x8006 | HSHELL_FLASH                 | 0x00351044 | vis=n | msrdc              | "RemoteApp"
21:59:01.084 | 0x0006 | HSHELL_REDRAW                | 0x00351044 | vis=n | msrdc              | "RemoteApp"
21:59:01.623 | 0x8006 | HSHELL_FLASH                 | 0x00351044 | vis=n | msrdc              | "RemoteApp"
21:59:02.156 | 0x0006 | HSHELL_REDRAW                | 0x00351044 | vis=n | msrdc              | "RemoteApp"
21:59:02.677 | 0x8006 | HSHELL_FLASH                 | 0x00351044 | vis=n | msrdc              | "RemoteApp"
21:59:03.210 | 0x0006 | HSHELL_REDRAW                | 0x00351044 | vis=n | msrdc              | "RemoteApp"
21:59:03.743 | 0x8006 | HSHELL_FLASH                 | 0x00351044 | vis=n | msrdc              | "RemoteApp"
21:59:04.270 | 0x0006 | HSHELL_REDRAW                | 0x00351044 | vis=n | msrdc              | "RemoteApp"
21:59:04.805 | 0x8006 | HSHELL_FLASH                 | 0x00351044 | vis=n | msrdc              | "RemoteApp"
21:59:05.334 | 0x0006 | HSHELL_REDRAW                | 0x00351044 | vis=n | msrdc              | "RemoteApp"
21:59:05.866 | 0x8006 | HSHELL_FLASH                 | 0x00351044 | vis=n | msrdc              | "RemoteApp"
21:59:06.396 | 0x0006 | HSHELL_REDRAW                | 0x00351044 | vis=n | msrdc              | "RemoteApp"
21:59:06.929 | 0x8006 | HSHELL_FLASH                 | 0x00351044 | vis=n | msrdc              | "RemoteApp"
21:59:07.463 | 0x0006 | HSHELL_REDRAW                | 0x00351044 | vis=n | msrdc              | "RemoteApp"
21:59:07.996 | 0x8006 | HSHELL_FLASH                 | 0x00351044 | vis=n | msrdc              | "RemoteApp"
21:59:08.525 | 0x0006 | HSHELL_REDRAW                | 0x00351044 | vis=n | msrdc              | "RemoteApp"
21:59:09.061 | 0x8006 | HSHELL_FLASH                 | 0x00351044 | vis=n | msrdc              | "RemoteApp"
21:59:09.590 | 0x0006 | HSHELL_REDRAW                | 0x00351044 | vis=n | msrdc              | "RemoteApp"
21:59:10.114 | 0x8006 | HSHELL_FLASH                 | 0x00351044 | vis=n | msrdc              | "RemoteApp"
21:59:10.648 | 0x0006 | HSHELL_REDRAW                | 0x00351044 | vis=n | msrdc              | "RemoteApp"
21:59:11.181 | 0x8006 | HSHELL_FLASH                 | 0x00351044 | vis=n | msrdc              | "RemoteApp"
21:59:11.712 | 0x0006 | HSHELL_REDRAW                | 0x00351044 | vis=n | msrdc              | "RemoteApp"
21:59:12.242 | 0x8006 | HSHELL_FLASH                 | 0x00351044 | vis=n | msrdc              | "RemoteApp"
21:59:12.772 | 0x0006 | HSHELL_REDRAW                | 0x00351044 | vis=n | msrdc              | "RemoteApp"
21:59:13.303 | 0x8006 | HSHELL_FLASH                 | 0x00351044 | vis=n | msrdc              | "RemoteApp"
21:59:13.833 | 0x0006 | HSHELL_REDRAW                | 0x00351044 | vis=n | msrdc              | "RemoteApp"
21:59:14.365 | 0x8006 | HSHELL_FLASH                 | 0x00351044 | vis=n | msrdc              | "RemoteApp"
21:59:14.894 | 0x0006 | HSHELL_REDRAW                | 0x00351044 | vis=n | msrdc              | "RemoteApp"
21:59:15.429 | 0x8006 | HSHELL_FLASH                 | 0x00351044 | vis=n | msrdc              | "RemoteApp"
21:59:15.959 | 0x0006 | HSHELL_REDRAW                | 0x00351044 | vis=n | msrdc              | "RemoteApp"
21:59:16.501 | 0x8006 | HSHELL_FLASH                 | 0x00351044 | vis=n | msrdc              | "RemoteApp"
21:59:17.032 | 0x0006 | HSHELL_REDRAW                | 0x00351044 | vis=n | msrdc              | "RemoteApp"
21:59:17.551 | 0x8006 | HSHELL_FLASH                 | 0x00351044 | vis=n | msrdc              | "RemoteApp"
21:59:18.085 | 0x0006 | HSHELL_REDRAW                | 0x00351044 | vis=n | msrdc              | "RemoteApp"
21:59:18.619 | 0x8006 | HSHELL_FLASH                 | 0x00351044 | vis=n | msrdc              | "RemoteApp"
21:59:19.149 | 0x0006 | HSHELL_REDRAW                | 0x00351044 | vis=n | msrdc              | "RemoteApp"
21:59:19.680 | 0x8006 | HSHELL_FLASH                 | 0x00351044 | vis=n | msrdc              | "RemoteApp"
21:59:20.212 | 0x0006 | HSHELL_REDRAW                | 0x00351044 | vis=n | msrdc              | "RemoteApp"
21:59:20.741 | 0x8006 | HSHELL_FLASH                 | 0x00351044 | vis=n | msrdc              | "RemoteApp"
21:59:21.270 | 0x0006 | HSHELL_REDRAW                | 0x00351044 | vis=n | msrdc              | "RemoteApp"
21:59:21.803 | 0x8006 | HSHELL_FLASH                 | 0x00351044 | vis=n | msrdc              | "RemoteApp"
21:59:22.338 | 0x0006 | HSHELL_REDRAW                | 0x00351044 | vis=n | msrdc              | "RemoteApp"
21:59:22.863 | 0x8006 | HSHELL_FLASH                 | 0x00351044 | vis=n | msrdc              | "RemoteApp"
21:59:23.237 | 0x8006 | HSHELL_FLASH                 | 0x000E15E8 | vis=Y | WindowsTerminal    | "\u2733 Run bash sleep command and confirm completion"
21:59:23.404 | 0x0006 | HSHELL_REDRAW                | 0x00351044 | vis=n | msrdc              | "RemoteApp"
21:59:23.934 | 0x8006 | HSHELL_FLASH                 | 0x00351044 | vis=n | msrdc              | "RemoteApp"
21:59:24.464 | 0x0006 | HSHELL_REDRAW                | 0x00351044 | vis=n | msrdc              | "RemoteApp"
21:59:24.989 | 0x8006 | HSHELL_FLASH                 | 0x00351044 | vis=n | msrdc              | "RemoteApp"
21:59:25.523 | 0x0006 | HSHELL_REDRAW                | 0x00351044 | vis=n | msrdc              | "RemoteApp"
21:59:26.057 | 0x8006 | HSHELL_FLASH                 | 0x00351044 | vis=n | msrdc              | "RemoteApp"
21:59:26.591 | 0x0006 | HSHELL_REDRAW                | 0x00351044 | vis=n | msrdc              | "RemoteApp"
21:59:27.123 | 0x8006 | HSHELL_FLASH                 | 0x00351044 | vis=n | msrdc              | "RemoteApp"
21:59:27.651 | 0x0006 | HSHELL_REDRAW                | 0x00351044 | vis=n | msrdc              | "RemoteApp"
21:59:28.181 | 0x8006 | HSHELL_FLASH                 | 0x00351044 | vis=n | msrdc              | "RemoteApp"
21:59:28.708 | 0x0006 | HSHELL_REDRAW                | 0x00351044 | vis=n | msrdc              | "RemoteApp"
21:59:29.242 | 0x8006 | HSHELL_FLASH                 | 0x00351044 | vis=n | msrdc              | "RemoteApp"
21:59:29.770 | 0x0006 | HSHELL_REDRAW                | 0x00351044 | vis=n | msrdc              | "RemoteApp"
21:59:30.300 | 0x8006 | HSHELL_FLASH                 | 0x00351044 | vis=n | msrdc              | "RemoteApp"
21:59:30.832 | 0x0006 | HSHELL_REDRAW                | 0x00351044 | vis=n | msrdc              | "RemoteApp"
21:59:31.374 | 0x8006 | HSHELL_FLASH                 | 0x00351044 | vis=n | msrdc              | "RemoteApp"
21:59:31.899 | 0x0006 | HSHELL_REDRAW                | 0x00351044 | vis=n | msrdc              | "RemoteApp"
21:59:32.427 | 0x8006 | HSHELL_FLASH                 | 0x00351044 | vis=n | msrdc              | "RemoteApp"
21:59:32.961 | 0x0006 | HSHELL_REDRAW                | 0x00351044 | vis=n | msrdc              | "RemoteApp"
21:59:33.490 | 0x8006 | HSHELL_FLASH                 | 0x00351044 | vis=n | msrdc              | "RemoteApp"
21:59:34.025 | 0x0006 | HSHELL_REDRAW                | 0x00351044 | vis=n | msrdc              | "RemoteApp"
21:59:34.559 | 0x8006 | HSHELL_FLASH                 | 0x00351044 | vis=n | msrdc              | "RemoteApp"
21:59:35.089 | 0x0006 | HSHELL_REDRAW                | 0x00351044 | vis=n | msrdc              | "RemoteApp"
21:59:35.626 | 0x8006 | HSHELL_FLASH                 | 0x00351044 | vis=n | msrdc              | "RemoteApp"
21:59:36.147 | 0x0006 | HSHELL_REDRAW                | 0x00351044 | vis=n | msrdc              | "RemoteApp"
21:59:36.679 | 0x8006 | HSHELL_FLASH                 | 0x00351044 | vis=n | msrdc              | "RemoteApp"
21:59:37.213 | 0x0006 | HSHELL_REDRAW                | 0x00351044 | vis=n | msrdc              | "RemoteApp"
21:59:37.743 | 0x8006 | HSHELL_FLASH                 | 0x00351044 | vis=n | msrdc              | "RemoteApp"
21:59:38.272 | 0x0006 | HSHELL_REDRAW                | 0x00351044 | vis=n | msrdc              | "RemoteApp"
21:59:38.805 | 0x8006 | HSHELL_FLASH                 | 0x00351044 | vis=n | msrdc              | "RemoteApp"
21:59:39.335 | 0x0006 | HSHELL_REDRAW                | 0x00351044 | vis=n | msrdc              | "RemoteApp"
21:59:39.864 | 0x8006 | HSHELL_FLASH                 | 0x00351044 | vis=n | msrdc              | "RemoteApp"
21:59:40.397 | 0x0006 | HSHELL_REDRAW                | 0x00351044 | vis=n | msrdc              | "RemoteApp"
21:59:40.929 | 0x8006 | HSHELL_FLASH                 | 0x00351044 | vis=n | msrdc              | "RemoteApp"
21:59:41.459 | 0x0006 | HSHELL_REDRAW                | 0x00351044 | vis=n | msrdc              | "RemoteApp"
21:59:41.991 | 0x8006 | HSHELL_FLASH                 | 0x00351044 | vis=n | msrdc              | "RemoteApp"
21:59:42.531 | 0x0006 | HSHELL_REDRAW                | 0x00351044 | vis=n | msrdc              | "RemoteApp"
21:59:43.062 | 0x8006 | HSHELL_FLASH                 | 0x00351044 | vis=n | msrdc              | "RemoteApp"
21:59:43.583 | 0x0006 | HSHELL_REDRAW                | 0x00351044 | vis=n | msrdc              | "RemoteApp"
21:59:44.116 | 0x8006 | HSHELL_FLASH                 | 0x00351044 | vis=n | msrdc              | "RemoteApp"
21:59:44.650 | 0x0006 | HSHELL_REDRAW                | 0x00351044 | vis=n | msrdc              | "RemoteApp"
21:59:45.185 | 0x8006 | HSHELL_FLASH                 | 0x00351044 | vis=n | msrdc              | "RemoteApp"
21:59:45.717 | 0x0006 | HSHELL_REDRAW                | 0x00351044 | vis=n | msrdc              | "RemoteApp"
21:59:46.246 | 0x8006 | HSHELL_FLASH                 | 0x00351044 | vis=n | msrdc              | "RemoteApp"
21:59:46.780 | 0x0006 | HSHELL_REDRAW                | 0x00351044 | vis=n | msrdc              | "RemoteApp"
21:59:47.302 | 0x8006 | HSHELL_FLASH                 | 0x00351044 | vis=n | msrdc              | "RemoteApp"
21:59:47.836 | 0x0006 | HSHELL_REDRAW                | 0x00351044 | vis=n | msrdc              | "RemoteApp"
21:59:48.364 | 0x8006 | HSHELL_FLASH                 | 0x00351044 | vis=n | msrdc              | "RemoteApp"
21:59:48.903 | 0x0006 | HSHELL_REDRAW                | 0x00351044 | vis=n | msrdc              | "RemoteApp"
21:59:49.436 | 0x8006 | HSHELL_FLASH                 | 0x00351044 | vis=n | msrdc              | "RemoteApp"
21:59:49.965 | 0x0006 | HSHELL_REDRAW                | 0x00351044 | vis=n | msrdc              | "RemoteApp"
21:59:50.496 | 0x8006 | HSHELL_FLASH                 | 0x00351044 | vis=n | msrdc              | "RemoteApp"
21:59:51.021 | 0x0006 | HSHELL_REDRAW                | 0x00351044 | vis=n | msrdc              | "RemoteApp"
21:59:51.552 | 0x8006 | HSHELL_FLASH                 | 0x00351044 | vis=n | msrdc              | "RemoteApp"
21:59:52.083 | 0x0006 | HSHELL_REDRAW                | 0x00351044 | vis=n | msrdc              | "RemoteApp"
21:59:52.617 | 0x8006 | HSHELL_FLASH                 | 0x00351044 | vis=n | msrdc              | "RemoteApp"
21:59:53.147 | 0x0006 | HSHELL_REDRAW                | 0x00351044 | vis=n | msrdc              | "RemoteApp"
21:59:53.683 | 0x8006 | HSHELL_FLASH                 | 0x00351044 | vis=n | msrdc              | "RemoteApp"
21:59:54.213 | 0x0006 | HSHELL_REDRAW                | 0x00351044 | vis=n | msrdc              | "RemoteApp"
21:59:54.740 | 0x8006 | HSHELL_FLASH                 | 0x00351044 | vis=n | msrdc              | "RemoteApp"
21:59:55.273 | 0x0006 | HSHELL_REDRAW                | 0x00351044 | vis=n | msrdc              | "RemoteApp"
21:59:55.454 | 0x0035 | HSHELL_UNKNOWN(53)           | 0x000509B4 | vis=Y | explorer           | ""
21:59:55.803 | 0x8006 | HSHELL_FLASH                 | 0x00351044 | vis=n | msrdc              | "RemoteApp"
21:59:55.819 | 0x0004 | HSHELL_WINDOWACTIVATED       | 0x00000000 | vis=n | Idle               | ""
21:59:55.940 | 0x0036 | HSHELL_UNKNOWN(54)           | 0x000509B4 | vis=n | explorer           | ""
21:59:55.946 | 0x0004 | HSHELL_WINDOWACTIVATED       | 0x001F0F4A | vis=Y | WindowsTerminal    | "\u25D0 test_bell"
21:59:56.341 | 0x0006 | HSHELL_REDRAW                | 0x00351044 | vis=n | msrdc              | "RemoteApp"
21:59:56.864 | 0x8006 | HSHELL_FLASH                 | 0x00351044 | vis=n | msrdc              | "RemoteApp"
21:59:56.953 | 0x0006 | HSHELL_REDRAW                | 0x001F0F4A | vis=Y | WindowsTerminal    | "\u25D1 test_bell"
21:59:57.398 | 0x0006 | HSHELL_REDRAW                | 0x00351044 | vis=n | msrdc              | "RemoteApp"
21:59:57.915 | 0x0006 | HSHELL_REDRAW                | 0x001F0F4A | vis=Y | WindowsTerminal    | "\u25D0 test_bell"
21:59:57.930 | 0x8006 | HSHELL_FLASH                 | 0x00351044 | vis=n | msrdc              | "RemoteApp"
21:59:58.458 | 0x0006 | HSHELL_REDRAW                | 0x00351044 | vis=n | msrdc              | "RemoteApp"
21:59:58.874 | 0x0006 | HSHELL_REDRAW                | 0x001F0F4A | vis=Y | WindowsTerminal    | "\u25D1 test_bell"
21:59:58.990 | 0x8006 | HSHELL_FLASH                 | 0x00351044 | vis=n | msrdc              | "RemoteApp"
21:59:59.522 | 0x0006 | HSHELL_REDRAW                | 0x00351044 | vis=n | msrdc              | "RemoteApp"
21:59:59.836 | 0x0006 | HSHELL_REDRAW                | 0x001F0F4A | vis=Y | WindowsTerminal    | "\u25D0 test_bell"
22:00:00.059 | 0x8006 | HSHELL_FLASH                 | 0x00351044 | vis=n | msrdc              | "RemoteApp"
22:00:00.312 | 0x0006 | HSHELL_REDRAW                | 0x003F1512 | vis=n | WindowsTerminal    | "Windows Terminal"
22:00:00.312 | 0x0010 | HSHELL_MONITORCHANGED        | 0x003F1512 | vis=n | WindowsTerminal    | "Windows Terminal"
22:00:00.329 | 0x0001 | HSHELL_WINDOWCREATED         | 0x003F1512 | vis=Y | WindowsTerminal    | "Windows Terminal"
22:00:00.330 | 0x0004 | HSHELL_WINDOWACTIVATED       | 0x003F1512 | vis=Y | WindowsTerminal    | "Windows Terminal"
22:00:00.334 | 0x0006 | HSHELL_REDRAW                | 0x003F1512 | vis=Y | WindowsTerminal    | "Terminal"
22:00:00.339 | 0x0006 | HSHELL_REDRAW                | 0x00630C56 | vis=n | WindowsTerminal    | "Windows Terminal"
22:00:00.339 | 0x0010 | HSHELL_MONITORCHANGED        | 0x00630C56 | vis=n | WindowsTerminal    | "Windows Terminal"
22:00:00.353 | 0x0001 | HSHELL_WINDOWCREATED         | 0x00630C56 | vis=Y | WindowsTerminal    | "Windows Terminal"
22:00:00.354 | 0x0004 | HSHELL_WINDOWACTIVATED       | 0x00630C56 | vis=Y | WindowsTerminal    | "Windows Terminal"
22:00:00.355 | 0x0006 | HSHELL_REDRAW                | 0x00630C56 | vis=Y | WindowsTerminal    | "Terminal"
22:00:00.391 | 0x0004 | HSHELL_WINDOWACTIVATED       | 0x003F1512 | vis=Y | WindowsTerminal    | "Terminal"
22:00:00.421 | 0x0004 | HSHELL_WINDOWACTIVATED       | 0x00630C56 | vis=Y | WindowsTerminal    | "Terminal"
22:00:00.446 | 0x0006 | HSHELL_REDRAW                | 0x003F1512 | vis=Y | WindowsTerminal    | "C:\\WINDOWS\\System32\\WindowsPowerShell\\v1.0\\powershell.exe"
22:00:00.447 | 0x0006 | HSHELL_REDRAW                | 0x00630C56 | vis=Y | WindowsTerminal    | "C:\\WINDOWS\\System32\\WindowsPowerShell\\v1.0\\powershell.exe"
22:00:00.454 | 0x0006 | HSHELL_REDRAW                | 0x003F1512 | vis=Y | WindowsTerminal    | "Windows PowerShell"
22:00:00.456 | 0x0006 | HSHELL_REDRAW                | 0x00630C56 | vis=Y | WindowsTerminal    | "Windows PowerShell"
22:00:00.469 | 0x0004 | HSHELL_WINDOWACTIVATED       | 0x003F1512 | vis=Y | WindowsTerminal    | "Windows PowerShell"
22:00:00.584 | 0x0006 | HSHELL_REDRAW                | 0x00351044 | vis=n | msrdc              | "RemoteApp"
22:00:00.663 | 0x0006 | HSHELL_REDRAW                | 0x00630C56 | vis=Y | WindowsTerminal    | "CLAUDE-AFK"
22:00:00.663 | 0x0006 | HSHELL_REDRAW                | 0x003F1512 | vis=Y | WindowsTerminal    | "CLAUDE-CLEAN"
22:00:00.887 | 0x0006 | HSHELL_REDRAW                | 0x003F1512 | vis=Y | WindowsTerminal    | "claude"
22:00:00.913 | 0x0006 | HSHELL_REDRAW                | 0x00630C56 | vis=Y | WindowsTerminal    | "claude"
22:00:01.128 | 0x8006 | HSHELL_FLASH                 | 0x00351044 | vis=n | msrdc              | "RemoteApp"
22:00:01.182 | 0x0006 | HSHELL_REDRAW                | 0x00630C56 | vis=Y | WindowsTerminal    | "\u2733 Claude Code"
22:00:01.189 | 0x0006 | HSHELL_REDRAW                | 0x003F1512 | vis=Y | WindowsTerminal    | "\u2733 Claude Code"
22:00:01.394 | 0x0006 | HSHELL_REDRAW                | 0x003F1512 | vis=Y | WindowsTerminal    | "\u25D0 Claude Code"
22:00:01.425 | 0x0006 | HSHELL_REDRAW                | 0x00630C56 | vis=Y | WindowsTerminal    | "\u25D0 Claude Code"
22:00:01.659 | 0x0006 | HSHELL_REDRAW                | 0x00351044 | vis=n | msrdc              | "RemoteApp"
22:00:02.178 | 0x8006 | HSHELL_FLASH                 | 0x00351044 | vis=n | msrdc              | "RemoteApp"
22:00:02.251 | 0x0006 | HSHELL_REDRAW                | 0x003F1512 | vis=Y | WindowsTerminal    | "\u25D0 Run background sleep command and monitor completion"
22:00:02.269 | 0x0006 | HSHELL_REDRAW                | 0x00630C56 | vis=Y | WindowsTerminal    | "\u25D0 Run background sleep command and confirm completion"
22:00:02.465 | 0x0006 | HSHELL_REDRAW                | 0x003F1512 | vis=Y | WindowsTerminal    | "\u25D1 Run background sleep command and monitor completion"
22:00:02.481 | 0x0006 | HSHELL_REDRAW                | 0x00630C56 | vis=Y | WindowsTerminal    | "\u25D1 Run background sleep command and confirm completion"
22:00:02.712 | 0x0006 | HSHELL_REDRAW                | 0x00351044 | vis=n | msrdc              | "RemoteApp"
22:00:03.244 | 0x8006 | HSHELL_FLASH                 | 0x00351044 | vis=n | msrdc              | "RemoteApp"
22:00:03.316 | 0x0006 | HSHELL_REDRAW                | 0x003F1512 | vis=Y | WindowsTerminal    | "\u25D0 Run background sleep command and monitor completion"
22:00:03.347 | 0x0006 | HSHELL_REDRAW                | 0x00630C56 | vis=Y | WindowsTerminal    | "\u25D0 Run background sleep command and confirm completion"
22:00:03.777 | 0x0006 | HSHELL_REDRAW                | 0x00351044 | vis=n | msrdc              | "RemoteApp"
22:00:04.277 | 0x0006 | HSHELL_REDRAW                | 0x003F1512 | vis=Y | WindowsTerminal    | "\u25D1 Run background sleep command and monitor completion"
22:00:04.308 | 0x8006 | HSHELL_FLASH                 | 0x00351044 | vis=n | msrdc              | "RemoteApp"
22:00:04.308 | 0x0006 | HSHELL_REDRAW                | 0x00630C56 | vis=Y | WindowsTerminal    | "\u25D1 Run background sleep command and confirm completion"
22:00:04.615 | 0x0004 | HSHELL_WINDOWACTIVATED       | 0x00000000 | vis=n | Idle               | ""
22:00:04.716 | 0x0004 | HSHELL_WINDOWACTIVATED       | 0x001F0F4A | vis=Y | WindowsTerminal    | "\u25D0 test_bell"
22:00:04.835 | 0x0006 | HSHELL_REDRAW                | 0x00351044 | vis=n | msrdc              | "RemoteApp"
22:00:04.876 | 0x0006 | HSHELL_REDRAW                | 0x003F1512 | vis=Y | WindowsTerminal    | "\u2733 Run background sleep command and monitor completion"
22:00:05.269 | 0x0006 | HSHELL_REDRAW                | 0x00630C56 | vis=Y | WindowsTerminal    | "\u25D0 Run background sleep command and confirm completion"
22:00:05.366 | 0x8006 | HSHELL_FLASH                 | 0x00351044 | vis=n | msrdc              | "RemoteApp"
22:00:05.724 | 0x0006 | HSHELL_REDRAW                | 0x001F0F4A | vis=Y | WindowsTerminal    | "\u25D1 test_bell"
22:00:05.896 | 0x0006 | HSHELL_REDRAW                | 0x00351044 | vis=n | msrdc              | "RemoteApp"
22:00:06.230 | 0x0006 | HSHELL_REDRAW                | 0x00630C56 | vis=Y | WindowsTerminal    | "\u25D1 Run background sleep command and confirm completion"
22:00:06.426 | 0x8006 | HSHELL_FLASH                 | 0x00351044 | vis=n | msrdc              | "RemoteApp"
22:00:06.685 | 0x0006 | HSHELL_REDRAW                | 0x001F0F4A | vis=Y | WindowsTerminal    | "\u25D0 test_bell"
22:00:06.958 | 0x0006 | HSHELL_REDRAW                | 0x00351044 | vis=n | msrdc              | "RemoteApp"
22:00:07.191 | 0x0006 | HSHELL_REDRAW                | 0x00630C56 | vis=Y | WindowsTerminal    | "\u25D0 Run background sleep command and confirm completion"
22:00:07.219 | 0x0004 | HSHELL_WINDOWACTIVATED       | 0x00060A04 | vis=Y | vlc                | "Shaun.Of.The.Dead.2004.1080p.BluRay.DTS.x264-CtrlHD.mkv - VLC media player"
22:00:07.491 | 0x8006 | HSHELL_FLASH                 | 0x00351044 | vis=n | msrdc              | "RemoteApp"
22:00:08.024 | 0x0006 | HSHELL_REDRAW                | 0x00351044 | vis=n | msrdc              | "RemoteApp"
22:00:08.152 | 0x0006 | HSHELL_REDRAW                | 0x00630C56 | vis=Y | WindowsTerminal    | "\u25D1 Run background sleep command and confirm completion"
22:00:08.554 | 0x8006 | HSHELL_FLASH                 | 0x00351044 | vis=n | msrdc              | "RemoteApp"
22:00:09.082 | 0x0006 | HSHELL_REDRAW                | 0x00351044 | vis=n | msrdc              | "RemoteApp"
22:00:09.112 | 0x0006 | HSHELL_REDRAW                | 0x00630C56 | vis=Y | WindowsTerminal    | "\u25D0 Run background sleep command and confirm completion"
22:00:09.614 | 0x8006 | HSHELL_FLASH                 | 0x00351044 | vis=n | msrdc              | "RemoteApp"
22:00:10.074 | 0x0006 | HSHELL_REDRAW                | 0x00630C56 | vis=Y | WindowsTerminal    | "\u25D1 Run background sleep command and confirm completion"
22:00:10.148 | 0x0006 | HSHELL_REDRAW                | 0x00351044 | vis=n | msrdc              | "RemoteApp"
22:00:10.682 | 0x8006 | HSHELL_FLASH                 | 0x00351044 | vis=n | msrdc              | "RemoteApp"
22:00:11.034 | 0x0006 | HSHELL_REDRAW                | 0x00630C56 | vis=Y | WindowsTerminal    | "\u25D0 Run background sleep command and confirm completion"
22:00:11.217 | 0x0006 | HSHELL_REDRAW                | 0x00351044 | vis=n | msrdc              | "RemoteApp"
22:00:11.740 | 0x8006 | HSHELL_FLASH                 | 0x00351044 | vis=n | msrdc              | "RemoteApp"
22:00:11.995 | 0x0006 | HSHELL_REDRAW                | 0x00630C56 | vis=Y | WindowsTerminal    | "\u25D1 Run background sleep command and confirm completion"
22:00:12.274 | 0x0006 | HSHELL_REDRAW                | 0x00351044 | vis=n | msrdc              | "RemoteApp"
22:00:12.808 | 0x8006 | HSHELL_FLASH                 | 0x00351044 | vis=n | msrdc              | "RemoteApp"
22:00:12.955 | 0x0006 | HSHELL_REDRAW                | 0x00630C56 | vis=Y | WindowsTerminal    | "\u25D0 Run background sleep command and confirm completion"
22:00:13.333 | 0x0006 | HSHELL_REDRAW                | 0x00351044 | vis=n | msrdc              | "RemoteApp"
22:00:13.863 | 0x8006 | HSHELL_FLASH                 | 0x00351044 | vis=n | msrdc              | "RemoteApp"
22:00:13.917 | 0x0006 | HSHELL_REDRAW                | 0x00630C56 | vis=Y | WindowsTerminal    | "\u25D1 Run background sleep command and confirm completion"
22:00:14.401 | 0x0006 | HSHELL_REDRAW                | 0x00351044 | vis=n | msrdc              | "RemoteApp"
22:00:14.877 | 0x0006 | HSHELL_REDRAW                | 0x00630C56 | vis=Y | WindowsTerminal    | "\u25D0 Run background sleep command and confirm completion"
22:00:14.935 | 0x8006 | HSHELL_FLASH                 | 0x00351044 | vis=n | msrdc              | "RemoteApp"
22:00:15.466 | 0x0006 | HSHELL_REDRAW                | 0x00351044 | vis=n | msrdc              | "RemoteApp"
22:00:15.838 | 0x0006 | HSHELL_REDRAW                | 0x00630C56 | vis=Y | WindowsTerminal    | "\u25D1 Run background sleep command and confirm completion"
22:00:15.997 | 0x8006 | HSHELL_FLASH                 | 0x00351044 | vis=n | msrdc              | "RemoteApp"
22:00:16.527 | 0x0006 | HSHELL_REDRAW                | 0x00351044 | vis=n | msrdc              | "RemoteApp"
22:00:16.799 | 0x0006 | HSHELL_REDRAW                | 0x00630C56 | vis=Y | WindowsTerminal    | "\u25D0 Run background sleep command and confirm completion"
22:00:17.053 | 0x8006 | HSHELL_FLASH                 | 0x00351044 | vis=n | msrdc              | "RemoteApp"
22:00:17.586 | 0x0006 | HSHELL_REDRAW                | 0x00351044 | vis=n | msrdc              | "RemoteApp"
22:00:17.759 | 0x0006 | HSHELL_REDRAW                | 0x00630C56 | vis=Y | WindowsTerminal    | "\u25D1 Run background sleep command and confirm completion"
22:00:18.119 | 0x8006 | HSHELL_FLASH                 | 0x00351044 | vis=n | msrdc              | "RemoteApp"
22:00:18.652 | 0x0006 | HSHELL_REDRAW                | 0x00351044 | vis=n | msrdc              | "RemoteApp"
22:00:18.721 | 0x0006 | HSHELL_REDRAW                | 0x00630C56 | vis=Y | WindowsTerminal    | "\u25D0 Run background sleep command and confirm completion"
22:00:19.183 | 0x8006 | HSHELL_FLASH                 | 0x00351044 | vis=n | msrdc              | "RemoteApp"
22:00:19.681 | 0x0006 | HSHELL_REDRAW                | 0x00630C56 | vis=Y | WindowsTerminal    | "\u25D1 Run background sleep command and confirm completion"
22:00:19.714 | 0x0006 | HSHELL_REDRAW                | 0x00351044 | vis=n | msrdc              | "RemoteApp"
22:00:20.247 | 0x8006 | HSHELL_FLASH                 | 0x00351044 | vis=n | msrdc              | "RemoteApp"
22:00:20.642 | 0x0006 | HSHELL_REDRAW                | 0x00630C56 | vis=Y | WindowsTerminal    | "\u25D0 Run background sleep command and confirm completion"
22:00:20.771 | 0x0006 | HSHELL_REDRAW                | 0x00351044 | vis=n | msrdc              | "RemoteApp"
22:00:21.305 | 0x8006 | HSHELL_FLASH                 | 0x00351044 | vis=n | msrdc              | "RemoteApp"
22:00:21.603 | 0x0006 | HSHELL_REDRAW                | 0x00630C56 | vis=Y | WindowsTerminal    | "\u25D1 Run background sleep command and confirm completion"
22:00:21.839 | 0x0006 | HSHELL_REDRAW                | 0x00351044 | vis=n | msrdc              | "RemoteApp"
22:00:22.368 | 0x8006 | HSHELL_FLASH                 | 0x00351044 | vis=n | msrdc              | "RemoteApp"
22:00:22.564 | 0x0006 | HSHELL_REDRAW                | 0x00630C56 | vis=Y | WindowsTerminal    | "\u25D0 Run background sleep command and confirm completion"
22:00:22.898 | 0x0006 | HSHELL_REDRAW                | 0x00351044 | vis=n | msrdc              | "RemoteApp"
22:00:23.431 | 0x8006 | HSHELL_FLASH                 | 0x00351044 | vis=n | msrdc              | "RemoteApp"
22:00:23.526 | 0x0006 | HSHELL_REDRAW                | 0x00630C56 | vis=Y | WindowsTerminal    | "\u25D1 Run background sleep command and confirm completion"
22:00:23.961 | 0x0006 | HSHELL_REDRAW                | 0x00351044 | vis=n | msrdc              | "RemoteApp"
22:00:24.487 | 0x0006 | HSHELL_REDRAW                | 0x00630C56 | vis=Y | WindowsTerminal    | "\u25D0 Run background sleep command and confirm completion"
22:00:24.489 | 0x8006 | HSHELL_FLASH                 | 0x00351044 | vis=n | msrdc              | "RemoteApp"
22:00:25.024 | 0x0006 | HSHELL_REDRAW                | 0x00351044 | vis=n | msrdc              | "RemoteApp"
22:00:25.449 | 0x0006 | HSHELL_REDRAW                | 0x00630C56 | vis=Y | WindowsTerminal    | "\u25D1 Run background sleep command and confirm completion"
22:00:25.552 | 0x8006 | HSHELL_FLASH                 | 0x00351044 | vis=n | msrdc              | "RemoteApp"
22:00:26.085 | 0x0006 | HSHELL_REDRAW                | 0x00351044 | vis=n | msrdc              | "RemoteApp"
22:00:26.410 | 0x0006 | HSHELL_REDRAW                | 0x00630C56 | vis=Y | WindowsTerminal    | "\u25D0 Run background sleep command and confirm completion"
22:00:26.618 | 0x8006 | HSHELL_FLASH                 | 0x00351044 | vis=n | msrdc              | "RemoteApp"
22:00:27.147 | 0x0006 | HSHELL_REDRAW                | 0x00351044 | vis=n | msrdc              | "RemoteApp"
22:00:27.371 | 0x0006 | HSHELL_REDRAW                | 0x00630C56 | vis=Y | WindowsTerminal    | "\u25D1 Run background sleep command and confirm completion"
22:00:27.683 | 0x8006 | HSHELL_FLASH                 | 0x00351044 | vis=n | msrdc              | "RemoteApp"
22:00:28.209 | 0x0006 | HSHELL_REDRAW                | 0x00351044 | vis=n | msrdc              | "RemoteApp"
22:00:28.331 | 0x0006 | HSHELL_REDRAW                | 0x00630C56 | vis=Y | WindowsTerminal    | "\u25D0 Run background sleep command and confirm completion"
22:00:28.743 | 0x8006 | HSHELL_FLASH                 | 0x00351044 | vis=n | msrdc              | "RemoteApp"
22:00:29.276 | 0x0006 | HSHELL_REDRAW                | 0x00351044 | vis=n | msrdc              | "RemoteApp"
22:00:29.290 | 0x0005 | HSHELL_GETMINRECT            | 0xEC17D7E380 | vis=n | Idle               | ""
22:00:29.291 | 0x0006 | HSHELL_REDRAW                | 0x00630C56 | vis=Y | WindowsTerminal    | "\u25D1 Run background sleep command and confirm completion"
22:00:29.548 | 0x0005 | HSHELL_GETMINRECT            | 0xEC17D7E380 | vis=n | Idle               | ""
22:00:29.554 | 0x0005 | HSHELL_GETMINRECT            | 0xEC17D7E380 | vis=n | Idle               | ""
22:00:29.802 | 0x8006 | HSHELL_FLASH                 | 0x00351044 | vis=n | msrdc              | "RemoteApp"
22:00:29.832 | 0x0005 | HSHELL_GETMINRECT            | 0xEC17D7E380 | vis=n | Idle               | ""
22:00:30.253 | 0x0006 | HSHELL_REDRAW                | 0x00630C56 | vis=Y | WindowsTerminal    | "\u25D0 Run background sleep command and confirm completion"
22:00:30.344 | 0x0006 | HSHELL_REDRAW                | 0x00351044 | vis=n | msrdc              | "RemoteApp"
22:00:30.866 | 0x8006 | HSHELL_FLASH                 | 0x00351044 | vis=n | msrdc              | "RemoteApp"
22:00:31.214 | 0x0006 | HSHELL_REDRAW                | 0x00630C56 | vis=Y | WindowsTerminal    | "\u25D1 Run background sleep command and confirm completion"
22:00:31.410 | 0x0006 | HSHELL_REDRAW                | 0x00351044 | vis=n | msrdc              | "RemoteApp"
22:00:31.945 | 0x8006 | HSHELL_FLASH                 | 0x00351044 | vis=n | msrdc              | "RemoteApp"
22:00:32.175 | 0x0006 | HSHELL_REDRAW                | 0x00630C56 | vis=Y | WindowsTerminal    | "\u25D0 Run background sleep command and confirm completion"
22:00:32.478 | 0x0006 | HSHELL_REDRAW                | 0x00351044 | vis=n | msrdc              | "RemoteApp"
22:00:33.004 | 0x8006 | HSHELL_FLASH                 | 0x00351044 | vis=n | msrdc              | "RemoteApp"
22:00:33.135 | 0x0006 | HSHELL_REDRAW                | 0x00630C56 | vis=Y | WindowsTerminal    | "\u25D1 Run background sleep command and confirm completion"
22:00:33.545 | 0x0006 | HSHELL_REDRAW                | 0x00351044 | vis=n | msrdc              | "RemoteApp"
22:00:33.921 | 0x0006 | HSHELL_REDRAW                | 0x003F1512 | vis=Y | WindowsTerminal    | "\u25D1 Run background sleep command and monitor completion"
22:00:34.079 | 0x8006 | HSHELL_FLASH                 | 0x00351044 | vis=n | msrdc              | "RemoteApp"
22:00:34.096 | 0x0006 | HSHELL_REDRAW                | 0x00630C56 | vis=Y | WindowsTerminal    | "\u25D0 Run background sleep command and confirm completion"
22:00:34.609 | 0x0006 | HSHELL_REDRAW                | 0x00351044 | vis=n | msrdc              | "RemoteApp"
22:00:35.060 | 0x0006 | HSHELL_REDRAW                | 0x00630C56 | vis=Y | WindowsTerminal    | "\u25D1 Run background sleep command and confirm completion"
22:00:35.129 | 0x8006 | HSHELL_FLASH                 | 0x00351044 | vis=n | msrdc              | "RemoteApp"
22:00:35.263 | 0x0006 | HSHELL_REDRAW                | 0x00630C56 | vis=Y | WindowsTerminal    | "\u2733 Run background sleep command and confirm completion"
22:00:35.602 | 0x0006 | HSHELL_REDRAW                | 0x003F1512 | vis=Y | WindowsTerminal    | "\u2733 Run background sleep command and monitor completion"
22:00:35.663 | 0x0006 | HSHELL_REDRAW                | 0x00351044 | vis=n | msrdc              | "RemoteApp"
22:00:36.197 | 0x8006 | HSHELL_FLASH                 | 0x00351044 | vis=n | msrdc              | "RemoteApp"
22:00:36.724 | 0x0006 | HSHELL_REDRAW                | 0x00351044 | vis=n | msrdc              | "RemoteApp"
22:00:37.258 | 0x8006 | HSHELL_FLASH                 | 0x00351044 | vis=n | msrdc              | "RemoteApp"
22:00:37.786 | 0x0006 | HSHELL_REDRAW                | 0x00351044 | vis=n | msrdc              | "RemoteApp"
22:00:38.318 | 0x8006 | HSHELL_FLASH                 | 0x00351044 | vis=n | msrdc              | "RemoteApp"
22:00:38.848 | 0x0006 | HSHELL_REDRAW                | 0x00351044 | vis=n | msrdc              | "RemoteApp"
22:00:39.379 | 0x8006 | HSHELL_FLASH                 | 0x00351044 | vis=n | msrdc              | "RemoteApp"
22:00:39.911 | 0x0006 | HSHELL_REDRAW                | 0x00351044 | vis=n | msrdc              | "RemoteApp"
22:00:40.443 | 0x8006 | HSHELL_FLASH                 | 0x00351044 | vis=n | msrdc              | "RemoteApp"
22:00:40.975 | 0x0006 | HSHELL_REDRAW                | 0x00351044 | vis=n | msrdc              | "RemoteApp"
22:00:41.517 | 0x8006 | HSHELL_FLASH                 | 0x00351044 | vis=n | msrdc              | "RemoteApp"
22:00:42.046 | 0x0006 | HSHELL_REDRAW                | 0x00351044 | vis=n | msrdc              | "RemoteApp"
22:00:42.567 | 0x8006 | HSHELL_FLASH                 | 0x00351044 | vis=n | msrdc              | "RemoteApp"
22:00:43.101 | 0x0006 | HSHELL_REDRAW                | 0x00351044 | vis=n | msrdc              | "RemoteApp"
22:00:43.378 | 0x0006 | HSHELL_REDRAW                | 0x1A470FD6 | vis=Y | Telegram           | "\u200EBeavers \u2013 (2)"
22:00:43.378 | 0x0006 | HSHELL_REDRAW                | 0x1A470FD6 | vis=Y | Telegram           | "\u200EBeavers \u2013 (2)"
22:00:43.378 | 0x0006 | HSHELL_REDRAW                | 0x1A470FD6 | vis=Y | Telegram           | "\u200EBeavers \u2013 (2)"
22:00:43.635 | 0x8006 | HSHELL_FLASH                 | 0x00351044 | vis=n | msrdc              | "RemoteApp"
22:00:44.164 | 0x0006 | HSHELL_REDRAW                | 0x00351044 | vis=n | msrdc              | "RemoteApp"
22:00:44.697 | 0x8006 | HSHELL_FLASH                 | 0x00351044 | vis=n | msrdc              | "RemoteApp"
22:00:45.227 | 0x0006 | HSHELL_REDRAW                | 0x00351044 | vis=n | msrdc              | "RemoteApp"
22:00:45.758 | 0x8006 | HSHELL_FLASH                 | 0x00351044 | vis=n | msrdc              | "RemoteApp"
22:00:46.285 | 0x0006 | HSHELL_REDRAW                | 0x00351044 | vis=n | msrdc              | "RemoteApp"
22:00:46.819 | 0x8006 | HSHELL_FLASH                 | 0x00351044 | vis=n | msrdc              | "RemoteApp"
22:00:47.352 | 0x0006 | HSHELL_REDRAW                | 0x00351044 | vis=n | msrdc              | "RemoteApp"
22:00:47.880 | 0x8006 | HSHELL_FLASH                 | 0x00351044 | vis=n | msrdc              | "RemoteApp"
22:00:48.420 | 0x0006 | HSHELL_REDRAW                | 0x00351044 | vis=n | msrdc              | "RemoteApp"
22:00:48.955 | 0x8006 | HSHELL_FLASH                 | 0x00351044 | vis=n | msrdc              | "RemoteApp"
22:00:49.487 | 0x0006 | HSHELL_REDRAW                | 0x00351044 | vis=n | msrdc              | "RemoteApp"
22:00:50.005 | 0x8006 | HSHELL_FLASH                 | 0x00351044 | vis=n | msrdc              | "RemoteApp"
22:00:50.538 | 0x0006 | HSHELL_REDRAW                | 0x00351044 | vis=n | msrdc              | "RemoteApp"
22:00:51.072 | 0x8006 | HSHELL_FLASH                 | 0x00351044 | vis=n | msrdc              | "RemoteApp"
22:00:51.603 | 0x0006 | HSHELL_REDRAW                | 0x00351044 | vis=n | msrdc              | "RemoteApp"
22:00:52.137 | 0x8006 | HSHELL_FLASH                 | 0x00351044 | vis=n | msrdc              | "RemoteApp"
22:00:52.667 | 0x0006 | HSHELL_REDRAW                | 0x00351044 | vis=n | msrdc              | "RemoteApp"
22:00:53.199 | 0x8006 | HSHELL_FLASH                 | 0x00351044 | vis=n | msrdc              | "RemoteApp"
22:00:53.724 | 0x0006 | HSHELL_REDRAW                | 0x00351044 | vis=n | msrdc              | "RemoteApp"
22:00:54.258 | 0x8006 | HSHELL_FLASH                 | 0x00351044 | vis=n | msrdc              | "RemoteApp"
22:00:54.791 | 0x0006 | HSHELL_REDRAW                | 0x00351044 | vis=n | msrdc              | "RemoteApp"
22:00:55.319 | 0x8006 | HSHELL_FLASH                 | 0x00351044 | vis=n | msrdc              | "RemoteApp"
22:00:55.852 | 0x0006 | HSHELL_REDRAW                | 0x00351044 | vis=n | msrdc              | "RemoteApp"
22:00:56.382 | 0x8006 | HSHELL_FLASH                 | 0x00351044 | vis=n | msrdc              | "RemoteApp"
22:00:56.913 | 0x0006 | HSHELL_REDRAW                | 0x00351044 | vis=n | msrdc              | "RemoteApp"
22:00:57.441 | 0x8006 | HSHELL_FLASH                 | 0x00351044 | vis=n | msrdc              | "RemoteApp"
22:00:57.973 | 0x0006 | HSHELL_REDRAW                | 0x00351044 | vis=n | msrdc              | "RemoteApp"
22:00:58.509 | 0x8006 | HSHELL_FLASH                 | 0x00351044 | vis=n | msrdc              | "RemoteApp"
22:00:59.043 | 0x0006 | HSHELL_REDRAW                | 0x00351044 | vis=n | msrdc              | "RemoteApp"
22:00:59.575 | 0x8006 | HSHELL_FLASH                 | 0x00351044 | vis=n | msrdc              | "RemoteApp"
22:01:00.107 | 0x0006 | HSHELL_REDRAW                | 0x00351044 | vis=n | msrdc              | "RemoteApp"
22:01:00.635 | 0x8006 | HSHELL_FLASH                 | 0x00351044 | vis=n | msrdc              | "RemoteApp"
22:01:01.161 | 0x0006 | HSHELL_REDRAW                | 0x00351044 | vis=n | msrdc              | "RemoteApp"
22:01:01.694 | 0x8006 | HSHELL_FLASH                 | 0x00351044 | vis=n | msrdc              | "RemoteApp"
22:01:02.227 | 0x0006 | HSHELL_REDRAW                | 0x00351044 | vis=n | msrdc              | "RemoteApp"
22:01:02.756 | 0x8006 | HSHELL_FLASH                 | 0x00351044 | vis=n | msrdc              | "RemoteApp"
22:01:03.287 | 0x0006 | HSHELL_REDRAW                | 0x00351044 | vis=n | msrdc              | "RemoteApp"
22:01:03.821 | 0x8006 | HSHELL_FLASH                 | 0x00351044 | vis=n | msrdc              | "RemoteApp"
22:01:04.351 | 0x0006 | HSHELL_REDRAW                | 0x00351044 | vis=n | msrdc              | "RemoteApp"
22:01:04.880 | 0x8006 | HSHELL_FLASH                 | 0x00351044 | vis=n | msrdc              | "RemoteApp"
22:01:05.412 | 0x0006 | HSHELL_REDRAW                | 0x00351044 | vis=n | msrdc              | "RemoteApp"
22:01:05.943 | 0x8006 | HSHELL_FLASH                 | 0x00351044 | vis=n | msrdc              | "RemoteApp"
22:01:06.481 | 0x0006 | HSHELL_REDRAW                | 0x00351044 | vis=n | msrdc              | "RemoteApp"
22:01:07.014 | 0x8006 | HSHELL_FLASH                 | 0x00351044 | vis=n | msrdc              | "RemoteApp"
22:01:07.548 | 0x0006 | HSHELL_REDRAW                | 0x00351044 | vis=n | msrdc              | "RemoteApp"
22:01:08.080 | 0x8006 | HSHELL_FLASH                 | 0x00351044 | vis=n | msrdc              | "RemoteApp"
22:01:08.597 | 0x0006 | HSHELL_REDRAW                | 0x00351044 | vis=n | msrdc              | "RemoteApp"
22:01:09.132 | 0x8006 | HSHELL_FLASH                 | 0x00351044 | vis=n | msrdc              | "RemoteApp"
22:01:09.666 | 0x0006 | HSHELL_REDRAW                | 0x00351044 | vis=n | msrdc              | "RemoteApp"
22:01:10.200 | 0x8006 | HSHELL_FLASH                 | 0x00351044 | vis=n | msrdc              | "RemoteApp"
22:01:10.732 | 0x0006 | HSHELL_REDRAW                | 0x00351044 | vis=n | msrdc              | "RemoteApp"
22:01:11.260 | 0x8006 | HSHELL_FLASH                 | 0x00351044 | vis=n | msrdc              | "RemoteApp"
22:01:11.795 | 0x0006 | HSHELL_REDRAW                | 0x00351044 | vis=n | msrdc              | "RemoteApp"
22:01:12.317 | 0x8006 | HSHELL_FLASH                 | 0x00351044 | vis=n | msrdc              | "RemoteApp"
22:01:12.851 | 0x0006 | HSHELL_REDRAW                | 0x00351044 | vis=n | msrdc              | "RemoteApp"
22:01:13.384 | 0x8006 | HSHELL_FLASH                 | 0x00351044 | vis=n | msrdc              | "RemoteApp"
22:01:13.916 | 0x0006 | HSHELL_REDRAW                | 0x00351044 | vis=n | msrdc              | "RemoteApp"
22:01:14.447 | 0x8006 | HSHELL_FLASH                 | 0x00351044 | vis=n | msrdc              | "RemoteApp"
22:01:14.979 | 0x0006 | HSHELL_REDRAW                | 0x00351044 | vis=n | msrdc              | "RemoteApp"
22:01:15.509 | 0x8006 | HSHELL_FLASH                 | 0x00351044 | vis=n | msrdc              | "RemoteApp"
22:01:16.037 | 0x0006 | HSHELL_REDRAW                | 0x00351044 | vis=n | msrdc              | "RemoteApp"
22:01:16.569 | 0x8006 | HSHELL_FLASH                 | 0x00351044 | vis=n | msrdc              | "RemoteApp"
22:01:17.101 | 0x0006 | HSHELL_REDRAW                | 0x00351044 | vis=n | msrdc              | "RemoteApp"
22:01:17.630 | 0x8006 | HSHELL_FLASH                 | 0x00351044 | vis=n | msrdc              | "RemoteApp"
22:01:18.163 | 0x0006 | HSHELL_REDRAW                | 0x00351044 | vis=n | msrdc              | "RemoteApp"
22:01:18.692 | 0x8006 | HSHELL_FLASH                 | 0x00351044 | vis=n | msrdc              | "RemoteApp"
22:01:19.236 | 0x0006 | HSHELL_REDRAW                | 0x00351044 | vis=n | msrdc              | "RemoteApp"
22:01:19.755 | 0x8006 | HSHELL_FLASH                 | 0x00351044 | vis=n | msrdc              | "RemoteApp"
22:01:20.289 | 0x0006 | HSHELL_REDRAW                | 0x00351044 | vis=n | msrdc              | "RemoteApp"
22:01:20.823 | 0x8006 | HSHELL_FLASH                 | 0x00351044 | vis=n | msrdc              | "RemoteApp"
22:01:21.356 | 0x0006 | HSHELL_REDRAW                | 0x00351044 | vis=n | msrdc              | "RemoteApp"
22:01:21.887 | 0x8006 | HSHELL_FLASH                 | 0x00351044 | vis=n | msrdc              | "RemoteApp"
22:01:22.415 | 0x0006 | HSHELL_REDRAW                | 0x00351044 | vis=n | msrdc              | "RemoteApp"
22:01:22.942 | 0x8006 | HSHELL_FLASH                 | 0x00351044 | vis=n | msrdc              | "RemoteApp"
22:01:23.474 | 0x0006 | HSHELL_REDRAW                | 0x00351044 | vis=n | msrdc              | "RemoteApp"
22:01:24.006 | 0x8006 | HSHELL_FLASH                 | 0x00351044 | vis=n | msrdc              | "RemoteApp"
22:01:24.541 | 0x0006 | HSHELL_REDRAW                | 0x00351044 | vis=n | msrdc              | "RemoteApp"
22:01:25.075 | 0x8006 | HSHELL_FLASH                 | 0x00351044 | vis=n | msrdc              | "RemoteApp"
22:01:25.599 | 0x0006 | HSHELL_REDRAW                | 0x00351044 | vis=n | msrdc              | "RemoteApp"
22:01:26.142 | 0x8006 | HSHELL_FLASH                 | 0x00351044 | vis=n | msrdc              | "RemoteApp"
22:01:26.674 | 0x0006 | HSHELL_REDRAW                | 0x00351044 | vis=n | msrdc              | "RemoteApp"
22:01:27.193 | 0x8006 | HSHELL_FLASH                 | 0x00351044 | vis=n | msrdc              | "RemoteApp"
22:01:27.724 | 0x0006 | HSHELL_REDRAW                | 0x00351044 | vis=n | msrdc              | "RemoteApp"
22:01:28.260 | 0x8006 | HSHELL_FLASH                 | 0x00351044 | vis=n | msrdc              | "RemoteApp"
22:01:28.793 | 0x0006 | HSHELL_REDRAW                | 0x00351044 | vis=n | msrdc              | "RemoteApp"
22:01:29.325 | 0x8006 | HSHELL_FLASH                 | 0x00351044 | vis=n | msrdc              | "RemoteApp"
22:01:29.855 | 0x0006 | HSHELL_REDRAW                | 0x00351044 | vis=n | msrdc              | "RemoteApp"
22:01:30.387 | 0x8006 | HSHELL_FLASH                 | 0x00351044 | vis=n | msrdc              | "RemoteApp"
22:01:30.911 | 0x0006 | HSHELL_REDRAW                | 0x00351044 | vis=n | msrdc              | "RemoteApp"
22:01:31.443 | 0x8006 | HSHELL_FLASH                 | 0x00351044 | vis=n | msrdc              | "RemoteApp"
22:01:31.975 | 0x0006 | HSHELL_REDRAW                | 0x00351044 | vis=n | msrdc              | "RemoteApp"
22:01:32.505 | 0x8006 | HSHELL_FLASH                 | 0x00351044 | vis=n | msrdc              | "RemoteApp"
22:01:33.046 | 0x0006 | HSHELL_REDRAW                | 0x00351044 | vis=n | msrdc              | "RemoteApp"
22:01:33.569 | 0x8006 | HSHELL_FLASH                 | 0x00351044 | vis=n | msrdc              | "RemoteApp"
22:01:34.100 | 0x0006 | HSHELL_REDRAW                | 0x00351044 | vis=n | msrdc              | "RemoteApp"
22:01:34.631 | 0x8006 | HSHELL_FLASH                 | 0x00351044 | vis=n | msrdc              | "RemoteApp"
22:01:35.164 | 0x0006 | HSHELL_REDRAW                | 0x00351044 | vis=n | msrdc              | "RemoteApp"
22:01:35.698 | 0x8006 | HSHELL_FLASH                 | 0x00351044 | vis=n | msrdc              | "RemoteApp"
22:01:36.224 | 0x0006 | HSHELL_REDRAW                | 0x00351044 | vis=n | msrdc              | "RemoteApp"
22:01:36.664 | 0x8006 | HSHELL_FLASH                 | 0x003F1512 | vis=Y | WindowsTerminal    | "\u2733 Run background sleep command and monitor completion"
22:01:36.757 | 0x8006 | HSHELL_FLASH                 | 0x00351044 | vis=n | msrdc              | "RemoteApp"
22:01:36.949 | 0x0006 | HSHELL_REDRAW                | 0x1A470FD6 | vis=Y | Telegram           | "\u200EBeavers \u2013 (3)"
22:01:36.949 | 0x0006 | HSHELL_REDRAW                | 0x1A470FD6 | vis=Y | Telegram           | "\u200EBeavers \u2013 (3)"
22:01:36.949 | 0x0006 | HSHELL_REDRAW                | 0x1A470FD6 | vis=Y | Telegram           | "\u200EBeavers \u2013 (3)"
22:01:37.288 | 0x0006 | HSHELL_REDRAW                | 0x00351044 | vis=n | msrdc              | "RemoteApp"
22:01:37.818 | 0x8006 | HSHELL_FLASH                 | 0x00351044 | vis=n | msrdc              | "RemoteApp"
22:01:38.348 | 0x0006 | HSHELL_REDRAW                | 0x00351044 | vis=n | msrdc              | "RemoteApp"
22:01:38.880 | 0x8006 | HSHELL_FLASH                 | 0x00351044 | vis=n | msrdc              | "RemoteApp"
22:01:39.416 | 0x0006 | HSHELL_REDRAW                | 0x00351044 | vis=n | msrdc              | "RemoteApp"
22:01:39.950 | 0x8006 | HSHELL_FLASH                 | 0x00351044 | vis=n | msrdc              | "RemoteApp"
22:01:40.483 | 0x0006 | HSHELL_REDRAW                | 0x00351044 | vis=n | msrdc              | "RemoteApp"
22:01:41.013 | 0x8006 | HSHELL_FLASH                 | 0x00351044 | vis=n | msrdc              | "RemoteApp"
22:01:41.542 | 0x0006 | HSHELL_REDRAW                | 0x00351044 | vis=n | msrdc              | "RemoteApp"
22:01:42.068 | 0x8006 | HSHELL_FLASH                 | 0x00351044 | vis=n | msrdc              | "RemoteApp"
22:01:42.166 | 0x0004 | HSHELL_WINDOWACTIVATED       | 0x003F1512 | vis=Y | WindowsTerminal    | "\u2733 Run background sleep command and monitor completion"
22:01:42.599 | 0x0006 | HSHELL_REDRAW                | 0x00351044 | vis=n | msrdc              | "RemoteApp"
22:01:43.129 | 0x8006 | HSHELL_FLASH                 | 0x00351044 | vis=n | msrdc              | "RemoteApp"
22:01:43.669 | 0x0006 | HSHELL_REDRAW                | 0x00351044 | vis=n | msrdc              | "RemoteApp"
22:01:44.202 | 0x8006 | HSHELL_FLASH                 | 0x00351044 | vis=n | msrdc              | "RemoteApp"
22:01:44.560 | 0x0004 | HSHELL_WINDOWACTIVATED       | 0x001F0F4A | vis=Y | WindowsTerminal    | "\u25D0 test_bell"
22:01:44.730 | 0x0006 | HSHELL_REDRAW                | 0x00351044 | vis=n | msrdc              | "RemoteApp"
22:01:44.894 | 0x0010 | HSHELL_MONITORCHANGED        | 0x001F0F4A | vis=Y | WindowsTerminal    | "\u25D0 test_bell"
22:01:45.255 | 0x8006 | HSHELL_FLASH                 | 0x00351044 | vis=n | msrdc              | "RemoteApp"
22:01:45.604 | 0x0006 | HSHELL_REDRAW                | 0x001F0F4A | vis=Y | WindowsTerminal    | "\u25D1 test_bell"
22:01:45.786 | 0x0006 | HSHELL_REDRAW                | 0x00351044 | vis=n | msrdc              | "RemoteApp"
22:01:46.318 | 0x8006 | HSHELL_FLASH                 | 0x00351044 | vis=n | msrdc              | "RemoteApp"
22:01:46.565 | 0x0006 | HSHELL_REDRAW                | 0x001F0F4A | vis=Y | WindowsTerminal    | "\u25D0 test_bell"
22:01:46.849 | 0x0006 | HSHELL_REDRAW                | 0x00351044 | vis=n | msrdc              | "RemoteApp"
22:01:47.204 | 0x0004 | HSHELL_WINDOWACTIVATED       | 0x00060A04 | vis=Y | vlc                | "Shaun.Of.The.Dead.2004.1080p.BluRay.DTS.x264-CtrlHD.mkv - VLC media player"
22:01:47.379 | 0x8006 | HSHELL_FLASH                 | 0x00351044 | vis=n | msrdc              | "RemoteApp"
22:01:47.921 | 0x0006 | HSHELL_REDRAW                | 0x00351044 | vis=n | msrdc              | "RemoteApp"
22:01:48.452 | 0x8006 | HSHELL_FLASH                 | 0x00351044 | vis=n | msrdc              | "RemoteApp"
22:01:48.981 | 0x0006 | HSHELL_REDRAW                | 0x00351044 | vis=n | msrdc              | "RemoteApp"
22:01:49.505 | 0x8006 | HSHELL_FLASH                 | 0x00351044 | vis=n | msrdc              | "RemoteApp"
22:01:50.039 | 0x0006 | HSHELL_REDRAW                | 0x00351044 | vis=n | msrdc              | "RemoteApp"
22:01:50.571 | 0x8006 | HSHELL_FLASH                 | 0x00351044 | vis=n | msrdc              | "RemoteApp"
22:01:51.102 | 0x0006 | HSHELL_REDRAW                | 0x00351044 | vis=n | msrdc              | "RemoteApp"
22:01:51.629 | 0x8006 | HSHELL_FLASH                 | 0x00351044 | vis=n | msrdc              | "RemoteApp"
22:01:52.173 | 0x0006 | HSHELL_REDRAW                | 0x00351044 | vis=n | msrdc              | "RemoteApp"
22:01:52.707 | 0x8006 | HSHELL_FLASH                 | 0x00351044 | vis=n | msrdc              | "RemoteApp"
22:01:53.225 | 0x0006 | HSHELL_REDRAW                | 0x00351044 | vis=n | msrdc              | "RemoteApp"
22:01:53.758 | 0x8006 | HSHELL_FLASH                 | 0x00351044 | vis=n | msrdc              | "RemoteApp"
22:01:54.291 | 0x0006 | HSHELL_REDRAW                | 0x00351044 | vis=n | msrdc              | "RemoteApp"
22:01:54.825 | 0x8006 | HSHELL_FLASH                 | 0x00351044 | vis=n | msrdc              | "RemoteApp"
22:01:55.359 | 0x0006 | HSHELL_REDRAW                | 0x00351044 | vis=n | msrdc              | "RemoteApp"
22:01:55.889 | 0x8006 | HSHELL_FLASH                 | 0x00351044 | vis=n | msrdc              | "RemoteApp"
22:01:56.418 | 0x0006 | HSHELL_REDRAW                | 0x00351044 | vis=n | msrdc              | "RemoteApp"
22:01:56.944 | 0x8006 | HSHELL_FLASH                 | 0x00351044 | vis=n | msrdc              | "RemoteApp"
22:01:57.476 | 0x0006 | HSHELL_REDRAW                | 0x00351044 | vis=n | msrdc              | "RemoteApp"
22:01:58.009 | 0x8006 | HSHELL_FLASH                 | 0x00351044 | vis=n | msrdc              | "RemoteApp"
22:01:58.538 | 0x0006 | HSHELL_REDRAW                | 0x00351044 | vis=n | msrdc              | "RemoteApp"
22:01:59.078 | 0x8006 | HSHELL_FLASH                 | 0x00351044 | vis=n | msrdc              | "RemoteApp"
22:01:59.610 | 0x0006 | HSHELL_REDRAW                | 0x00351044 | vis=n | msrdc              | "RemoteApp"
22:02:00.137 | 0x8006 | HSHELL_FLASH                 | 0x00351044 | vis=n | msrdc              | "RemoteApp"
22:02:00.322 | 0x0006 | HSHELL_REDRAW                | 0x00630C56 | vis=Y | WindowsTerminal    | "\u25D1 Run background sleep command and confirm completion"
22:02:00.662 | 0x0006 | HSHELL_REDRAW                | 0x00351044 | vis=n | msrdc              | "RemoteApp"
22:02:01.196 | 0x8006 | HSHELL_FLASH                 | 0x00351044 | vis=n | msrdc              | "RemoteApp"
22:02:01.283 | 0x0006 | HSHELL_REDRAW                | 0x00630C56 | vis=Y | WindowsTerminal    | "\u25D0 Run background sleep command and confirm completion"
22:02:01.727 | 0x0006 | HSHELL_REDRAW                | 0x00351044 | vis=n | msrdc              | "RemoteApp"
22:02:02.245 | 0x0006 | HSHELL_REDRAW                | 0x00630C56 | vis=Y | WindowsTerminal    | "\u25D1 Run background sleep command and confirm completion"
22:02:02.257 | 0x8006 | HSHELL_FLASH                 | 0x00351044 | vis=n | msrdc              | "RemoteApp"
22:02:02.790 | 0x0006 | HSHELL_REDRAW                | 0x00351044 | vis=n | msrdc              | "RemoteApp"
22:02:03.205 | 0x0006 | HSHELL_REDRAW                | 0x00630C56 | vis=Y | WindowsTerminal    | "\u25D0 Run background sleep command and confirm completion"
22:02:03.319 | 0x8006 | HSHELL_FLASH                 | 0x00351044 | vis=n | msrdc              | "RemoteApp"
22:02:03.848 | 0x0006 | HSHELL_REDRAW                | 0x00351044 | vis=n | msrdc              | "RemoteApp"
22:02:04.166 | 0x0006 | HSHELL_REDRAW                | 0x00630C56 | vis=Y | WindowsTerminal    | "\u25D1 Run background sleep command and confirm completion"
22:02:04.380 | 0x8006 | HSHELL_FLASH                 | 0x00351044 | vis=n | msrdc              | "RemoteApp"
22:02:04.915 | 0x0006 | HSHELL_REDRAW                | 0x00351044 | vis=n | msrdc              | "RemoteApp"
22:02:05.126 | 0x0006 | HSHELL_REDRAW                | 0x00630C56 | vis=Y | WindowsTerminal    | "\u25D0 Run background sleep command and confirm completion"
22:02:05.350 | 0x0006 | HSHELL_REDRAW                | 0x00A515E6 | vis=n | WindowsTerminal    | "Windows Terminal"
22:02:05.350 | 0x0010 | HSHELL_MONITORCHANGED        | 0x00A515E6 | vis=n | WindowsTerminal    | "Windows Terminal"
22:02:05.369 | 0x0001 | HSHELL_WINDOWCREATED         | 0x00A515E6 | vis=Y | WindowsTerminal    | "Windows Terminal"
22:02:05.370 | 0x0004 | HSHELL_WINDOWACTIVATED       | 0x00A515E6 | vis=Y | WindowsTerminal    | "Windows Terminal"
22:02:05.373 | 0x0006 | HSHELL_REDRAW                | 0x00A515E6 | vis=Y | WindowsTerminal    | "Terminal"
22:02:05.413 | 0x0006 | HSHELL_REDRAW                | 0x00A515E6 | vis=Y | WindowsTerminal    | "C:\\WINDOWS\\System32\\WindowsPowerShell\\v1.0\\powershell.exe"
22:02:05.426 | 0x0006 | HSHELL_REDRAW                | 0x00A515E6 | vis=Y | WindowsTerminal    | "Windows PowerShell"
22:02:05.448 | 0x8006 | HSHELL_FLASH                 | 0x00351044 | vis=n | msrdc              | "RemoteApp"
22:02:05.637 | 0x0006 | HSHELL_REDRAW                | 0x00A515E6 | vis=Y | WindowsTerminal    | "CLAUDE-PERM"
22:02:05.860 | 0x0006 | HSHELL_REDRAW                | 0x00A515E6 | vis=Y | WindowsTerminal    | "claude"
22:02:05.978 | 0x0006 | HSHELL_REDRAW                | 0x00351044 | vis=n | msrdc              | "RemoteApp"
22:02:06.087 | 0x0006 | HSHELL_REDRAW                | 0x00630C56 | vis=Y | WindowsTerminal    | "\u25D1 Run background sleep command and confirm completion"
22:02:06.096 | 0x0006 | HSHELL_REDRAW                | 0x00A515E6 | vis=Y | WindowsTerminal    | "\u2733 Claude Code"
22:02:06.305 | 0x0006 | HSHELL_REDRAW                | 0x00A515E6 | vis=Y | WindowsTerminal    | "\u25D0 Claude Code"
22:02:06.377 | 0x0006 | HSHELL_REDRAW                | 0x00630C56 | vis=Y | WindowsTerminal    | "\u2733 Run background sleep command and confirm completion"
22:02:06.507 | 0x8006 | HSHELL_FLASH                 | 0x00351044 | vis=n | msrdc              | "RemoteApp"
22:02:07.038 | 0x0006 | HSHELL_REDRAW                | 0x00351044 | vis=n | msrdc              | "RemoteApp"
22:02:07.199 | 0x0006 | HSHELL_REDRAW                | 0x00A515E6 | vis=Y | WindowsTerminal    | "\u25D0 Write poem and check git status"
22:02:07.413 | 0x0006 | HSHELL_REDRAW                | 0x00A515E6 | vis=Y | WindowsTerminal    | "\u25D1 Write poem and check git status"
22:02:07.567 | 0x8006 | HSHELL_FLASH                 | 0x00351044 | vis=n | msrdc              | "RemoteApp"
22:02:08.099 | 0x0006 | HSHELL_REDRAW                | 0x00351044 | vis=n | msrdc              | "RemoteApp"
22:02:08.215 | 0x0006 | HSHELL_REDRAW                | 0x00A515E6 | vis=Y | WindowsTerminal    | "\u25D0 Write poem and check git status"
22:02:08.492 | 0x0005 | HSHELL_GETMINRECT            | 0xEC17D7E380 | vis=n | Idle               | ""
22:02:08.630 | 0x8006 | HSHELL_FLASH                 | 0x00351044 | vis=n | msrdc              | "RemoteApp"
22:02:08.771 | 0x0005 | HSHELL_GETMINRECT            | 0xEC17D7E380 | vis=n | Idle               | ""
22:02:09.160 | 0x0006 | HSHELL_REDRAW                | 0x00351044 | vis=n | msrdc              | "RemoteApp"
22:02:09.176 | 0x0006 | HSHELL_REDRAW                | 0x00A515E6 | vis=Y | WindowsTerminal    | "\u25D1 Write poem and check git status"
22:02:09.701 | 0x8006 | HSHELL_FLASH                 | 0x00351044 | vis=n | msrdc              | "RemoteApp"
22:02:10.137 | 0x0006 | HSHELL_REDRAW                | 0x00A515E6 | vis=Y | WindowsTerminal    | "\u25D0 Write poem and check git status"
22:02:10.234 | 0x0006 | HSHELL_REDRAW                | 0x00351044 | vis=n | msrdc              | "RemoteApp"
22:02:10.767 | 0x8006 | HSHELL_FLASH                 | 0x00351044 | vis=n | msrdc              | "RemoteApp"
22:02:11.084 | 0x0006 | HSHELL_REDRAW                | 0x00A515E6 | vis=Y | WindowsTerminal    | "\u2733 Write poem and check git status"
22:02:11.295 | 0x0006 | HSHELL_REDRAW                | 0x00351044 | vis=n | msrdc              | "RemoteApp"
22:02:11.818 | 0x8006 | HSHELL_FLASH                 | 0x00351044 | vis=n | msrdc              | "RemoteApp"
22:02:12.352 | 0x0006 | HSHELL_REDRAW                | 0x00351044 | vis=n | msrdc              | "RemoteApp"
22:02:12.885 | 0x8006 | HSHELL_FLASH                 | 0x00351044 | vis=n | msrdc              | "RemoteApp"
22:02:13.417 | 0x0006 | HSHELL_REDRAW                | 0x00351044 | vis=n | msrdc              | "RemoteApp"
22:02:13.946 | 0x8006 | HSHELL_FLASH                 | 0x00351044 | vis=n | msrdc              | "RemoteApp"
22:02:14.480 | 0x0006 | HSHELL_REDRAW                | 0x00351044 | vis=n | msrdc              | "RemoteApp"
22:02:15.004 | 0x8006 | HSHELL_FLASH                 | 0x00351044 | vis=n | msrdc              | "RemoteApp"
22:02:15.537 | 0x0006 | HSHELL_REDRAW                | 0x00351044 | vis=n | msrdc              | "RemoteApp"
22:02:16.070 | 0x8006 | HSHELL_FLASH                 | 0x00351044 | vis=n | msrdc              | "RemoteApp"
22:02:16.599 | 0x0006 | HSHELL_REDRAW                | 0x00351044 | vis=n | msrdc              | "RemoteApp"
22:02:17.138 | 0x8006 | HSHELL_FLASH                 | 0x00351044 | vis=n | msrdc              | "RemoteApp"
22:02:17.661 | 0x0006 | HSHELL_REDRAW                | 0x00351044 | vis=n | msrdc              | "RemoteApp"
22:02:18.206 | 0x8006 | HSHELL_FLASH                 | 0x00351044 | vis=n | msrdc              | "RemoteApp"
22:02:18.724 | 0x0006 | HSHELL_REDRAW                | 0x00351044 | vis=n | msrdc              | "RemoteApp"
22:02:19.256 | 0x8006 | HSHELL_FLASH                 | 0x00351044 | vis=n | msrdc              | "RemoteApp"
22:02:19.789 | 0x0006 | HSHELL_REDRAW                | 0x00351044 | vis=n | msrdc              | "RemoteApp"
22:02:20.323 | 0x8006 | HSHELL_FLASH                 | 0x00351044 | vis=n | msrdc              | "RemoteApp"
22:02:20.850 | 0x0006 | HSHELL_REDRAW                | 0x00351044 | vis=n | msrdc              | "RemoteApp"
22:02:21.383 | 0x8006 | HSHELL_FLASH                 | 0x00351044 | vis=n | msrdc              | "RemoteApp"
22:02:21.916 | 0x0006 | HSHELL_REDRAW                | 0x00351044 | vis=n | msrdc              | "RemoteApp"
22:02:22.443 | 0x8006 | HSHELL_FLASH                 | 0x00351044 | vis=n | msrdc              | "RemoteApp"
22:02:22.975 | 0x0006 | HSHELL_REDRAW                | 0x00351044 | vis=n | msrdc              | "RemoteApp"
22:02:23.214 | 0x0005 | HSHELL_GETMINRECT            | 0xEC17D7E380 | vis=n | Idle               | ""
22:02:23.223 | 0x0004 | HSHELL_WINDOWACTIVATED       | 0x002E0284 | vis=Y | WindowsTerminal    | "BELL-HIDDEN"
22:02:23.497 | 0x0005 | HSHELL_GETMINRECT            | 0xEC17D7E380 | vis=n | Idle               | ""
22:02:23.505 | 0x8006 | HSHELL_FLASH                 | 0x00351044 | vis=n | msrdc              | "RemoteApp"
22:02:24.036 | 0x0006 | HSHELL_REDRAW                | 0x00351044 | vis=n | msrdc              | "RemoteApp"
22:02:24.567 | 0x8006 | HSHELL_FLASH                 | 0x00351044 | vis=n | msrdc              | "RemoteApp"
22:02:25.109 | 0x0006 | HSHELL_REDRAW                | 0x00351044 | vis=n | msrdc              | "RemoteApp"
22:02:25.642 | 0x8006 | HSHELL_FLASH                 | 0x00351044 | vis=n | msrdc              | "RemoteApp"
22:02:26.163 | 0x0006 | HSHELL_REDRAW                | 0x00351044 | vis=n | msrdc              | "RemoteApp"
22:02:26.693 | 0x8006 | HSHELL_FLASH                 | 0x00351044 | vis=n | msrdc              | "RemoteApp"
22:02:27.227 | 0x0006 | HSHELL_REDRAW                | 0x00351044 | vis=n | msrdc              | "RemoteApp"
22:02:27.760 | 0x8006 | HSHELL_FLASH                 | 0x00351044 | vis=n | msrdc              | "RemoteApp"
22:02:28.294 | 0x0006 | HSHELL_REDRAW                | 0x00351044 | vis=n | msrdc              | "RemoteApp"
22:02:28.821 | 0x8006 | HSHELL_FLASH                 | 0x00351044 | vis=n | msrdc              | "RemoteApp"
22:02:29.350 | 0x0006 | HSHELL_REDRAW                | 0x00351044 | vis=n | msrdc              | "RemoteApp"
22:02:29.882 | 0x8006 | HSHELL_FLASH                 | 0x00351044 | vis=n | msrdc              | "RemoteApp"
22:02:30.412 | 0x0006 | HSHELL_REDRAW                | 0x00351044 | vis=n | msrdc              | "RemoteApp"
22:02:30.944 | 0x8006 | HSHELL_FLASH                 | 0x00351044 | vis=n | msrdc              | "RemoteApp"
22:02:31.474 | 0x0006 | HSHELL_REDRAW                | 0x00351044 | vis=n | msrdc              | "RemoteApp"
22:02:32.012 | 0x8006 | HSHELL_FLASH                 | 0x00351044 | vis=n | msrdc              | "RemoteApp"
22:02:32.546 | 0x0006 | HSHELL_REDRAW                | 0x00351044 | vis=n | msrdc              | "RemoteApp"
22:02:33.077 | 0x8006 | HSHELL_FLASH                 | 0x00351044 | vis=n | msrdc              | "RemoteApp"
22:02:33.603 | 0x0006 | HSHELL_REDRAW                | 0x00351044 | vis=n | msrdc              | "RemoteApp"
22:02:34.131 | 0x8006 | HSHELL_FLASH                 | 0x00351044 | vis=n | msrdc              | "RemoteApp"
22:02:34.665 | 0x0006 | HSHELL_REDRAW                | 0x00351044 | vis=n | msrdc              | "RemoteApp"
22:02:35.196 | 0x8006 | HSHELL_FLASH                 | 0x00351044 | vis=n | msrdc              | "RemoteApp"
22:02:35.725 | 0x0006 | HSHELL_REDRAW                | 0x00351044 | vis=n | msrdc              | "RemoteApp"
22:02:36.256 | 0x8006 | HSHELL_FLASH                 | 0x00351044 | vis=n | msrdc              | "RemoteApp"
22:02:36.789 | 0x0006 | HSHELL_REDRAW                | 0x00351044 | vis=n | msrdc              | "RemoteApp"
22:02:37.318 | 0x8006 | HSHELL_FLASH                 | 0x00351044 | vis=n | msrdc              | "RemoteApp"
22:02:37.848 | 0x0006 | HSHELL_REDRAW                | 0x00351044 | vis=n | msrdc              | "RemoteApp"
22:02:38.383 | 0x8006 | HSHELL_FLASH                 | 0x00351044 | vis=n | msrdc              | "RemoteApp"
22:02:38.916 | 0x0006 | HSHELL_REDRAW                | 0x00351044 | vis=n | msrdc              | "RemoteApp"
22:02:39.451 | 0x8006 | HSHELL_FLASH                 | 0x00351044 | vis=n | msrdc              | "RemoteApp"
22:02:39.984 | 0x0006 | HSHELL_REDRAW                | 0x00351044 | vis=n | msrdc              | "RemoteApp"
22:02:40.513 | 0x8006 | HSHELL_FLASH                 | 0x00351044 | vis=n | msrdc              | "RemoteApp"
22:02:41.042 | 0x0006 | HSHELL_REDRAW                | 0x00351044 | vis=n | msrdc              | "RemoteApp"
22:02:41.568 | 0x8006 | HSHELL_FLASH                 | 0x00351044 | vis=n | msrdc              | "RemoteApp"
22:02:42.102 | 0x0006 | HSHELL_REDRAW                | 0x00351044 | vis=n | msrdc              | "RemoteApp"
22:02:42.635 | 0x8006 | HSHELL_FLASH                 | 0x00351044 | vis=n | msrdc              | "RemoteApp"
22:02:43.165 | 0x0006 | HSHELL_REDRAW                | 0x00351044 | vis=n | msrdc              | "RemoteApp"
22:02:43.693 | 0x8006 | HSHELL_FLASH                 | 0x00351044 | vis=n | msrdc              | "RemoteApp"
22:02:44.226 | 0x0006 | HSHELL_REDRAW                | 0x00351044 | vis=n | msrdc              | "RemoteApp"
22:02:44.758 | 0x8006 | HSHELL_FLASH                 | 0x00351044 | vis=n | msrdc              | "RemoteApp"
22:02:45.287 | 0x0006 | HSHELL_REDRAW                | 0x00351044 | vis=n | msrdc              | "RemoteApp"
22:02:45.818 | 0x8006 | HSHELL_FLASH                 | 0x00351044 | vis=n | msrdc              | "RemoteApp"
22:02:46.348 | 0x0006 | HSHELL_REDRAW                | 0x00351044 | vis=n | msrdc              | "RemoteApp"
22:02:46.879 | 0x8006 | HSHELL_FLASH                 | 0x00351044 | vis=n | msrdc              | "RemoteApp"
22:02:47.412 | 0x0006 | HSHELL_REDRAW                | 0x00351044 | vis=n | msrdc              | "RemoteApp"
22:02:47.943 | 0x8006 | HSHELL_FLASH                 | 0x00351044 | vis=n | msrdc              | "RemoteApp"
22:02:48.473 | 0x0006 | HSHELL_REDRAW                | 0x00351044 | vis=n | msrdc              | "RemoteApp"
22:02:49.006 | 0x8006 | HSHELL_FLASH                 | 0x00351044 | vis=n | msrdc              | "RemoteApp"
22:02:49.540 | 0x0006 | HSHELL_REDRAW                | 0x00351044 | vis=n | msrdc              | "RemoteApp"
22:02:50.073 | 0x8006 | HSHELL_FLASH                 | 0x00351044 | vis=n | msrdc              | "RemoteApp"
22:02:50.605 | 0x0006 | HSHELL_REDRAW                | 0x00351044 | vis=n | msrdc              | "RemoteApp"
22:02:51.136 | 0x8006 | HSHELL_FLASH                 | 0x00351044 | vis=n | msrdc              | "RemoteApp"
22:02:51.666 | 0x0006 | HSHELL_REDRAW                | 0x00351044 | vis=n | msrdc              | "RemoteApp"
22:02:52.196 | 0x8006 | HSHELL_FLASH                 | 0x00351044 | vis=n | msrdc              | "RemoteApp"
22:02:52.724 | 0x0006 | HSHELL_REDRAW                | 0x00351044 | vis=n | msrdc              | "RemoteApp"
22:02:53.258 | 0x8006 | HSHELL_FLASH                 | 0x00351044 | vis=n | msrdc              | "RemoteApp"
22:02:53.787 | 0x0006 | HSHELL_REDRAW                | 0x00351044 | vis=n | msrdc              | "RemoteApp"
22:02:54.325 | 0x8006 | HSHELL_FLASH                 | 0x00351044 | vis=n | msrdc              | "RemoteApp"
22:02:54.851 | 0x0006 | HSHELL_REDRAW                | 0x00351044 | vis=n | msrdc              | "RemoteApp"
22:02:55.390 | 0x8006 | HSHELL_FLASH                 | 0x00351044 | vis=n | msrdc              | "RemoteApp"
22:02:55.921 | 0x0006 | HSHELL_REDRAW                | 0x00351044 | vis=n | msrdc              | "RemoteApp"
22:02:56.443 | 0x8006 | HSHELL_FLASH                 | 0x00351044 | vis=n | msrdc              | "RemoteApp"
22:02:56.977 | 0x0006 | HSHELL_REDRAW                | 0x00351044 | vis=n | msrdc              | "RemoteApp"
22:02:57.511 | 0x8006 | HSHELL_FLASH                 | 0x00351044 | vis=n | msrdc              | "RemoteApp"
22:02:58.043 | 0x0006 | HSHELL_REDRAW                | 0x00351044 | vis=n | msrdc              | "RemoteApp"
22:02:58.573 | 0x8006 | HSHELL_FLASH                 | 0x00351044 | vis=n | msrdc              | "RemoteApp"
22:02:59.100 | 0x0006 | HSHELL_REDRAW                | 0x00351044 | vis=n | msrdc              | "RemoteApp"
22:02:59.633 | 0x8006 | HSHELL_FLASH                 | 0x00351044 | vis=n | msrdc              | "RemoteApp"
22:03:00.162 | 0x0006 | HSHELL_REDRAW                | 0x00351044 | vis=n | msrdc              | "RemoteApp"
22:03:00.694 | 0x8006 | HSHELL_FLASH                 | 0x00351044 | vis=n | msrdc              | "RemoteApp"
22:03:01.224 | 0x0006 | HSHELL_REDRAW                | 0x00351044 | vis=n | msrdc              | "RemoteApp"
22:03:01.755 | 0x8006 | HSHELL_FLASH                 | 0x00351044 | vis=n | msrdc              | "RemoteApp"
22:03:02.285 | 0x0006 | HSHELL_REDRAW                | 0x00351044 | vis=n | msrdc              | "RemoteApp"
22:03:02.817 | 0x8006 | HSHELL_FLASH                 | 0x00351044 | vis=n | msrdc              | "RemoteApp"
22:03:03.361 | 0x0006 | HSHELL_REDRAW                | 0x00351044 | vis=n | msrdc              | "RemoteApp"
22:03:03.879 | 0x8006 | HSHELL_FLASH                 | 0x00351044 | vis=n | msrdc              | "RemoteApp"
22:03:04.410 | 0x0006 | HSHELL_REDRAW                | 0x00351044 | vis=n | msrdc              | "RemoteApp"
22:03:04.948 | 0x8006 | HSHELL_FLASH                 | 0x00351044 | vis=n | msrdc              | "RemoteApp"
22:03:05.482 | 0x0006 | HSHELL_REDRAW                | 0x00351044 | vis=n | msrdc              | "RemoteApp"
22:03:06.004 | 0x8006 | HSHELL_FLASH                 | 0x00351044 | vis=n | msrdc              | "RemoteApp"
22:03:06.546 | 0x0006 | HSHELL_REDRAW                | 0x00351044 | vis=n | msrdc              | "RemoteApp"
22:03:07.067 | 0x8006 | HSHELL_FLASH                 | 0x00351044 | vis=n | msrdc              | "RemoteApp"
22:03:07.444 | 0x8006 | HSHELL_FLASH                 | 0x00630C56 | vis=Y | WindowsTerminal    | "\u2733 Run background sleep command and confirm completion"
22:03:07.601 | 0x0006 | HSHELL_REDRAW                | 0x00351044 | vis=n | msrdc              | "RemoteApp"
22:03:08.133 | 0x8006 | HSHELL_FLASH                 | 0x00351044 | vis=n | msrdc              | "RemoteApp"
22:03:08.667 | 0x0006 | HSHELL_REDRAW                | 0x00351044 | vis=n | msrdc              | "RemoteApp"
22:03:09.201 | 0x8006 | HSHELL_FLASH                 | 0x00351044 | vis=n | msrdc              | "RemoteApp"
22:03:09.724 | 0x0006 | HSHELL_REDRAW                | 0x00351044 | vis=n | msrdc              | "RemoteApp"
22:03:10.264 | 0x8006 | HSHELL_FLASH                 | 0x00351044 | vis=n | msrdc              | "RemoteApp"
22:03:10.790 | 0x0006 | HSHELL_REDRAW                | 0x00351044 | vis=n | msrdc              | "RemoteApp"
22:03:11.320 | 0x8006 | HSHELL_FLASH                 | 0x00351044 | vis=n | msrdc              | "RemoteApp"
22:03:11.434 | 0x0006 | HSHELL_REDRAW                | 0x008B15F0 | vis=n | WindowsTerminal    | "Windows Terminal"
22:03:11.435 | 0x0010 | HSHELL_MONITORCHANGED        | 0x008B15F0 | vis=n | WindowsTerminal    | "Windows Terminal"
22:03:11.452 | 0x0001 | HSHELL_WINDOWCREATED         | 0x008B15F0 | vis=Y | WindowsTerminal    | "Windows Terminal"
22:03:11.452 | 0x0004 | HSHELL_WINDOWACTIVATED       | 0x008B15F0 | vis=Y | WindowsTerminal    | "Windows Terminal"
22:03:11.456 | 0x0006 | HSHELL_REDRAW                | 0x008B15F0 | vis=Y | WindowsTerminal    | "Terminal"
22:03:11.497 | 0x0006 | HSHELL_REDRAW                | 0x008B15F0 | vis=Y | WindowsTerminal    | "C:\\WINDOWS\\System32\\WindowsPowerShell\\v1.0\\powershell.exe"
22:03:11.507 | 0x0006 | HSHELL_REDRAW                | 0x008B15F0 | vis=Y | WindowsTerminal    | "Windows PowerShell"
22:03:11.712 | 0x0006 | HSHELL_REDRAW                | 0x008B15F0 | vis=Y | WindowsTerminal    | "CLAUDE-PERM2"
22:03:11.854 | 0x0006 | HSHELL_REDRAW                | 0x00351044 | vis=n | msrdc              | "RemoteApp"
22:03:11.934 | 0x0006 | HSHELL_REDRAW                | 0x008B15F0 | vis=Y | WindowsTerminal    | "claude"
22:03:12.149 | 0x8006 | HSHELL_FLASH                 | 0x00A515E6 | vis=Y | WindowsTerminal    | "\u2733 Write poem and check git status"
22:03:12.190 | 0x0006 | HSHELL_REDRAW                | 0x008B15F0 | vis=Y | WindowsTerminal    | "\u2733 Claude Code"
22:03:12.384 | 0x8006 | HSHELL_FLASH                 | 0x00351044 | vis=n | msrdc              | "RemoteApp"
22:03:12.399 | 0x0006 | HSHELL_REDRAW                | 0x008B15F0 | vis=Y | WindowsTerminal    | "\u25D0 Claude Code"
22:03:12.911 | 0x0006 | HSHELL_REDRAW                | 0x00351044 | vis=n | msrdc              | "RemoteApp"
22:03:13.295 | 0x0006 | HSHELL_REDRAW                | 0x008B15F0 | vis=Y | WindowsTerminal    | "\u25D0 Write poem about seasons and check git status"
22:03:13.442 | 0x8006 | HSHELL_FLASH                 | 0x00351044 | vis=n | msrdc              | "RemoteApp"
22:03:13.506 | 0x0006 | HSHELL_REDRAW                | 0x008B15F0 | vis=Y | WindowsTerminal    | "\u25D1 Write poem about seasons and check git status"
22:03:13.974 | 0x0006 | HSHELL_REDRAW                | 0x00351044 | vis=n | msrdc              | "RemoteApp"
22:03:14.183 | 0x0005 | HSHELL_GETMINRECT            | 0xEC17D7E380 | vis=n | Idle               | ""
22:03:14.193 | 0x0004 | HSHELL_WINDOWACTIVATED       | 0x00A515E6 | vis=Y | WindowsTerminal    | "\u2733 Write poem and check git status"
22:03:14.476 | 0x0005 | HSHELL_GETMINRECT            | 0xEC17D7E380 | vis=n | Idle               | ""
22:03:14.505 | 0x8006 | HSHELL_FLASH                 | 0x00351044 | vis=n | msrdc              | "RemoteApp"
22:03:15.037 | 0x0006 | HSHELL_REDRAW                | 0x00351044 | vis=n | msrdc              | "RemoteApp"
22:03:15.568 | 0x8006 | HSHELL_FLASH                 | 0x00351044 | vis=n | msrdc              | "RemoteApp"
22:03:16.105 | 0x0006 | HSHELL_REDRAW                | 0x00351044 | vis=n | msrdc              | "RemoteApp"
22:03:16.181 | 0x0004 | HSHELL_WINDOWACTIVATED       | 0x00060A04 | vis=Y | vlc                | "Shaun.Of.The.Dead.2004.1080p.BluRay.DTS.x264-CtrlHD.mkv - VLC media player"
22:03:16.638 | 0x8006 | HSHELL_FLASH                 | 0x00351044 | vis=n | msrdc              | "RemoteApp"
22:03:17.164 | 0x0006 | HSHELL_REDRAW                | 0x00351044 | vis=n | msrdc              | "RemoteApp"
22:03:17.706 | 0x8006 | HSHELL_FLASH                 | 0x00351044 | vis=n | msrdc              | "RemoteApp"
22:03:18.223 | 0x0006 | HSHELL_REDRAW                | 0x00351044 | vis=n | msrdc              | "RemoteApp"
22:03:18.756 | 0x8006 | HSHELL_FLASH                 | 0x00351044 | vis=n | msrdc              | "RemoteApp"
22:03:19.289 | 0x0006 | HSHELL_REDRAW                | 0x00351044 | vis=n | msrdc              | "RemoteApp"
22:03:19.819 | 0x8006 | HSHELL_FLASH                 | 0x00351044 | vis=n | msrdc              | "RemoteApp"
22:03:20.349 | 0x0006 | HSHELL_REDRAW                | 0x00351044 | vis=n | msrdc              | "RemoteApp"
22:03:20.881 | 0x8006 | HSHELL_FLASH                 | 0x00351044 | vis=n | msrdc              | "RemoteApp"
22:03:21.425 | 0x0006 | HSHELL_REDRAW                | 0x00351044 | vis=n | msrdc              | "RemoteApp"
22:03:21.942 | 0x8006 | HSHELL_FLASH                 | 0x00351044 | vis=n | msrdc              | "RemoteApp"
22:03:22.472 | 0x0006 | HSHELL_REDRAW                | 0x00351044 | vis=n | msrdc              | "RemoteApp"
22:03:23.009 | 0x8006 | HSHELL_FLASH                 | 0x00351044 | vis=n | msrdc              | "RemoteApp"
22:03:23.542 | 0x0006 | HSHELL_REDRAW                | 0x00351044 | vis=n | msrdc              | "RemoteApp"
22:03:24.076 | 0x8006 | HSHELL_FLASH                 | 0x00351044 | vis=n | msrdc              | "RemoteApp"
22:03:24.226 | 0x0006 | HSHELL_REDRAW                | 0x008B15F0 | vis=Y | WindowsTerminal    | "\u2733 Write poem about seasons and check git status"
22:03:24.603 | 0x0006 | HSHELL_REDRAW                | 0x00351044 | vis=n | msrdc              | "RemoteApp"
22:03:25.140 | 0x8006 | HSHELL_FLASH                 | 0x00351044 | vis=n | msrdc              | "RemoteApp"
22:03:25.668 | 0x0006 | HSHELL_REDRAW                | 0x00351044 | vis=n | msrdc              | "RemoteApp"
22:03:26.194 | 0x8006 | HSHELL_FLASH                 | 0x00351044 | vis=n | msrdc              | "RemoteApp"
22:03:26.728 | 0x0006 | HSHELL_REDRAW                | 0x00351044 | vis=n | msrdc              | "RemoteApp"
22:03:27.257 | 0x8006 | HSHELL_FLASH                 | 0x00351044 | vis=n | msrdc              | "RemoteApp"
22:03:27.790 | 0x0006 | HSHELL_REDRAW                | 0x00351044 | vis=n | msrdc              | "RemoteApp"
22:03:28.321 | 0x8006 | HSHELL_FLASH                 | 0x00351044 | vis=n | msrdc              | "RemoteApp"
22:03:28.851 | 0x0006 | HSHELL_REDRAW                | 0x00351044 | vis=n | msrdc              | "RemoteApp"
22:03:29.379 | 0x8006 | HSHELL_FLASH                 | 0x00351044 | vis=n | msrdc              | "RemoteApp"
22:03:29.911 | 0x0006 | HSHELL_REDRAW                | 0x00351044 | vis=n | msrdc              | "RemoteApp"
22:03:30.444 | 0x8006 | HSHELL_FLASH                 | 0x00351044 | vis=n | msrdc              | "RemoteApp"
22:03:30.972 | 0x0006 | HSHELL_REDRAW                | 0x00351044 | vis=n | msrdc              | "RemoteApp"
22:03:31.513 | 0x8006 | HSHELL_FLASH                 | 0x00351044 | vis=n | msrdc              | "RemoteApp"
22:03:32.043 | 0x0006 | HSHELL_REDRAW                | 0x00351044 | vis=n | msrdc              | "RemoteApp"
22:03:32.580 | 0x8006 | HSHELL_FLASH                 | 0x00351044 | vis=n | msrdc              | "RemoteApp"
22:03:33.098 | 0x0006 | HSHELL_REDRAW                | 0x00351044 | vis=n | msrdc              | "RemoteApp"
22:03:33.631 | 0x8006 | HSHELL_FLASH                 | 0x00351044 | vis=n | msrdc              | "RemoteApp"
22:03:34.165 | 0x0006 | HSHELL_REDRAW                | 0x00351044 | vis=n | msrdc              | "RemoteApp"
22:03:34.695 | 0x8006 | HSHELL_FLASH                 | 0x00351044 | vis=n | msrdc              | "RemoteApp"
22:03:35.230 | 0x0006 | HSHELL_REDRAW                | 0x00351044 | vis=n | msrdc              | "RemoteApp"
22:03:35.762 | 0x8006 | HSHELL_FLASH                 | 0x00351044 | vis=n | msrdc              | "RemoteApp"
22:03:36.290 | 0x0006 | HSHELL_REDRAW                | 0x00351044 | vis=n | msrdc              | "RemoteApp"
22:03:36.817 | 0x8006 | HSHELL_FLASH                 | 0x00351044 | vis=n | msrdc              | "RemoteApp"
22:03:37.349 | 0x0006 | HSHELL_REDRAW                | 0x00351044 | vis=n | msrdc              | "RemoteApp"
22:03:37.882 | 0x8006 | HSHELL_FLASH                 | 0x00351044 | vis=n | msrdc              | "RemoteApp"
22:03:38.418 | 0x0006 | HSHELL_REDRAW                | 0x00351044 | vis=n | msrdc              | "RemoteApp"
22:03:38.952 | 0x8006 | HSHELL_FLASH                 | 0x00351044 | vis=n | msrdc              | "RemoteApp"
22:03:39.484 | 0x0006 | HSHELL_REDRAW                | 0x00351044 | vis=n | msrdc              | "RemoteApp"
22:03:40.015 | 0x8006 | HSHELL_FLASH                 | 0x00351044 | vis=n | msrdc              | "RemoteApp"
22:03:40.536 | 0x0006 | HSHELL_REDRAW                | 0x00351044 | vis=n | msrdc              | "RemoteApp"
22:03:41.069 | 0x8006 | HSHELL_FLASH                 | 0x00351044 | vis=n | msrdc              | "RemoteApp"
22:03:41.602 | 0x0006 | HSHELL_REDRAW                | 0x00351044 | vis=n | msrdc              | "RemoteApp"
22:03:42.136 | 0x8006 | HSHELL_FLASH                 | 0x00351044 | vis=n | msrdc              | "RemoteApp"
22:03:42.668 | 0x0006 | HSHELL_REDRAW                | 0x00351044 | vis=n | msrdc              | "RemoteApp"
22:03:43.199 | 0x8006 | HSHELL_FLASH                 | 0x00351044 | vis=n | msrdc              | "RemoteApp"
22:03:43.731 | 0x0006 | HSHELL_REDRAW                | 0x00351044 | vis=n | msrdc              | "RemoteApp"
22:03:44.260 | 0x8006 | HSHELL_FLASH                 | 0x00351044 | vis=n | msrdc              | "RemoteApp"
22:03:44.787 | 0x0006 | HSHELL_REDRAW                | 0x00351044 | vis=n | msrdc              | "RemoteApp"
22:03:45.320 | 0x8006 | HSHELL_FLASH                 | 0x00351044 | vis=n | msrdc              | "RemoteApp"
22:03:45.851 | 0x0006 | HSHELL_REDRAW                | 0x00351044 | vis=n | msrdc              | "RemoteApp"
22:03:46.382 | 0x8006 | HSHELL_FLASH                 | 0x00351044 | vis=n | msrdc              | "RemoteApp"
22:03:46.923 | 0x0006 | HSHELL_REDRAW                | 0x00351044 | vis=n | msrdc              | "RemoteApp"
22:03:47.452 | 0x8006 | HSHELL_FLASH                 | 0x00351044 | vis=n | msrdc              | "RemoteApp"
22:03:47.982 | 0x0006 | HSHELL_REDRAW                | 0x00351044 | vis=n | msrdc              | "RemoteApp"
22:03:48.507 | 0x8006 | HSHELL_FLASH                 | 0x00351044 | vis=n | msrdc              | "RemoteApp"
22:03:49.040 | 0x0006 | HSHELL_REDRAW                | 0x00351044 | vis=n | msrdc              | "RemoteApp"
22:03:49.574 | 0x8006 | HSHELL_FLASH                 | 0x00351044 | vis=n | msrdc              | "RemoteApp"
22:03:50.108 | 0x0006 | HSHELL_REDRAW                | 0x00351044 | vis=n | msrdc              | "RemoteApp"
22:03:50.629 | 0x8006 | HSHELL_FLASH                 | 0x00351044 | vis=n | msrdc              | "RemoteApp"
22:03:51.165 | 0x0006 | HSHELL_REDRAW                | 0x00351044 | vis=n | msrdc              | "RemoteApp"
22:03:51.693 | 0x8006 | HSHELL_FLASH                 | 0x00351044 | vis=n | msrdc              | "RemoteApp"
22:03:52.088 | 0x0010 | HSHELL_MONITORCHANGED        | 0x013A139C | vis=n | pwsh               | "GDI+ Window (pwsh.exe)"
22:03:52.169 | 0x0002 | HSHELL_WINDOWDESTROYED       | 0x013A139C | vis=n | Idle               | ""
22:03:52.226 | 0x0006 | HSHELL_REDRAW                | 0x00351044 | vis=n | msrdc              | "RemoteApp"
22:03:52.760 | 0x8006 | HSHELL_FLASH                 | 0x00351044 | vis=n | msrdc              | "RemoteApp"
22:03:53.286 | 0x0006 | HSHELL_REDRAW                | 0x00351044 | vis=n | msrdc              | "RemoteApp"
22:03:53.818 | 0x8006 | HSHELL_FLASH                 | 0x00351044 | vis=n | msrdc              | "RemoteApp"
22:03:54.360 | 0x0006 | HSHELL_REDRAW                | 0x00351044 | vis=n | msrdc              | "RemoteApp"
22:03:54.887 | 0x8006 | HSHELL_FLASH                 | 0x00351044 | vis=n | msrdc              | "RemoteApp"
22:03:55.417 | 0x0006 | HSHELL_REDRAW                | 0x00351044 | vis=n | msrdc              | "RemoteApp"
22:03:55.945 | 0x8006 | HSHELL_FLASH                 | 0x00351044 | vis=n | msrdc              | "RemoteApp"
22:03:56.478 | 0x0006 | HSHELL_REDRAW                | 0x00351044 | vis=n | msrdc              | "RemoteApp"
22:03:57.004 | 0x8006 | HSHELL_FLASH                 | 0x00351044 | vis=n | msrdc              | "RemoteApp"
22:03:57.537 | 0x0006 | HSHELL_REDRAW                | 0x00351044 | vis=n | msrdc              | "RemoteApp"
22:03:58.079 | 0x8006 | HSHELL_FLASH                 | 0x00351044 | vis=n | msrdc              | "RemoteApp"
22:03:58.611 | 0x0006 | HSHELL_REDRAW                | 0x00351044 | vis=n | msrdc              | "RemoteApp"
22:03:59.139 | 0x8006 | HSHELL_FLASH                 | 0x00351044 | vis=n | msrdc              | "RemoteApp"
22:03:59.664 | 0x0006 | HSHELL_REDRAW                | 0x00351044 | vis=n | msrdc              | "RemoteApp"
22:04:00.196 | 0x8006 | HSHELL_FLASH                 | 0x00351044 | vis=n | msrdc              | "RemoteApp"
22:04:00.724 | 0x0006 | HSHELL_REDRAW                | 0x00351044 | vis=n | msrdc              | "RemoteApp"
22:04:01.256 | 0x8006 | HSHELL_FLASH                 | 0x00351044 | vis=n | msrdc              | "RemoteApp"
22:04:01.788 | 0x0006 | HSHELL_REDRAW                | 0x00351044 | vis=n | msrdc              | "RemoteApp"
22:04:02.319 | 0x8006 | HSHELL_FLASH                 | 0x00351044 | vis=n | msrdc              | "RemoteApp"
22:04:02.849 | 0x0006 | HSHELL_REDRAW                | 0x00351044 | vis=n | msrdc              | "RemoteApp"
22:04:03.380 | 0x8006 | HSHELL_FLASH                 | 0x00351044 | vis=n | msrdc              | "RemoteApp"
22:04:03.911 | 0x0006 | HSHELL_REDRAW                | 0x00351044 | vis=n | msrdc              | "RemoteApp"
22:04:04.443 | 0x8006 | HSHELL_FLASH                 | 0x00351044 | vis=n | msrdc              | "RemoteApp"
22:04:04.983 | 0x0006 | HSHELL_REDRAW                | 0x00351044 | vis=n | msrdc              | "RemoteApp"
22:04:05.516 | 0x8006 | HSHELL_FLASH                 | 0x00351044 | vis=n | msrdc              | "RemoteApp"
22:04:06.046 | 0x0006 | HSHELL_REDRAW                | 0x00351044 | vis=n | msrdc              | "RemoteApp"
22:04:06.566 | 0x8006 | HSHELL_FLASH                 | 0x00351044 | vis=n | msrdc              | "RemoteApp"
22:04:07.100 | 0x0006 | HSHELL_REDRAW                | 0x00351044 | vis=n | msrdc              | "RemoteApp"
22:04:07.635 | 0x8006 | HSHELL_FLASH                 | 0x00351044 | vis=n | msrdc              | "RemoteApp"
22:04:08.163 | 0x0006 | HSHELL_REDRAW                | 0x00351044 | vis=n | msrdc              | "RemoteApp"
22:04:08.699 | 0x8006 | HSHELL_FLASH                 | 0x00351044 | vis=n | msrdc              | "RemoteApp"
22:04:09.231 | 0x0006 | HSHELL_REDRAW                | 0x00351044 | vis=n | msrdc              | "RemoteApp"
22:04:09.767 | 0x8006 | HSHELL_FLASH                 | 0x00351044 | vis=n | msrdc              | "RemoteApp"
22:04:10.285 | 0x0006 | HSHELL_REDRAW                | 0x00351044 | vis=n | msrdc              | "RemoteApp"
22:04:10.819 | 0x8006 | HSHELL_FLASH                 | 0x00351044 | vis=n | msrdc              | "RemoteApp"
22:04:11.353 | 0x0006 | HSHELL_REDRAW                | 0x00351044 | vis=n | msrdc              | "RemoteApp"
22:04:11.884 | 0x8006 | HSHELL_FLASH                 | 0x00351044 | vis=n | msrdc              | "RemoteApp"
22:04:12.414 | 0x0006 | HSHELL_REDRAW                | 0x00351044 | vis=n | msrdc              | "RemoteApp"
22:04:12.946 | 0x8006 | HSHELL_FLASH                 | 0x00351044 | vis=n | msrdc              | "RemoteApp"
22:04:13.482 | 0x0006 | HSHELL_REDRAW                | 0x00351044 | vis=n | msrdc              | "RemoteApp"
22:04:14.005 | 0x8006 | HSHELL_FLASH                 | 0x00351044 | vis=n | msrdc              | "RemoteApp"
22:04:14.538 | 0x0006 | HSHELL_REDRAW                | 0x00351044 | vis=n | msrdc              | "RemoteApp"
22:04:15.070 | 0x8006 | HSHELL_FLASH                 | 0x00351044 | vis=n | msrdc              | "RemoteApp"
22:04:15.600 | 0x0006 | HSHELL_REDRAW                | 0x00351044 | vis=n | msrdc              | "RemoteApp"
22:04:16.131 | 0x8006 | HSHELL_FLASH                 | 0x00351044 | vis=n | msrdc              | "RemoteApp"
22:04:16.660 | 0x0006 | HSHELL_REDRAW                | 0x00351044 | vis=n | msrdc              | "RemoteApp"
22:04:17.204 | 0x8006 | HSHELL_FLASH                 | 0x00351044 | vis=n | msrdc              | "RemoteApp"
22:04:17.724 | 0x0006 | HSHELL_REDRAW                | 0x00351044 | vis=n | msrdc              | "RemoteApp"
22:04:18.257 | 0x8006 | HSHELL_FLASH                 | 0x00351044 | vis=n | msrdc              | "RemoteApp"
22:04:18.790 | 0x0006 | HSHELL_REDRAW                | 0x00351044 | vis=n | msrdc              | "RemoteApp"
22:04:19.324 | 0x8006 | HSHELL_FLASH                 | 0x00351044 | vis=n | msrdc              | "RemoteApp"
22:04:19.853 | 0x0006 | HSHELL_REDRAW                | 0x00351044 | vis=n | msrdc              | "RemoteApp"
22:04:20.346 | 0x0002 | HSHELL_WINDOWDESTROYED       | 0x006C0F4C | vis=n | Idle               | ""
22:04:20.379 | 0x8006 | HSHELL_FLASH                 | 0x00351044 | vis=n | msrdc              | "RemoteApp"
22:04:20.384 | 0x0002 | HSHELL_WINDOWDESTROYED       | 0x002E0284 | vis=n | WindowsTerminal    | "BELL-HIDDEN"
22:04:20.395 | 0x0002 | HSHELL_WINDOWDESTROYED       | 0x002E0284 | vis=n | Idle               | ""
22:04:20.915 | 0x0006 | HSHELL_REDRAW                | 0x00351044 | vis=n | msrdc              | "RemoteApp"
22:04:21.442 | 0x8006 | HSHELL_FLASH                 | 0x00351044 | vis=n | msrdc              | "RemoteApp"
22:04:21.975 | 0x0006 | HSHELL_REDRAW                | 0x00351044 | vis=n | msrdc              | "RemoteApp"
22:04:22.506 | 0x8006 | HSHELL_FLASH                 | 0x00351044 | vis=n | msrdc              | "RemoteApp"
22:04:23.037 | 0x0006 | HSHELL_REDRAW                | 0x00351044 | vis=n | msrdc              | "RemoteApp"
=== flashprobe start 2026-08-15T22:11:10.8433916+02:00 (no filter) ===
host hwnd=0x4B13CE SHELLHOOK message id=49193 (0xC029)
RegisterShellHookWindow OK — listening. Ctrl+C to stop.
cols: time | wParam(raw) | name | hwnd | visible | process | title
22:11:10.911 | 0x0006 | HSHELL_REDRAW                | 0x115D0E6C | vis=n | WindowsTerminal    | "Windows Terminal"
22:11:10.913 | 0x0010 | HSHELL_MONITORCHANGED        | 0x115D0E6C | vis=n | WindowsTerminal    | "Windows Terminal"
22:11:10.930 | 0x0001 | HSHELL_WINDOWCREATED         | 0x115D0E6C | vis=Y | WindowsTerminal    | "Windows Terminal"
22:11:10.931 | 0x0004 | HSHELL_WINDOWACTIVATED       | 0x115D0E6C | vis=Y | WindowsTerminal    | "Windows Terminal"
22:11:10.934 | 0x0006 | HSHELL_REDRAW                | 0x115D0E6C | vis=Y | WindowsTerminal    | "Terminal"
22:11:10.973 | 0x0006 | HSHELL_REDRAW                | 0x115D0E6C | vis=Y | WindowsTerminal    | "C:\\WINDOWS\\System32\\WindowsPowerShell\\v1.0\\powershell.exe"
22:11:11.134 | 0x0006 | HSHELL_REDRAW                | 0x115D0E6C | vis=Y | WindowsTerminal    | "CLAUDE-DETACHED"
22:11:11.379 | 0x0006 | HSHELL_REDRAW                | 0x115D0E6C | vis=Y | WindowsTerminal    | "claude"
22:11:14.789 | 0x0006 | HSHELL_REDRAW                | 0x115D0E6C | vis=Y | WindowsTerminal    | "\u2733 Claude Code"
22:11:14.995 | 0x0006 | HSHELL_REDRAW                | 0x115D0E6C | vis=Y | WindowsTerminal    | "\u25D0 Claude Code"
22:11:15.840 | 0x0006 | HSHELL_REDRAW                | 0x115D0E6C | vis=Y | WindowsTerminal    | "\u25D0 Write detailed forty-line sea poem"
22:11:16.042 | 0x0006 | HSHELL_REDRAW                | 0x115D0E6C | vis=Y | WindowsTerminal    | "\u25D1 Write detailed forty-line sea poem"
22:11:16.872 | 0x0006 | HSHELL_REDRAW                | 0x115D0E6C | vis=Y | WindowsTerminal    | "\u25D0 Write detailed forty-line sea poem"
22:11:17.832 | 0x0006 | HSHELL_REDRAW                | 0x115D0E6C | vis=Y | WindowsTerminal    | "\u25D1 Write detailed forty-line sea poem"
22:11:18.794 | 0x0006 | HSHELL_REDRAW                | 0x115D0E6C | vis=Y | WindowsTerminal    | "\u25D0 Write detailed forty-line sea poem"
22:11:19.366 | 0x0004 | HSHELL_WINDOWACTIVATED       | 0x001F0F4A | vis=Y | WindowsTerminal    | "\u25D1 test_bell"
22:11:20.589 | 0x0006 | HSHELL_REDRAW                | 0x001F0F4A | vis=Y | WindowsTerminal    | "\u25D0 test_bell"
22:11:21.549 | 0x0006 | HSHELL_REDRAW                | 0x001F0F4A | vis=Y | WindowsTerminal    | "\u25D1 test_bell"
22:11:22.510 | 0x0006 | HSHELL_REDRAW                | 0x001F0F4A | vis=Y | WindowsTerminal    | "\u25D0 test_bell"
22:11:23.471 | 0x0006 | HSHELL_REDRAW                | 0x001F0F4A | vis=Y | WindowsTerminal    | "\u25D1 test_bell"
22:11:24.432 | 0x0006 | HSHELL_REDRAW                | 0x001F0F4A | vis=Y | WindowsTerminal    | "\u25D0 test_bell"
22:11:25.392 | 0x0006 | HSHELL_REDRAW                | 0x001F0F4A | vis=Y | WindowsTerminal    | "\u25D1 test_bell"
22:11:26.331 | 0x0005 | HSHELL_GETMINRECT            | 0xAF4599DFB0 | vis=n | Idle               | ""
22:11:26.354 | 0x0006 | HSHELL_REDRAW                | 0x001F0F4A | vis=Y | WindowsTerminal    | "\u25D0 test_bell"
22:11:26.988 | 0x0006 | HSHELL_REDRAW                | 0x115D0E6C | vis=Y | WindowsTerminal    | "\u2733 Write detailed forty-line sea poem"
22:11:27.313 | 0x0006 | HSHELL_REDRAW                | 0x001F0F4A | vis=Y | WindowsTerminal    | "\u25D1 test_bell"
22:11:28.273 | 0x0006 | HSHELL_REDRAW                | 0x001F0F4A | vis=Y | WindowsTerminal    | "\u25D0 test_bell"
22:11:29.234 | 0x0006 | HSHELL_REDRAW                | 0x001F0F4A | vis=Y | WindowsTerminal    | "\u25D1 test_bell"
22:11:30.196 | 0x0006 | HSHELL_REDRAW                | 0x001F0F4A | vis=Y | WindowsTerminal    | "\u25D0 test_bell"
22:11:31.156 | 0x0006 | HSHELL_REDRAW                | 0x001F0F4A | vis=Y | WindowsTerminal    | "\u25D1 test_bell"
22:11:32.117 | 0x0006 | HSHELL_REDRAW                | 0x001F0F4A | vis=Y | WindowsTerminal    | "\u25D0 test_bell"
22:11:33.078 | 0x0006 | HSHELL_REDRAW                | 0x001F0F4A | vis=Y | WindowsTerminal    | "\u25D1 test_bell"
22:11:34.039 | 0x0006 | HSHELL_REDRAW                | 0x001F0F4A | vis=Y | WindowsTerminal    | "\u25D0 test_bell"
22:11:35.000 | 0x0006 | HSHELL_REDRAW                | 0x001F0F4A | vis=Y | WindowsTerminal    | "\u25D1 test_bell"
22:11:35.962 | 0x0006 | HSHELL_REDRAW                | 0x001F0F4A | vis=Y | WindowsTerminal    | "\u25D0 test_bell"
22:11:36.922 | 0x0006 | HSHELL_REDRAW                | 0x001F0F4A | vis=Y | WindowsTerminal    | "\u25D1 test_bell"
22:11:37.882 | 0x0006 | HSHELL_REDRAW                | 0x001F0F4A | vis=Y | WindowsTerminal    | "\u25D0 test_bell"
22:11:38.843 | 0x0006 | HSHELL_REDRAW                | 0x001F0F4A | vis=Y | WindowsTerminal    | "\u25D1 test_bell"
22:11:39.804 | 0x0006 | HSHELL_REDRAW                | 0x001F0F4A | vis=Y | WindowsTerminal    | "\u25D0 test_bell"
22:11:40.766 | 0x0006 | HSHELL_REDRAW                | 0x001F0F4A | vis=Y | WindowsTerminal    | "\u25D1 test_bell"
22:11:41.727 | 0x0006 | HSHELL_REDRAW                | 0x001F0F4A | vis=Y | WindowsTerminal    | "\u25D0 test_bell"
22:11:42.688 | 0x0006 | HSHELL_REDRAW                | 0x001F0F4A | vis=Y | WindowsTerminal    | "\u25D1 test_bell"
22:11:43.648 | 0x0006 | HSHELL_REDRAW                | 0x001F0F4A | vis=Y | WindowsTerminal    | "\u25D0 test_bell"
22:11:44.609 | 0x0006 | HSHELL_REDRAW                | 0x001F0F4A | vis=Y | WindowsTerminal    | "\u25D1 test_bell"
22:11:45.570 | 0x0006 | HSHELL_REDRAW                | 0x001F0F4A | vis=Y | WindowsTerminal    | "\u25D0 test_bell"
22:11:46.532 | 0x0006 | HSHELL_REDRAW                | 0x001F0F4A | vis=Y | WindowsTerminal    | "\u25D1 test_bell"
22:11:47.492 | 0x0006 | HSHELL_REDRAW                | 0x001F0F4A | vis=Y | WindowsTerminal    | "\u25D0 test_bell"
22:11:48.452 | 0x0006 | HSHELL_REDRAW                | 0x001F0F4A | vis=Y | WindowsTerminal    | "\u25D1 test_bell"
22:11:49.413 | 0x0006 | HSHELL_REDRAW                | 0x001F0F4A | vis=Y | WindowsTerminal    | "\u25D0 test_bell"
22:11:50.375 | 0x0006 | HSHELL_REDRAW                | 0x001F0F4A | vis=Y | WindowsTerminal    | "\u25D1 test_bell"
22:11:51.335 | 0x0006 | HSHELL_REDRAW                | 0x001F0F4A | vis=Y | WindowsTerminal    | "\u25D0 test_bell"
22:11:52.296 | 0x0006 | HSHELL_REDRAW                | 0x001F0F4A | vis=Y | WindowsTerminal    | "\u25D1 test_bell"
22:11:53.257 | 0x0006 | HSHELL_REDRAW                | 0x001F0F4A | vis=Y | WindowsTerminal    | "\u25D0 test_bell"
22:11:54.217 | 0x0006 | HSHELL_REDRAW                | 0x001F0F4A | vis=Y | WindowsTerminal    | "\u25D1 test_bell"
22:11:55.179 | 0x0006 | HSHELL_REDRAW                | 0x001F0F4A | vis=Y | WindowsTerminal    | "\u25D0 test_bell"
22:11:56.140 | 0x0006 | HSHELL_REDRAW                | 0x001F0F4A | vis=Y | WindowsTerminal    | "\u25D1 test_bell"
22:11:57.100 | 0x0006 | HSHELL_REDRAW                | 0x001F0F4A | vis=Y | WindowsTerminal    | "\u25D0 test_bell"
22:11:58.060 | 0x0006 | HSHELL_REDRAW                | 0x001F0F4A | vis=Y | WindowsTerminal    | "\u25D1 test_bell"
22:11:59.021 | 0x0006 | HSHELL_REDRAW                | 0x001F0F4A | vis=Y | WindowsTerminal    | "\u25D0 test_bell"
22:11:59.982 | 0x0006 | HSHELL_REDRAW                | 0x001F0F4A | vis=Y | WindowsTerminal    | "\u25D1 test_bell"
22:12:00.943 | 0x0006 | HSHELL_REDRAW                | 0x001F0F4A | vis=Y | WindowsTerminal    | "\u25D0 test_bell"
22:12:01.904 | 0x0006 | HSHELL_REDRAW                | 0x001F0F4A | vis=Y | WindowsTerminal    | "\u25D1 test_bell"
22:12:02.865 | 0x0006 | HSHELL_REDRAW                | 0x001F0F4A | vis=Y | WindowsTerminal    | "\u25D0 test_bell"
22:12:03.827 | 0x0006 | HSHELL_REDRAW                | 0x001F0F4A | vis=Y | WindowsTerminal    | "\u25D1 test_bell"
22:12:04.787 | 0x0006 | HSHELL_REDRAW                | 0x001F0F4A | vis=Y | WindowsTerminal    | "\u25D0 test_bell"
22:12:05.748 | 0x0006 | HSHELL_REDRAW                | 0x001F0F4A | vis=Y | WindowsTerminal    | "\u25D1 test_bell"
22:12:06.709 | 0x0006 | HSHELL_REDRAW                | 0x001F0F4A | vis=Y | WindowsTerminal    | "\u25D0 test_bell"
22:12:07.670 | 0x0006 | HSHELL_REDRAW                | 0x001F0F4A | vis=Y | WindowsTerminal    | "\u25D1 test_bell"
22:12:08.632 | 0x0006 | HSHELL_REDRAW                | 0x001F0F4A | vis=Y | WindowsTerminal    | "\u25D0 test_bell"
22:12:09.592 | 0x0006 | HSHELL_REDRAW                | 0x001F0F4A | vis=Y | WindowsTerminal    | "\u25D1 test_bell"
22:12:10.553 | 0x0006 | HSHELL_REDRAW                | 0x001F0F4A | vis=Y | WindowsTerminal    | "\u25D0 test_bell"
22:12:11.515 | 0x0006 | HSHELL_REDRAW                | 0x001F0F4A | vis=Y | WindowsTerminal    | "\u25D1 test_bell"
22:12:12.475 | 0x0006 | HSHELL_REDRAW                | 0x001F0F4A | vis=Y | WindowsTerminal    | "\u25D0 test_bell"
22:12:13.436 | 0x0006 | HSHELL_REDRAW                | 0x001F0F4A | vis=Y | WindowsTerminal    | "\u25D1 test_bell"
22:12:14.396 | 0x0006 | HSHELL_REDRAW                | 0x001F0F4A | vis=Y | WindowsTerminal    | "\u25D0 test_bell"
22:12:15.357 | 0x0006 | HSHELL_REDRAW                | 0x001F0F4A | vis=Y | WindowsTerminal    | "\u25D1 test_bell"
22:12:16.318 | 0x0006 | HSHELL_REDRAW                | 0x001F0F4A | vis=Y | WindowsTerminal    | "\u25D0 test_bell"
22:12:17.279 | 0x0006 | HSHELL_REDRAW                | 0x001F0F4A | vis=Y | WindowsTerminal    | "\u25D1 test_bell"
22:12:18.240 | 0x0006 | HSHELL_REDRAW                | 0x001F0F4A | vis=Y | WindowsTerminal    | "\u25D0 test_bell"
22:12:19.201 | 0x0006 | HSHELL_REDRAW                | 0x001F0F4A | vis=Y | WindowsTerminal    | "\u25D1 test_bell"
22:12:20.180 | 0x0006 | HSHELL_REDRAW                | 0x001F0F4A | vis=Y | WindowsTerminal    | "\u25D0 test_bell"
22:12:21.141 | 0x0006 | HSHELL_REDRAW                | 0x001F0F4A | vis=Y | WindowsTerminal    | "\u25D1 test_bell"
22:12:22.102 | 0x0006 | HSHELL_REDRAW                | 0x001F0F4A | vis=Y | WindowsTerminal    | "\u25D0 test_bell"
22:12:22.649 | 0x0002 | HSHELL_WINDOWDESTROYED       | 0x115D0E6C | vis=n | WindowsTerminal    | "\u2733 Write detailed forty-line sea poem"
22:12:22.654 | 0x0002 | HSHELL_WINDOWDESTROYED       | 0x115D0E6C | vis=n | Idle               | ""
22:12:23.064 | 0x0006 | HSHELL_REDRAW                | 0x001F0F4A | vis=Y | WindowsTerminal    | "\u25D1 test_bell"
22:12:24.025 | 0x0006 | HSHELL_REDRAW                | 0x001F0F4A | vis=Y | WindowsTerminal    | "\u25D0 test_bell"
22:12:24.986 | 0x0006 | HSHELL_REDRAW                | 0x001F0F4A | vis=Y | WindowsTerminal    | "\u25D1 test_bell"
22:12:25.946 | 0x0006 | HSHELL_REDRAW                | 0x001F0F4A | vis=Y | WindowsTerminal    | "\u25D0 test_bell"
22:12:26.907 | 0x0006 | HSHELL_REDRAW                | 0x001F0F4A | vis=Y | WindowsTerminal    | "\u25D1 test_bell"
22:12:27.868 | 0x0006 | HSHELL_REDRAW                | 0x001F0F4A | vis=Y | WindowsTerminal    | "\u25D0 test_bell"
22:12:28.829 | 0x0006 | HSHELL_REDRAW                | 0x001F0F4A | vis=Y | WindowsTerminal    | "\u25D1 test_bell"
22:12:29.790 | 0x0006 | HSHELL_REDRAW                | 0x001F0F4A | vis=Y | WindowsTerminal    | "\u25D0 test_bell"
22:12:30.753 | 0x0006 | HSHELL_REDRAW                | 0x001F0F4A | vis=Y | WindowsTerminal    | "\u25D1 test_bell"
22:12:31.714 | 0x0006 | HSHELL_REDRAW                | 0x001F0F4A | vis=Y | WindowsTerminal    | "\u25D0 test_bell"
22:12:32.676 | 0x0006 | HSHELL_REDRAW                | 0x001F0F4A | vis=Y | WindowsTerminal    | "\u25D1 test_bell"
22:12:33.636 | 0x0006 | HSHELL_REDRAW                | 0x001F0F4A | vis=Y | WindowsTerminal    | "\u25D0 test_bell"
22:12:34.598 | 0x0006 | HSHELL_REDRAW                | 0x001F0F4A | vis=Y | WindowsTerminal    | "\u25D1 test_bell"
22:12:35.559 | 0x0006 | HSHELL_REDRAW                | 0x001F0F4A | vis=Y | WindowsTerminal    | "\u25D0 test_bell"
22:12:36.520 | 0x0006 | HSHELL_REDRAW                | 0x001F0F4A | vis=Y | WindowsTerminal    | "\u25D1 test_bell"
22:12:36.721 | 0x0006 | HSHELL_REDRAW                | 0x001F0F4A | vis=Y | WindowsTerminal    | "\u2733 test_bell"
22:12:50.605 | 0x0006 | HSHELL_REDRAW                | 0x001F0F4A | vis=Y | WindowsTerminal    | "\u25D1 test_bell"
22:12:51.566 | 0x0006 | HSHELL_REDRAW                | 0x001F0F4A | vis=Y | WindowsTerminal    | "\u25D0 test_bell"
22:12:52.526 | 0x0006 | HSHELL_REDRAW                | 0x001F0F4A | vis=Y | WindowsTerminal    | "\u25D1 test_bell"
22:12:53.487 | 0x0006 | HSHELL_REDRAW                | 0x001F0F4A | vis=Y | WindowsTerminal    | "\u25D0 test_bell"
22:12:54.448 | 0x0006 | HSHELL_REDRAW                | 0x001F0F4A | vis=Y | WindowsTerminal    | "\u25D1 test_bell"
22:12:55.409 | 0x0006 | HSHELL_REDRAW                | 0x001F0F4A | vis=Y | WindowsTerminal    | "\u25D0 test_bell"
22:12:56.369 | 0x0006 | HSHELL_REDRAW                | 0x001F0F4A | vis=Y | WindowsTerminal    | "\u25D1 test_bell"
22:12:57.330 | 0x0006 | HSHELL_REDRAW                | 0x001F0F4A | vis=Y | WindowsTerminal    | "\u25D0 test_bell"
22:12:58.291 | 0x0006 | HSHELL_REDRAW                | 0x001F0F4A | vis=Y | WindowsTerminal    | "\u25D1 test_bell"
22:12:59.252 | 0x0006 | HSHELL_REDRAW                | 0x001F0F4A | vis=Y | WindowsTerminal    | "\u25D0 test_bell"
22:13:00.212 | 0x0006 | HSHELL_REDRAW                | 0x001F0F4A | vis=Y | WindowsTerminal    | "\u25D1 test_bell"
22:13:01.173 | 0x0006 | HSHELL_REDRAW                | 0x001F0F4A | vis=Y | WindowsTerminal    | "\u25D0 test_bell"
22:13:02.134 | 0x0006 | HSHELL_REDRAW                | 0x001F0F4A | vis=Y | WindowsTerminal    | "\u25D1 test_bell"
22:13:03.094 | 0x0006 | HSHELL_REDRAW                | 0x001F0F4A | vis=Y | WindowsTerminal    | "\u25D0 test_bell"
22:13:03.317 | 0x0035 | HSHELL_UNKNOWN(53)           | 0x000509B4 | vis=Y | explorer           | ""
22:13:04.054 | 0x0006 | HSHELL_REDRAW                | 0x001F0F4A | vis=Y | WindowsTerminal    | "\u25D1 test_bell"
22:13:04.310 | 0x0004 | HSHELL_WINDOWACTIVATED       | 0x00000000 | vis=n | Idle               | ""
22:13:04.442 | 0x0036 | HSHELL_UNKNOWN(54)           | 0x000509B4 | vis=n | explorer           | ""
22:13:04.446 | 0x0004 | HSHELL_WINDOWACTIVATED       | 0x0AE90FE6 | vis=Y | chrome             | "Claude code console completion sound - Claude - Google Chrome"
22:13:06.033 | 0x0006 | HSHELL_REDRAW                | 0x0AE90FE6 | vis=Y | chrome             | "New Tab - Google Chrome"
22:13:07.931 | 0x0006 | HSHELL_REDRAW                | 0x0AE90FE6 | vis=Y | chrome             | "Facebook - Google Chrome"
22:13:12.980 | 0x0006 | HSHELL_REDRAW                | 0x0AE90FE6 | vis=Y | chrome             | "YouTube - Google Chrome"
22:13:33.317 | 0x0006 | HSHELL_REDRAW                | 0x0AE90FE6 | vis=Y | chrome             | "How Arnold Schwarzenegger Almost Changed the Terminator's Most Iconic Line \uD83C\uDFAC\uD83E\uDD16 - YouTube - Google Chrome"
22:13:33.673 | 0x000C | HSHELL_APPCOMMAND            | 0x00090000 | vis=n | Idle               | ""
22:13:33.809 | 0x000C | HSHELL_APPCOMMAND            | 0x00090000 | vis=n | Idle               | ""
22:13:33.857 | 0x000C | HSHELL_APPCOMMAND            | 0x00090000 | vis=n | Idle               | ""
22:13:34.330 | 0x000C | HSHELL_APPCOMMAND            | 0x00090000 | vis=n | Idle               | ""
22:13:34.414 | 0x000C | HSHELL_APPCOMMAND            | 0x00090000 | vis=n | Idle               | ""
22:13:34.528 | 0x000C | HSHELL_APPCOMMAND            | 0x00090000 | vis=n | Idle               | ""
22:13:34.582 | 0x000C | HSHELL_APPCOMMAND            | 0x00090000 | vis=n | Idle               | ""
22:13:35.336 | 0x000C | HSHELL_APPCOMMAND            | 0x00090000 | vis=n | Idle               | ""
22:13:37.226 | 0x000C | HSHELL_APPCOMMAND            | 0x00090000 | vis=n | Idle               | ""
22:13:37.483 | 0x000C | HSHELL_APPCOMMAND            | 0x00090000 | vis=n | Idle               | ""
22:13:39.304 | 0x000C | HSHELL_APPCOMMAND            | 0x000A0000 | vis=n | Idle               | ""
22:13:39.457 | 0x000C | HSHELL_APPCOMMAND            | 0x000A0000 | vis=n | Idle               | ""
22:13:39.674 | 0x000C | HSHELL_APPCOMMAND            | 0x000A0000 | vis=n | Idle               | ""
22:13:44.072 | 0x000C | HSHELL_APPCOMMAND            | 0x00090000 | vis=n | Idle               | ""
