=== flashprobe start 2026-08-15T19:09:52.4351314+02:00 (no filter) ===
host hwnd=0x681016 SHELLHOOK message id=49193 (0xC029)
RegisterShellHookWindow OK — listening. Ctrl+C to stop.
cols: time | wParam(raw) | name | hwnd | visible | process | title
19:10:01.553 | 0x0010 | HSHELL_MONITORCHANGED        | 0x002413D0 | vis=n | taskhostw          | "Task Host Window"
19:10:01.605 | 0x0002 | HSHELL_WINDOWDESTROYED       | 0x002413D0 | vis=n | taskhostw          | "Task Host Window"
19:10:01.612 | 0x0002 | HSHELL_WINDOWDESTROYED       | 0x002413D0 | vis=n | Idle               | ""
19:10:10.990 | 0x0006 | HSHELL_REDRAW                | 0x00060F70 | vis=Y | Telegram           | "\u200EOleksandra Suchova \u2013 (2)"
19:10:10.992 | 0x0006 | HSHELL_REDRAW                | 0x00060F70 | vis=Y | Telegram           | "\u200EOleksandra Suchova \u2013 (2)"
19:10:10.992 | 0x0006 | HSHELL_REDRAW                | 0x00060F70 | vis=Y | Telegram           | "\u200EOleksandra Suchova \u2013 (2)"
19:10:22.462 | 0x0006 | HSHELL_REDRAW                | 0x002713D0 | vis=n | WindowsTerminal    | "Windows Terminal"
19:10:22.463 | 0x0010 | HSHELL_MONITORCHANGED        | 0x002713D0 | vis=n | WindowsTerminal    | "Windows Terminal"
19:10:22.473 | 0x0006 | HSHELL_REDRAW                | 0x002713D0 | vis=n | WindowsTerminal    | "Terminal"
19:10:22.535 | 0x0006 | HSHELL_REDRAW                | 0x002713D0 | vis=n | WindowsTerminal    | "new-window"
19:10:22.550 | 0x0001 | HSHELL_WINDOWCREATED         | 0x002713D0 | vis=Y | WindowsTerminal    | "new-window"
19:10:22.552 | 0x0006 | HSHELL_REDRAW                | 0x002713D0 | vis=Y | WindowsTerminal    | "new-window"
19:10:23.087 | 0x8006 | HSHELL_FLASH                 | 0x002713D0 | vis=Y | WindowsTerminal    | "new-window"
19:10:23.617 | 0x0006 | HSHELL_REDRAW                | 0x002713D0 | vis=Y | WindowsTerminal    | "new-window"
19:10:24.157 | 0x8006 | HSHELL_FLASH                 | 0x002713D0 | vis=Y | WindowsTerminal    | "new-window"
19:10:24.679 | 0x0006 | HSHELL_REDRAW                | 0x002713D0 | vis=Y | WindowsTerminal    | "new-window"
19:10:25.208 | 0x8006 | HSHELL_FLASH                 | 0x002713D0 | vis=Y | WindowsTerminal    | "new-window"
19:10:25.683 | 0x0004 | HSHELL_WINDOWACTIVATED       | 0x00000000 | vis=n | Idle               | ""
19:10:25.742 | 0x0006 | HSHELL_REDRAW                | 0x002713D0 | vis=Y | WindowsTerminal    | "new-window"
19:10:25.794 | 0x0004 | HSHELL_WINDOWACTIVATED       | 0x002713D0 | vis=Y | WindowsTerminal    | "new-window"
19:10:26.272 | 0x0006 | HSHELL_REDRAW                | 0x002713D0 | vis=Y | WindowsTerminal    | "new-window"
19:10:37.893 | 0x0004 | HSHELL_WINDOWACTIVATED       | 0x000D0CA6 | vis=Y | chrome             | "Legends Never Die - YouTube - Google Chrome"
19:11:10.734 | 0x0002 | HSHELL_WINDOWDESTROYED       | 0x002713D0 | vis=n | WindowsTerminal    | "new-window"
19:11:10.744 | 0x0002 | HSHELL_WINDOWDESTROYED       | 0x002713D0 | vis=n | Idle               | ""
19:11:12.824 | 0x0006 | HSHELL_REDRAW                | 0x002813D0 | vis=n | WindowsTerminal    | "Windows Terminal"
19:11:12.826 | 0x0010 | HSHELL_MONITORCHANGED        | 0x002813D0 | vis=n | WindowsTerminal    | "Windows Terminal"
19:11:12.848 | 0x0001 | HSHELL_WINDOWCREATED         | 0x002813D0 | vis=Y | WindowsTerminal    | "Windows Terminal"
19:11:12.848 | 0x0004 | HSHELL_WINDOWACTIVATED       | 0x002813D0 | vis=Y | WindowsTerminal    | "Windows Terminal"
19:11:12.851 | 0x0006 | HSHELL_REDRAW                | 0x002813D0 | vis=Y | WindowsTerminal    | "Terminal"
19:11:12.885 | 0x0006 | HSHELL_REDRAW                | 0x002813D0 | vis=Y | WindowsTerminal    | "C:\\WINDOWS\\System32\\WindowsPowerShell\\v1.0\\powershell.exe"
19:11:12.904 | 0x0006 | HSHELL_REDRAW                | 0x002813D0 | vis=Y | WindowsTerminal    | "Windows PowerShell"
19:11:13.107 | 0x0006 | HSHELL_REDRAW                | 0x002813D0 | vis=Y | WindowsTerminal    | "HYDRAWIN-BELL"
19:11:25.644 | 0x0005 | HSHELL_GETMINRECT            | 0x987F17E280 | vis=n | Idle               | ""
19:11:25.650 | 0x0004 | HSHELL_WINDOWACTIVATED       | 0x000D0CA6 | vis=Y | chrome             | "Legends Never Die - YouTube - Google Chrome"
19:12:07.702 | 0x0004 | HSHELL_WINDOWACTIVATED       | 0x0017145E | vis=Y | WindowsTerminal    | "HYDRAWIN-SPIKE-GUINEA-PIG"
19:12:09.090 | 0x0004 | HSHELL_WINDOWACTIVATED       | 0x00000000 | vis=n | Idle               | ""
19:12:09.150 | 0x0004 | HSHELL_WINDOWACTIVATED       | 0x002813D0 | vis=Y | WindowsTerminal    | "HYDRAWIN-BELL"
19:12:09.175 | 0x0005 | HSHELL_GETMINRECT            | 0x987F17E280 | vis=n | Idle               | ""
19:12:10.660 | 0x0004 | HSHELL_WINDOWACTIVATED       | 0x000D0CA6 | vis=Y | chrome             | "Legends Never Die - YouTube - Google Chrome"
19:12:34.871 | 0x0004 | HSHELL_WINDOWACTIVATED       | 0x00000000 | vis=n | Idle               | ""
19:12:35.023 | 0x0004 | HSHELL_WINDOWACTIVATED       | 0x0017145E | vis=Y | WindowsTerminal    | "HYDRAWIN-SPIKE-GUINEA-PIG"
19:12:37.454 | 0x0004 | HSHELL_WINDOWACTIVATED       | 0x000D0CA6 | vis=Y | chrome             | "Legends Never Die - YouTube - Google Chrome"
19:12:52.524 | 0x0006 | HSHELL_REDRAW                | 0x002813D0 | vis=Y | WindowsTerminal    | "HYDRAWIN-BELL"
19:12:53.058 | 0x8006 | HSHELL_FLASH                 | 0x002813D0 | vis=Y | WindowsTerminal    | "HYDRAWIN-BELL"
19:12:53.591 | 0x0006 | HSHELL_REDRAW                | 0x002813D0 | vis=Y | WindowsTerminal    | "HYDRAWIN-BELL"
19:12:54.114 | 0x8006 | HSHELL_FLASH                 | 0x002813D0 | vis=Y | WindowsTerminal    | "HYDRAWIN-BELL"
19:12:54.658 | 0x0006 | HSHELL_REDRAW                | 0x002813D0 | vis=Y | WindowsTerminal    | "HYDRAWIN-BELL"
19:12:55.183 | 0x8006 | HSHELL_FLASH                 | 0x002813D0 | vis=Y | WindowsTerminal    | "HYDRAWIN-BELL"
19:12:55.708 | 0x0006 | HSHELL_REDRAW                | 0x002813D0 | vis=Y | WindowsTerminal    | "HYDRAWIN-BELL"
19:12:56.242 | 0x8006 | HSHELL_FLASH                 | 0x002813D0 | vis=Y | WindowsTerminal    | "HYDRAWIN-BELL"
19:12:56.776 | 0x0006 | HSHELL_REDRAW                | 0x002813D0 | vis=Y | WindowsTerminal    | "HYDRAWIN-BELL"
19:12:57.306 | 0x8006 | HSHELL_FLASH                 | 0x002813D0 | vis=Y | WindowsTerminal    | "HYDRAWIN-BELL"
19:12:57.840 | 0x0006 | HSHELL_REDRAW                | 0x002813D0 | vis=Y | WindowsTerminal    | "HYDRAWIN-BELL"
19:12:58.366 | 0x8006 | HSHELL_FLASH                 | 0x002813D0 | vis=Y | WindowsTerminal    | "HYDRAWIN-BELL"
19:12:58.906 | 0x8006 | HSHELL_FLASH                 | 0x002813D0 | vis=Y | WindowsTerminal    | "HYDRAWIN-BELL"
19:13:10.697 | 0x0010 | HSHELL_MONITORCHANGED        | 0x000A13F6 | vis=n | conhost            | "C:\\projects\\HydraWin\\spikes\\HideShow\\bin\\Debug\\net10.0-windows\\hideshow.exe"
19:13:10.698 | 0x0006 | HSHELL_REDRAW                | 0x000A13F6 | vis=n | conhost            | "C:\\projects\\HydraWin\\spikes\\HideShow\\bin\\Debug\\net10.0-windows\\hideshow.exe"
19:13:10.699 | 0x0006 | HSHELL_REDRAW                | 0x000A13F6 | vis=n | conhost            | "C:\\projects\\HydraWin\\spikes\\HideShow\\bin\\Debug\\net10.0-windows\\hideshow.exe"
19:13:10.795 | 0x0002 | HSHELL_WINDOWDESTROYED       | 0x002813D0 | vis=n | WindowsTerminal    | "HYDRAWIN-BELL"
19:13:13.834 | 0x0006 | HSHELL_REDRAW                | 0x002813D0 | vis=n | WindowsTerminal    | "HYDRAWIN-BELL"
19:13:14.376 | 0x8006 | HSHELL_FLASH                 | 0x002813D0 | vis=n | WindowsTerminal    | "HYDRAWIN-BELL"
19:13:14.906 | 0x0006 | HSHELL_REDRAW                | 0x002813D0 | vis=n | WindowsTerminal    | "HYDRAWIN-BELL"
19:13:15.427 | 0x8006 | HSHELL_FLASH                 | 0x002813D0 | vis=n | WindowsTerminal    | "HYDRAWIN-BELL"
19:13:15.961 | 0x0006 | HSHELL_REDRAW                | 0x002813D0 | vis=n | WindowsTerminal    | "HYDRAWIN-BELL"
19:13:16.491 | 0x8006 | HSHELL_FLASH                 | 0x002813D0 | vis=n | WindowsTerminal    | "HYDRAWIN-BELL"
19:13:17.028 | 0x0006 | HSHELL_REDRAW                | 0x002813D0 | vis=n | WindowsTerminal    | "HYDRAWIN-BELL"
19:13:17.560 | 0x8006 | HSHELL_FLASH                 | 0x002813D0 | vis=n | WindowsTerminal    | "HYDRAWIN-BELL"
19:13:18.091 | 0x0006 | HSHELL_REDRAW                | 0x002813D0 | vis=n | WindowsTerminal    | "HYDRAWIN-BELL"
19:13:18.625 | 0x8006 | HSHELL_FLASH                 | 0x002813D0 | vis=n | WindowsTerminal    | "HYDRAWIN-BELL"
19:13:19.160 | 0x0006 | HSHELL_REDRAW                | 0x002813D0 | vis=n | WindowsTerminal    | "HYDRAWIN-BELL"
19:13:19.694 | 0x8006 | HSHELL_FLASH                 | 0x002813D0 | vis=n | WindowsTerminal    | "HYDRAWIN-BELL"
19:13:20.228 | 0x8006 | HSHELL_FLASH                 | 0x002813D0 | vis=n | WindowsTerminal    | "HYDRAWIN-BELL"
19:13:50.268 | 0x0006 | HSHELL_REDRAW                | 0x00111438 | vis=n | WindowsTerminal    | "Windows Terminal"
19:13:50.270 | 0x0010 | HSHELL_MONITORCHANGED        | 0x00111438 | vis=n | WindowsTerminal    | "Windows Terminal"
19:13:50.289 | 0x0001 | HSHELL_WINDOWCREATED         | 0x00111438 | vis=Y | WindowsTerminal    | "Windows Terminal"
19:13:50.289 | 0x0004 | HSHELL_WINDOWACTIVATED       | 0x00111438 | vis=Y | WindowsTerminal    | "Windows Terminal"
19:13:50.292 | 0x0006 | HSHELL_REDRAW                | 0x00111438 | vis=Y | WindowsTerminal    | "Terminal"
19:13:50.326 | 0x0006 | HSHELL_REDRAW                | 0x00111438 | vis=Y | WindowsTerminal    | "C:\\WINDOWS\\System32\\WindowsPowerShell\\v1.0\\powershell.exe"
19:13:50.345 | 0x0006 | HSHELL_REDRAW                | 0x00111438 | vis=Y | WindowsTerminal    | "Windows PowerShell"
19:13:50.548 | 0x0006 | HSHELL_REDRAW                | 0x00111438 | vis=Y | WindowsTerminal    | "HYDRAWIN-BELL2"
19:13:53.632 | 0x0005 | HSHELL_GETMINRECT            | 0x987F17E280 | vis=n | Idle               | ""
19:13:54.086 | 0x0005 | HSHELL_GETMINRECT            | 0x987F17E280 | vis=n | Idle               | ""
19:13:54.231 | 0x0004 | HSHELL_WINDOWACTIVATED       | 0x000D0CA6 | vis=Y | chrome             | "Legends Never Die - YouTube - Google Chrome"
19:14:24.741 | 0x0004 | HSHELL_WINDOWACTIVATED       | 0x00060C58 | vis=Y | WindowsTerminal    | "\u25D0 verify-win32-assumptions"
19:14:24.867 | 0x0006 | HSHELL_REDRAW                | 0x00060C58 | vis=Y | WindowsTerminal    | "\u2733 Initialize git repository with initial commit"
19:14:40.769 | 0x0001 | HSHELL_WINDOWCREATED         | 0x002813D0 | vis=Y | WindowsTerminal    | "HYDRAWIN-BELL"
19:14:40.778 | 0x0002 | HSHELL_WINDOWDESTROYED       | 0x000A13F6 | vis=n | Idle               | ""
19:14:45.345 | 0x0035 | HSHELL_UNKNOWN(53)           | 0x0013143A | vis=Y | DataExchangeHost   | ""
19:14:45.775 | 0x0036 | HSHELL_UNKNOWN(54)           | 0x0013143A | vis=n | DataExchangeHost   | ""
19:14:45.775 | 0x0002 | HSHELL_WINDOWDESTROYED       | 0x003013BA | vis=n | DataExchangeHost   | "Default IME"
19:14:45.780 | 0x0002 | HSHELL_WINDOWDESTROYED       | 0x003013BA | vis=n | Idle               | ""
19:14:45.788 | 0x0006 | HSHELL_REDRAW                | 0x006E13C0 | vis=n | WindowsTerminal    | "Windows Terminal"
19:14:45.788 | 0x0010 | HSHELL_MONITORCHANGED        | 0x006E13C0 | vis=n | WindowsTerminal    | "Windows Terminal"
19:14:45.817 | 0x0006 | HSHELL_REDRAW                | 0x006E13C0 | vis=n | WindowsTerminal    | "Terminal"
19:14:45.818 | 0x0006 | HSHELL_REDRAW                | 0x00060C58 | vis=Y | WindowsTerminal    | "\u25D0 verify-win32-assumptions"
19:14:45.867 | 0x0006 | HSHELL_REDRAW                | 0x006E13C0 | vis=n | WindowsTerminal    | "\u2733 Initialize git repository with initial commit"
19:14:45.885 | 0x0001 | HSHELL_WINDOWCREATED         | 0x006E13C0 | vis=Y | WindowsTerminal    | "\u2733 Initialize git repository with initial commit"
19:14:45.886 | 0x0004 | HSHELL_WINDOWACTIVATED       | 0x006E13C0 | vis=Y | WindowsTerminal    | "\u2733 Initialize git repository with initial commit"
19:14:46.324 | 0x0006 | HSHELL_REDRAW                | 0x005113E6 | vis=n | WindowsTerminal    | "Windows Terminal"
19:14:46.326 | 0x0010 | HSHELL_MONITORCHANGED        | 0x005113E6 | vis=n | WindowsTerminal    | "Windows Terminal"
19:14:46.339 | 0x0001 | HSHELL_WINDOWCREATED         | 0x005113E6 | vis=Y | WindowsTerminal    | "Windows Terminal"
19:14:46.340 | 0x0004 | HSHELL_WINDOWACTIVATED       | 0x005113E6 | vis=Y | WindowsTerminal    | "Windows Terminal"
19:14:46.342 | 0x0006 | HSHELL_REDRAW                | 0x005113E6 | vis=Y | WindowsTerminal    | "Terminal"
19:14:46.363 | 0x0004 | HSHELL_WINDOWACTIVATED       | 0x006E13C0 | vis=Y | WindowsTerminal    | "\u2733 Initialize git repository with initial commit"
19:14:46.378 | 0x0004 | HSHELL_WINDOWACTIVATED       | 0x005113E6 | vis=Y | WindowsTerminal    | "Terminal"
19:14:46.400 | 0x0006 | HSHELL_REDRAW                | 0x005113E6 | vis=Y | WindowsTerminal    | "C:\\WINDOWS\\System32\\WindowsPowerShell\\v1.0\\powershell.exe"
19:14:46.413 | 0x0006 | HSHELL_REDRAW                | 0x005113E6 | vis=Y | WindowsTerminal    | "Windows PowerShell"
19:14:46.614 | 0x0006 | HSHELL_REDRAW                | 0x005113E6 | vis=Y | WindowsTerminal    | "HYDRAWIN-BELL3"
19:14:47.345 | 0x0004 | HSHELL_WINDOWACTIVATED       | 0x006E13C0 | vis=Y | WindowsTerminal    | "\u2733 Initialize git repository with initial commit"
19:14:49.630 | 0x0005 | HSHELL_GETMINRECT            | 0x987F17E280 | vis=n | Idle               | ""
19:14:50.059 | 0x0005 | HSHELL_GETMINRECT            | 0x987F17E280 | vis=n | Idle               | ""
19:14:53.061 | 0x0006 | HSHELL_REDRAW                | 0x006E13C0 | vis=Y | WindowsTerminal    | "\u25D1 Initialize git repository with initial commit"
19:14:54.022 | 0x0006 | HSHELL_REDRAW                | 0x006E13C0 | vis=Y | WindowsTerminal    | "\u25D0 Initialize git repository with initial commit"
19:14:55.006 | 0x0006 | HSHELL_REDRAW                | 0x006E13C0 | vis=Y | WindowsTerminal    | "\u25D1 Initialize git repository with initial commit"
19:14:55.943 | 0x0006 | HSHELL_REDRAW                | 0x006E13C0 | vis=Y | WindowsTerminal    | "\u25D0 Initialize git repository with initial commit"
19:14:56.904 | 0x0006 | HSHELL_REDRAW                | 0x006E13C0 | vis=Y | WindowsTerminal    | "\u25D1 Initialize git repository with initial commit"
19:14:57.864 | 0x0006 | HSHELL_REDRAW                | 0x006E13C0 | vis=Y | WindowsTerminal    | "\u25D0 Initialize git repository with initial commit"
19:14:58.825 | 0x0006 | HSHELL_REDRAW                | 0x006E13C0 | vis=Y | WindowsTerminal    | "\u25D1 Initialize git repository with initial commit"
19:14:59.785 | 0x0006 | HSHELL_REDRAW                | 0x006E13C0 | vis=Y | WindowsTerminal    | "\u25D0 Initialize git repository with initial commit"
19:15:00.747 | 0x0006 | HSHELL_REDRAW                | 0x006E13C0 | vis=Y | WindowsTerminal    | "\u25D1 Initialize git repository with initial commit"
19:15:01.707 | 0x0006 | HSHELL_REDRAW                | 0x006E13C0 | vis=Y | WindowsTerminal    | "\u25D0 Initialize git repository with initial commit"
19:15:02.668 | 0x0006 | HSHELL_REDRAW                | 0x006E13C0 | vis=Y | WindowsTerminal    | "\u25D1 Initialize git repository with initial commit"
19:15:03.629 | 0x0006 | HSHELL_REDRAW                | 0x006E13C0 | vis=Y | WindowsTerminal    | "\u25D0 Initialize git repository with initial commit"
19:15:04.589 | 0x0006 | HSHELL_REDRAW                | 0x006E13C0 | vis=Y | WindowsTerminal    | "\u25D1 Initialize git repository with initial commit"
19:15:05.549 | 0x0006 | HSHELL_REDRAW                | 0x006E13C0 | vis=Y | WindowsTerminal    | "\u25D0 Initialize git repository with initial commit"
19:15:06.511 | 0x0006 | HSHELL_REDRAW                | 0x006E13C0 | vis=Y | WindowsTerminal    | "\u25D1 Initialize git repository with initial commit"
19:15:07.471 | 0x0006 | HSHELL_REDRAW                | 0x006E13C0 | vis=Y | WindowsTerminal    | "\u25D0 Initialize git repository with initial commit"
19:15:08.432 | 0x0006 | HSHELL_REDRAW                | 0x006E13C0 | vis=Y | WindowsTerminal    | "\u25D1 Initialize git repository with initial commit"
19:15:09.392 | 0x0006 | HSHELL_REDRAW                | 0x006E13C0 | vis=Y | WindowsTerminal    | "\u25D0 Initialize git repository with initial commit"
19:15:10.353 | 0x0006 | HSHELL_REDRAW                | 0x006E13C0 | vis=Y | WindowsTerminal    | "\u25D1 Initialize git repository with initial commit"
19:15:11.314 | 0x0006 | HSHELL_REDRAW                | 0x006E13C0 | vis=Y | WindowsTerminal    | "\u25D0 Initialize git repository with initial commit"
19:15:12.275 | 0x0006 | HSHELL_REDRAW                | 0x006E13C0 | vis=Y | WindowsTerminal    | "\u25D1 Initialize git repository with initial commit"
19:15:12.322 | 0x0004 | HSHELL_WINDOWACTIVATED       | 0x000D0CA6 | vis=Y | chrome             | "Legends Never Die - YouTube - Google Chrome"
19:15:16.604 | 0x0010 | HSHELL_MONITORCHANGED        | 0x00031476 | vis=n | chrome             | ""
19:15:16.628 | 0x0006 | HSHELL_REDRAW                | 0x0002147A | vis=n | chrome             | ""
19:15:16.628 | 0x0010 | HSHELL_MONITORCHANGED        | 0x0002147A | vis=n | chrome             | ""
19:15:16.635 | 0x0002 | HSHELL_WINDOWDESTROYED       | 0x00031476 | vis=n | Idle               | ""
19:15:16.647 | 0x0006 | HSHELL_REDRAW                | 0x0002147A | vis=n | chrome             | "Untitled - Google Chrome"
19:15:16.668 | 0x0001 | HSHELL_WINDOWCREATED         | 0x0002147A | vis=Y | chrome             | "Untitled - Google Chrome"
19:15:16.673 | 0x0004 | HSHELL_WINDOWACTIVATED       | 0x0002147A | vis=Y | chrome             | "Untitled - Google Chrome"
19:15:16.708 | 0x0006 | HSHELL_REDRAW                | 0x0002147A | vis=Y | chrome             | "HYDRAWIN-CHROME-A - Google Chrome"
19:15:19.646 | 0x0010 | HSHELL_MONITORCHANGED        | 0x006A12EA | vis=n | chrome             | ""
19:15:19.670 | 0x0006 | HSHELL_REDRAW                | 0x0003148C | vis=n | chrome             | ""
19:15:19.670 | 0x0010 | HSHELL_MONITORCHANGED        | 0x0003148C | vis=n | chrome             | ""
19:15:19.676 | 0x0002 | HSHELL_WINDOWDESTROYED       | 0x006A12EA | vis=n | Idle               | ""
19:15:19.687 | 0x0006 | HSHELL_REDRAW                | 0x0003148C | vis=n | chrome             | "Untitled - Google Chrome"
19:15:19.705 | 0x0001 | HSHELL_WINDOWCREATED         | 0x0003148C | vis=Y | chrome             | "Untitled - Google Chrome"
19:15:19.709 | 0x0004 | HSHELL_WINDOWACTIVATED       | 0x0003148C | vis=Y | chrome             | "Untitled - Google Chrome"
19:15:19.740 | 0x0006 | HSHELL_REDRAW                | 0x0003148C | vis=Y | chrome             | "HYDRAWIN-CHROME-B - Google Chrome"
19:15:23.362 | 0x0035 | HSHELL_UNKNOWN(53)           | 0x000509B4 | vis=Y | explorer           | ""
19:15:23.374 | 0x0006 | HSHELL_REDRAW                | 0x00060F70 | vis=Y | Telegram           | "\u200EOleksandra Suchova \u2013 (3)"
19:15:23.375 | 0x0006 | HSHELL_REDRAW                | 0x00060F70 | vis=Y | Telegram           | "\u200EOleksandra Suchova \u2013 (3)"
19:15:23.375 | 0x0006 | HSHELL_REDRAW                | 0x00060F70 | vis=Y | Telegram           | "\u200EOleksandra Suchova \u2013 (3)"
19:15:23.943 | 0x0036 | HSHELL_UNKNOWN(54)           | 0x000509B4 | vis=n | explorer           | ""
19:15:25.489 | 0x0035 | HSHELL_UNKNOWN(53)           | 0x000509B4 | vis=Y | explorer           | ""
19:15:26.577 | 0x0036 | HSHELL_UNKNOWN(54)           | 0x000509B4 | vis=n | explorer           | ""
19:15:28.234 | 0x0004 | HSHELL_WINDOWACTIVATED       | 0x000D0CA6 | vis=Y | chrome             | "Legends Never Die - YouTube - Google Chrome"
19:15:29.863 | 0x0010 | HSHELL_MONITORCHANGED        | 0x000D0CA6 | vis=Y | chrome             | "Legends Never Die - YouTube - Google Chrome"
19:15:31.742 | 0x0006 | HSHELL_REDRAW                | 0x006E13C0 | vis=Y | WindowsTerminal    | "\u2733 Initialize git repository with initial commit"
19:15:37.895 | 0x0010 | HSHELL_MONITORCHANGED        | 0x003214A8 | vis=n | conhost            | "C:\\projects\\HydraWin\\spikes\\HideShow\\bin\\Debug\\net10.0-windows\\hideshow.exe"
19:15:37.897 | 0x0006 | HSHELL_REDRAW                | 0x003214A8 | vis=n | conhost            | "C:\\projects\\HydraWin\\spikes\\HideShow\\bin\\Debug\\net10.0-windows\\hideshow.exe"
19:15:37.898 | 0x0006 | HSHELL_REDRAW                | 0x003214A8 | vis=n | conhost            | "C:\\projects\\HydraWin\\spikes\\HideShow\\bin\\Debug\\net10.0-windows\\hideshow.exe"
19:15:37.999 | 0x0002 | HSHELL_WINDOWDESTROYED       | 0x0002147A | vis=n | chrome             | "HYDRAWIN-CHROME-A - Google Chrome"
19:15:48.940 | 0x0004 | HSHELL_WINDOWACTIVATED       | 0x006E13C0 | vis=Y | WindowsTerminal    | "\u2733 Initialize git repository with initial commit"
19:15:51.224 | 0x0004 | HSHELL_WINDOWACTIVATED       | 0x000D0CA6 | vis=Y | chrome             | "Legends Never Die - YouTube - Google Chrome"
19:16:02.970 | 0x0001 | HSHELL_WINDOWCREATED         | 0x0002147A | vis=Y | chrome             | "HYDRAWIN-CHROME-A - Google Chrome"
19:16:02.984 | 0x0002 | HSHELL_WINDOWDESTROYED       | 0x003214A8 | vis=n | Idle               | ""
19:16:25.114 | 0x0004 | HSHELL_WINDOWACTIVATED       | 0x00000000 | vis=n | Idle               | ""
19:16:25.244 | 0x0004 | HSHELL_WINDOWACTIVATED       | 0x00060F70 | vis=Y | Telegram           | "\u200EOleksandra Suchova \u2013 (3)"
19:16:25.288 | 0x0005 | HSHELL_GETMINRECT            | 0x987F17E280 | vis=n | Idle               | ""
19:16:26.931 | 0x0005 | HSHELL_GETMINRECT            | 0x987F17E280 | vis=n | Idle               | ""
19:16:26.936 | 0x0004 | HSHELL_WINDOWACTIVATED       | 0x000D0CA6 | vis=Y | chrome             | "Legends Never Die - YouTube - Google Chrome"
19:16:38.492 | 0x0006 | HSHELL_REDRAW                | 0x000D0CA6 | vis=Y | chrome             | "Agent/Godot/DocsAndTasks - Google Chrome"
19:16:49.472 | 0x0006 | HSHELL_REDRAW                | 0x734D0FC4 | vis=n | WindowsTerminal    | "Windows Terminal"
19:16:49.472 | 0x0010 | HSHELL_MONITORCHANGED        | 0x734D0FC4 | vis=n | WindowsTerminal    | "Windows Terminal"
19:16:49.493 | 0x0001 | HSHELL_WINDOWCREATED         | 0x734D0FC4 | vis=Y | WindowsTerminal    | "Windows Terminal"
19:16:49.494 | 0x0004 | HSHELL_WINDOWACTIVATED       | 0x734D0FC4 | vis=Y | WindowsTerminal    | "Windows Terminal"
19:16:49.496 | 0x0006 | HSHELL_REDRAW                | 0x734D0FC4 | vis=Y | WindowsTerminal    | "Terminal"
19:16:49.533 | 0x0006 | HSHELL_REDRAW                | 0x734D0FC4 | vis=Y | WindowsTerminal    | "C:\\WINDOWS\\system32\\wsl.exe"
19:16:51.461 | 0x0010 | HSHELL_MONITORCHANGED        | 0x000114D0 | vis=n | conhost            | "C:\\Program Files\\WSL\\wslhost.exe"
19:16:51.462 | 0x0006 | HSHELL_REDRAW                | 0x000114D0 | vis=n | conhost            | "C:\\Program Files\\WSL\\wslhost.exe"
19:16:51.463 | 0x0006 | HSHELL_REDRAW                | 0x000114D0 | vis=n | conhost            | "C:\\Program Files\\WSL\\wslhost.exe"
19:16:51.581 | 0x0010 | HSHELL_MONITORCHANGED        | 0x000D13F6 | vis=n | msrdc              | ""
19:16:51.583 | 0x0010 | HSHELL_MONITORCHANGED        | 0x000114EE | vis=n | msrdc              | ""
19:16:51.614 | 0x0010 | HSHELL_MONITORCHANGED        | 0x000114F2 | vis=n | msrdc              | "Remote Desktop"
19:16:51.615 | 0x0006 | HSHELL_REDRAW                | 0x000114F2 | vis=n | msrdc              | "Remote Desktop"
19:16:51.615 | 0x0006 | HSHELL_REDRAW                | 0x000114F2 | vis=n | msrdc              | "Remote Desktop"
19:16:51.667 | 0x8006 | HSHELL_FLASH                 | 0x000114F2 | vis=n | msrdc              | "Remote Desktop"
19:16:51.667 | 0x0006 | HSHELL_REDRAW                | 0x000114F2 | vis=n | msrdc              | "RemoteApp"
19:16:51.679 | 0x0010 | HSHELL_MONITORCHANGED        | 0x0002152C | vis=n | msrdc              | ""
19:16:51.685 | 0x0010 | HSHELL_MONITORCHANGED        | 0x00011536 | vis=n | msrdc              | ""
19:16:51.694 | 0x0010 | HSHELL_MONITORCHANGED        | 0x0001153A | vis=n | msrdc              | "DummyWindow"
19:16:51.694 | 0x0002 | HSHELL_WINDOWDESTROYED       | 0x0001153A | vis=n | msrdc              | "DummyWindow"
19:16:51.709 | 0x0010 | HSHELL_MONITORCHANGED        | 0x0002153A | vis=n | msrdc              | ""
19:16:51.725 | 0x0010 | HSHELL_MONITORCHANGED        | 0x00011542 | vis=n | msrdc              | ""
19:16:51.734 | 0x0010 | HSHELL_MONITORCHANGED        | 0x00011546 | vis=n | msrdc              | ""
19:16:51.746 | 0x0006 | HSHELL_REDRAW                | 0x000114F2 | vis=n | msrdc              | "RemoteApp"
19:16:51.747 | 0x0010 | HSHELL_MONITORCHANGED        | 0x00021506 | vis=n | msrdc              | ""
19:16:51.761 | 0x0010 | HSHELL_MONITORCHANGED        | 0x000214E2 | vis=n | conhost            | "C:\\Program Files\\WSL\\wslhost.exe"
19:16:51.762 | 0x0006 | HSHELL_REDRAW                | 0x000214E2 | vis=n | conhost            | "C:\\Program Files\\WSL\\wslhost.exe"
19:16:51.763 | 0x0006 | HSHELL_REDRAW                | 0x000214E2 | vis=n | conhost            | "C:\\Program Files\\WSL\\wslhost.exe"
19:16:52.256 | 0x8006 | HSHELL_FLASH                 | 0x000114F2 | vis=n | msrdc              | "RemoteApp"
19:16:52.789 | 0x0006 | HSHELL_REDRAW                | 0x000114F2 | vis=n | msrdc              | "RemoteApp"
19:16:53.134 | 0x0010 | HSHELL_MONITORCHANGED        | 0x0001156C | vis=n | conhost            | "C:\\Program Files\\WSL\\wslhost.exe"
19:16:53.135 | 0x0006 | HSHELL_REDRAW                | 0x0001156C | vis=n | conhost            | "C:\\Program Files\\WSL\\wslhost.exe"
19:16:53.136 | 0x0006 | HSHELL_REDRAW                | 0x0001156C | vis=n | conhost            | "C:\\Program Files\\WSL\\wslhost.exe"
19:16:53.327 | 0x8006 | HSHELL_FLASH                 | 0x000114F2 | vis=n | msrdc              | "RemoteApp"
19:16:53.671 | 0x0006 | HSHELL_REDRAW                | 0x734D0FC4 | vis=Y | WindowsTerminal    | "HYDRAWIN-WSLBELL"
19:16:53.859 | 0x0006 | HSHELL_REDRAW                | 0x000114F2 | vis=n | msrdc              | "RemoteApp"
19:16:54.388 | 0x8006 | HSHELL_FLASH                 | 0x000114F2 | vis=n | msrdc              | "RemoteApp"
19:16:54.916 | 0x0006 | HSHELL_REDRAW                | 0x000114F2 | vis=n | msrdc              | "RemoteApp"
19:16:55.454 | 0x8006 | HSHELL_FLASH                 | 0x000114F2 | vis=n | msrdc              | "RemoteApp"
19:16:55.987 | 0x0006 | HSHELL_REDRAW                | 0x000114F2 | vis=n | msrdc              | "RemoteApp"
19:16:56.511 | 0x8006 | HSHELL_FLASH                 | 0x000114F2 | vis=n | msrdc              | "RemoteApp"
19:16:57.037 | 0x0006 | HSHELL_REDRAW                | 0x000114F2 | vis=n | msrdc              | "RemoteApp"
19:16:57.571 | 0x8006 | HSHELL_FLASH                 | 0x000114F2 | vis=n | msrdc              | "RemoteApp"
19:16:58.105 | 0x0006 | HSHELL_REDRAW                | 0x000114F2 | vis=n | msrdc              | "RemoteApp"
19:16:58.637 | 0x8006 | HSHELL_FLASH                 | 0x000114F2 | vis=n | msrdc              | "RemoteApp"
19:16:59.166 | 0x0006 | HSHELL_REDRAW                | 0x000114F2 | vis=n | msrdc              | "RemoteApp"
19:16:59.705 | 0x8006 | HSHELL_FLASH                 | 0x000114F2 | vis=n | msrdc              | "RemoteApp"
19:17:00.238 | 0x0006 | HSHELL_REDRAW                | 0x000114F2 | vis=n | msrdc              | "RemoteApp"
19:17:00.764 | 0x8006 | HSHELL_FLASH                 | 0x000114F2 | vis=n | msrdc              | "RemoteApp"
19:17:01.289 | 0x0006 | HSHELL_REDRAW                | 0x000114F2 | vis=n | msrdc              | "RemoteApp"
19:17:01.822 | 0x8006 | HSHELL_FLASH                 | 0x000114F2 | vis=n | msrdc              | "RemoteApp"
19:17:02.060 | 0x0005 | HSHELL_GETMINRECT            | 0x987F17E280 | vis=n | Idle               | ""
19:17:02.064 | 0x0004 | HSHELL_WINDOWACTIVATED       | 0x000D0CA6 | vis=Y | chrome             | "Agent/Godot/DocsAndTasks - Google Chrome"
19:17:02.355 | 0x0006 | HSHELL_REDRAW                | 0x000114F2 | vis=n | msrdc              | "RemoteApp"
19:17:02.493 | 0x0005 | HSHELL_GETMINRECT            | 0x987F17E280 | vis=n | Idle               | ""
19:17:02.883 | 0x8006 | HSHELL_FLASH                 | 0x000114F2 | vis=n | msrdc              | "RemoteApp"
19:17:03.420 | 0x0006 | HSHELL_REDRAW                | 0x000114F2 | vis=n | msrdc              | "RemoteApp"
19:17:03.943 | 0x8006 | HSHELL_FLASH                 | 0x000114F2 | vis=n | msrdc              | "RemoteApp"
19:17:04.476 | 0x0006 | HSHELL_REDRAW                | 0x000114F2 | vis=n | msrdc              | "RemoteApp"
19:17:05.018 | 0x8006 | HSHELL_FLASH                 | 0x000114F2 | vis=n | msrdc              | "RemoteApp"
19:17:05.320 | 0x0006 | HSHELL_REDRAW                | 0x00060F70 | vis=Y | Telegram           | "\u200EOleksandra Suchova \u2013 (4)"
19:17:05.321 | 0x0006 | HSHELL_REDRAW                | 0x00060F70 | vis=Y | Telegram           | "\u200EOleksandra Suchova \u2013 (4)"
19:17:05.321 | 0x0006 | HSHELL_REDRAW                | 0x00060F70 | vis=Y | Telegram           | "\u200EOleksandra Suchova \u2013 (4)"
19:17:05.543 | 0x0006 | HSHELL_REDRAW                | 0x000114F2 | vis=n | msrdc              | "RemoteApp"
19:17:06.071 | 0x8006 | HSHELL_FLASH                 | 0x000114F2 | vis=n | msrdc              | "RemoteApp"
19:17:06.605 | 0x0006 | HSHELL_REDRAW                | 0x000114F2 | vis=n | msrdc              | "RemoteApp"
19:17:07.132 | 0x8006 | HSHELL_FLASH                 | 0x000114F2 | vis=n | msrdc              | "RemoteApp"
19:17:07.666 | 0x0006 | HSHELL_REDRAW                | 0x000114F2 | vis=n | msrdc              | "RemoteApp"
19:17:08.194 | 0x8006 | HSHELL_FLASH                 | 0x000114F2 | vis=n | msrdc              | "RemoteApp"
19:17:08.726 | 0x0006 | HSHELL_REDRAW                | 0x000114F2 | vis=n | msrdc              | "RemoteApp"
19:17:09.258 | 0x8006 | HSHELL_FLASH                 | 0x000114F2 | vis=n | msrdc              | "RemoteApp"
19:17:09.792 | 0x0006 | HSHELL_REDRAW                | 0x000114F2 | vis=n | msrdc              | "RemoteApp"
19:17:10.318 | 0x8006 | HSHELL_FLASH                 | 0x000114F2 | vis=n | msrdc              | "RemoteApp"
19:17:10.851 | 0x0006 | HSHELL_REDRAW                | 0x000114F2 | vis=n | msrdc              | "RemoteApp"
19:17:11.380 | 0x8006 | HSHELL_FLASH                 | 0x000114F2 | vis=n | msrdc              | "RemoteApp"
19:17:11.917 | 0x0006 | HSHELL_REDRAW                | 0x000114F2 | vis=n | msrdc              | "RemoteApp"
19:17:12.452 | 0x8006 | HSHELL_FLASH                 | 0x000114F2 | vis=n | msrdc              | "RemoteApp"
19:17:12.975 | 0x0006 | HSHELL_REDRAW                | 0x000114F2 | vis=n | msrdc              | "RemoteApp"
19:17:13.509 | 0x8006 | HSHELL_FLASH                 | 0x000114F2 | vis=n | msrdc              | "RemoteApp"
19:17:14.037 | 0x0006 | HSHELL_REDRAW                | 0x000114F2 | vis=n | msrdc              | "RemoteApp"
19:17:14.575 | 0x8006 | HSHELL_FLASH                 | 0x000114F2 | vis=n | msrdc              | "RemoteApp"
19:17:15.098 | 0x0006 | HSHELL_REDRAW                | 0x000114F2 | vis=n | msrdc              | "RemoteApp"
19:17:15.637 | 0x8006 | HSHELL_FLASH                 | 0x000114F2 | vis=n | msrdc              | "RemoteApp"
19:17:16.163 | 0x0006 | HSHELL_REDRAW                | 0x000114F2 | vis=n | msrdc              | "RemoteApp"
19:17:16.704 | 0x8006 | HSHELL_FLASH                 | 0x000114F2 | vis=n | msrdc              | "RemoteApp"
19:17:17.238 | 0x0006 | HSHELL_REDRAW                | 0x000114F2 | vis=n | msrdc              | "RemoteApp"
19:17:17.761 | 0x8006 | HSHELL_FLASH                 | 0x000114F2 | vis=n | msrdc              | "RemoteApp"
19:17:18.290 | 0x0006 | HSHELL_REDRAW                | 0x000114F2 | vis=n | msrdc              | "RemoteApp"
19:17:18.822 | 0x8006 | HSHELL_FLASH                 | 0x000114F2 | vis=n | msrdc              | "RemoteApp"
19:17:19.358 | 0x0006 | HSHELL_REDRAW                | 0x000114F2 | vis=n | msrdc              | "RemoteApp"
19:17:19.890 | 0x8006 | HSHELL_FLASH                 | 0x000114F2 | vis=n | msrdc              | "RemoteApp"
19:17:20.413 | 0x0006 | HSHELL_REDRAW                | 0x000114F2 | vis=n | msrdc              | "RemoteApp"
19:17:20.949 | 0x8006 | HSHELL_FLASH                 | 0x000114F2 | vis=n | msrdc              | "RemoteApp"
19:17:21.485 | 0x0006 | HSHELL_REDRAW                | 0x000114F2 | vis=n | msrdc              | "RemoteApp"
19:17:22.005 | 0x8006 | HSHELL_FLASH                 | 0x000114F2 | vis=n | msrdc              | "RemoteApp"
19:17:22.541 | 0x0006 | HSHELL_REDRAW                | 0x000114F2 | vis=n | msrdc              | "RemoteApp"
19:17:23.074 | 0x8006 | HSHELL_FLASH                 | 0x000114F2 | vis=n | msrdc              | "RemoteApp"
19:17:23.608 | 0x0006 | HSHELL_REDRAW                | 0x000114F2 | vis=n | msrdc              | "RemoteApp"
19:17:24.142 | 0x8006 | HSHELL_FLASH                 | 0x000114F2 | vis=n | msrdc              | "RemoteApp"
19:17:24.662 | 0x0006 | HSHELL_REDRAW                | 0x000114F2 | vis=n | msrdc              | "RemoteApp"
19:17:25.200 | 0x8006 | HSHELL_FLASH                 | 0x000114F2 | vis=n | msrdc              | "RemoteApp"
19:17:25.726 | 0x0006 | HSHELL_REDRAW                | 0x000114F2 | vis=n | msrdc              | "RemoteApp"
19:17:26.254 | 0x8006 | HSHELL_FLASH                 | 0x000114F2 | vis=n | msrdc              | "RemoteApp"
19:17:26.790 | 0x0006 | HSHELL_REDRAW                | 0x000114F2 | vis=n | msrdc              | "RemoteApp"
19:17:27.327 | 0x8006 | HSHELL_FLASH                 | 0x000114F2 | vis=n | msrdc              | "RemoteApp"
19:17:27.860 | 0x0006 | HSHELL_REDRAW                | 0x000114F2 | vis=n | msrdc              | "RemoteApp"
19:17:28.391 | 0x8006 | HSHELL_FLASH                 | 0x000114F2 | vis=n | msrdc              | "RemoteApp"
19:17:28.924 | 0x0006 | HSHELL_REDRAW                | 0x000114F2 | vis=n | msrdc              | "RemoteApp"
19:17:29.445 | 0x8006 | HSHELL_FLASH                 | 0x000114F2 | vis=n | msrdc              | "RemoteApp"
19:17:29.979 | 0x0006 | HSHELL_REDRAW                | 0x000114F2 | vis=n | msrdc              | "RemoteApp"
19:17:30.512 | 0x8006 | HSHELL_FLASH                 | 0x000114F2 | vis=n | msrdc              | "RemoteApp"
19:17:31.039 | 0x0006 | HSHELL_REDRAW                | 0x000114F2 | vis=n | msrdc              | "RemoteApp"
19:17:31.573 | 0x8006 | HSHELL_FLASH                 | 0x000114F2 | vis=n | msrdc              | "RemoteApp"
19:17:32.108 | 0x0006 | HSHELL_REDRAW                | 0x000114F2 | vis=n | msrdc              | "RemoteApp"
19:17:32.641 | 0x8006 | HSHELL_FLASH                 | 0x000114F2 | vis=n | msrdc              | "RemoteApp"
19:17:33.161 | 0x0006 | HSHELL_REDRAW                | 0x000114F2 | vis=n | msrdc              | "RemoteApp"
19:17:33.696 | 0x8006 | HSHELL_FLASH                 | 0x000114F2 | vis=n | msrdc              | "RemoteApp"
19:17:34.228 | 0x0006 | HSHELL_REDRAW                | 0x000114F2 | vis=n | msrdc              | "RemoteApp"
19:17:34.765 | 0x8006 | HSHELL_FLASH                 | 0x000114F2 | vis=n | msrdc              | "RemoteApp"
19:17:35.292 | 0x0006 | HSHELL_REDRAW                | 0x000114F2 | vis=n | msrdc              | "RemoteApp"
19:17:35.822 | 0x8006 | HSHELL_FLASH                 | 0x000114F2 | vis=n | msrdc              | "RemoteApp"
19:17:36.358 | 0x0006 | HSHELL_REDRAW                | 0x000114F2 | vis=n | msrdc              | "RemoteApp"
19:17:36.882 | 0x8006 | HSHELL_FLASH                 | 0x000114F2 | vis=n | msrdc              | "RemoteApp"
19:17:37.410 | 0x0006 | HSHELL_REDRAW                | 0x000114F2 | vis=n | msrdc              | "RemoteApp"
19:17:37.942 | 0x8006 | HSHELL_FLASH                 | 0x000114F2 | vis=n | msrdc              | "RemoteApp"
19:17:38.476 | 0x0006 | HSHELL_REDRAW                | 0x000114F2 | vis=n | msrdc              | "RemoteApp"
19:17:39.014 | 0x8006 | HSHELL_FLASH                 | 0x000114F2 | vis=n | msrdc              | "RemoteApp"
19:17:39.550 | 0x0006 | HSHELL_REDRAW                | 0x000114F2 | vis=n | msrdc              | "RemoteApp"
19:17:40.073 | 0x8006 | HSHELL_FLASH                 | 0x000114F2 | vis=n | msrdc              | "RemoteApp"
19:17:40.601 | 0x0006 | HSHELL_REDRAW                | 0x000114F2 | vis=n | msrdc              | "RemoteApp"
19:17:41.136 | 0x8006 | HSHELL_FLASH                 | 0x000114F2 | vis=n | msrdc              | "RemoteApp"
19:17:41.292 | 0x0006 | HSHELL_REDRAW                | 0x00060C58 | vis=Y | WindowsTerminal    | "\u25D0 verify-win32-assumptions"
19:17:41.293 | 0x0006 | HSHELL_REDRAW                | 0x0017145E | vis=Y | WindowsTerminal    | "HYDRAWIN-SPIKE-GUINEA-PIG"
19:17:41.293 | 0x0006 | HSHELL_REDRAW                | 0x002813D0 | vis=Y | WindowsTerminal    | "HYDRAWIN-BELL"
19:17:41.293 | 0x0006 | HSHELL_REDRAW                | 0x00111438 | vis=Y | WindowsTerminal    | "HYDRAWIN-BELL2"
19:17:41.294 | 0x0006 | HSHELL_REDRAW                | 0x006E13C0 | vis=Y | WindowsTerminal    | "\u2733 Initialize git repository with initial commit"
19:17:41.294 | 0x0006 | HSHELL_REDRAW                | 0x005113E6 | vis=Y | WindowsTerminal    | "HYDRAWIN-BELL3"
19:17:41.294 | 0x0006 | HSHELL_REDRAW                | 0x734D0FC4 | vis=Y | WindowsTerminal    | "HYDRAWIN-WSLBELL"
19:17:41.675 | 0x0006 | HSHELL_REDRAW                | 0x000114F2 | vis=n | msrdc              | "RemoteApp"
19:17:42.192 | 0x8006 | HSHELL_FLASH                 | 0x000114F2 | vis=n | msrdc              | "RemoteApp"
19:17:42.727 | 0x0006 | HSHELL_REDRAW                | 0x000114F2 | vis=n | msrdc              | "RemoteApp"
19:17:43.258 | 0x8006 | HSHELL_FLASH                 | 0x000114F2 | vis=n | msrdc              | "RemoteApp"
19:17:43.786 | 0x0006 | HSHELL_REDRAW                | 0x000114F2 | vis=n | msrdc              | "RemoteApp"
19:17:44.320 | 0x8006 | HSHELL_FLASH                 | 0x000114F2 | vis=n | msrdc              | "RemoteApp"
19:17:44.857 | 0x0006 | HSHELL_REDRAW                | 0x000114F2 | vis=n | msrdc              | "RemoteApp"
19:17:45.387 | 0x8006 | HSHELL_FLASH                 | 0x000114F2 | vis=n | msrdc              | "RemoteApp"
19:17:45.922 | 0x0006 | HSHELL_REDRAW                | 0x000114F2 | vis=n | msrdc              | "RemoteApp"
19:17:46.442 | 0x8006 | HSHELL_FLASH                 | 0x000114F2 | vis=n | msrdc              | "RemoteApp"
19:17:46.977 | 0x0006 | HSHELL_REDRAW                | 0x000114F2 | vis=n | msrdc              | "RemoteApp"
19:17:47.510 | 0x8006 | HSHELL_FLASH                 | 0x000114F2 | vis=n | msrdc              | "RemoteApp"
19:17:48.048 | 0x0006 | HSHELL_REDRAW                | 0x000114F2 | vis=n | msrdc              | "RemoteApp"
19:17:48.568 | 0x8006 | HSHELL_FLASH                 | 0x000114F2 | vis=n | msrdc              | "RemoteApp"
19:17:49.106 | 0x0006 | HSHELL_REDRAW                | 0x000114F2 | vis=n | msrdc              | "RemoteApp"
19:17:49.640 | 0x8006 | HSHELL_FLASH                 | 0x000114F2 | vis=n | msrdc              | "RemoteApp"
19:17:50.165 | 0x0006 | HSHELL_REDRAW                | 0x000114F2 | vis=n | msrdc              | "RemoteApp"
19:17:50.693 | 0x8006 | HSHELL_FLASH                 | 0x000114F2 | vis=n | msrdc              | "RemoteApp"
19:17:51.224 | 0x0006 | HSHELL_REDRAW                | 0x000114F2 | vis=n | msrdc              | "RemoteApp"
19:17:51.758 | 0x8006 | HSHELL_FLASH                 | 0x000114F2 | vis=n | msrdc              | "RemoteApp"
19:17:52.291 | 0x0006 | HSHELL_REDRAW                | 0x000114F2 | vis=n | msrdc              | "RemoteApp"
19:17:52.817 | 0x8006 | HSHELL_FLASH                 | 0x000114F2 | vis=n | msrdc              | "RemoteApp"
19:17:53.352 | 0x0006 | HSHELL_REDRAW                | 0x000114F2 | vis=n | msrdc              | "RemoteApp"
19:17:53.890 | 0x8006 | HSHELL_FLASH                 | 0x000114F2 | vis=n | msrdc              | "RemoteApp"
19:17:54.425 | 0x0006 | HSHELL_REDRAW                | 0x000114F2 | vis=n | msrdc              | "RemoteApp"
19:17:54.942 | 0x8006 | HSHELL_FLASH                 | 0x000114F2 | vis=n | msrdc              | "RemoteApp"
19:17:55.475 | 0x0006 | HSHELL_REDRAW                | 0x000114F2 | vis=n | msrdc              | "RemoteApp"
19:17:56.009 | 0x8006 | HSHELL_FLASH                 | 0x000114F2 | vis=n | msrdc              | "RemoteApp"
19:17:56.544 | 0x0006 | HSHELL_REDRAW                | 0x000114F2 | vis=n | msrdc              | "RemoteApp"
19:17:57.082 | 0x8006 | HSHELL_FLASH                 | 0x000114F2 | vis=n | msrdc              | "RemoteApp"
19:17:57.602 | 0x0006 | HSHELL_REDRAW                | 0x000114F2 | vis=n | msrdc              | "RemoteApp"
19:17:58.139 | 0x8006 | HSHELL_FLASH                 | 0x000114F2 | vis=n | msrdc              | "RemoteApp"
19:17:58.661 | 0x0006 | HSHELL_REDRAW                | 0x000114F2 | vis=n | msrdc              | "RemoteApp"
19:17:59.194 | 0x8006 | HSHELL_FLASH                 | 0x000114F2 | vis=n | msrdc              | "RemoteApp"
19:17:59.725 | 0x0006 | HSHELL_REDRAW                | 0x000114F2 | vis=n | msrdc              | "RemoteApp"
19:18:00.261 | 0x8006 | HSHELL_FLASH                 | 0x000114F2 | vis=n | msrdc              | "RemoteApp"
19:18:00.791 | 0x0006 | HSHELL_REDRAW                | 0x000114F2 | vis=n | msrdc              | "RemoteApp"
19:18:01.329 | 0x8006 | HSHELL_FLASH                 | 0x000114F2 | vis=n | msrdc              | "RemoteApp"
19:18:01.848 | 0x0006 | HSHELL_REDRAW                | 0x000114F2 | vis=n | msrdc              | "RemoteApp"
19:18:02.380 | 0x8006 | HSHELL_FLASH                 | 0x000114F2 | vis=n | msrdc              | "RemoteApp"
19:18:02.923 | 0x0006 | HSHELL_REDRAW                | 0x000114F2 | vis=n | msrdc              | "RemoteApp"
19:18:03.444 | 0x8006 | HSHELL_FLASH                 | 0x000114F2 | vis=n | msrdc              | "RemoteApp"
19:18:03.978 | 0x0006 | HSHELL_REDRAW                | 0x000114F2 | vis=n | msrdc              | "RemoteApp"
19:18:04.508 | 0x8006 | HSHELL_FLASH                 | 0x000114F2 | vis=n | msrdc              | "RemoteApp"
19:18:05.041 | 0x0006 | HSHELL_REDRAW                | 0x000114F2 | vis=n | msrdc              | "RemoteApp"
19:18:05.577 | 0x8006 | HSHELL_FLASH                 | 0x000114F2 | vis=n | msrdc              | "RemoteApp"
19:18:06.097 | 0x0006 | HSHELL_REDRAW                | 0x000114F2 | vis=n | msrdc              | "RemoteApp"
19:18:06.633 | 0x8006 | HSHELL_FLASH                 | 0x000114F2 | vis=n | msrdc              | "RemoteApp"
19:18:07.166 | 0x0006 | HSHELL_REDRAW                | 0x000114F2 | vis=n | msrdc              | "RemoteApp"
19:18:07.692 | 0x8006 | HSHELL_FLASH                 | 0x000114F2 | vis=n | msrdc              | "RemoteApp"
19:18:08.227 | 0x0006 | HSHELL_REDRAW                | 0x000114F2 | vis=n | msrdc              | "RemoteApp"
19:18:08.758 | 0x8006 | HSHELL_FLASH                 | 0x000114F2 | vis=n | msrdc              | "RemoteApp"
19:18:09.293 | 0x0006 | HSHELL_REDRAW                | 0x000114F2 | vis=n | msrdc              | "RemoteApp"
19:18:09.826 | 0x8006 | HSHELL_FLASH                 | 0x000114F2 | vis=n | msrdc              | "RemoteApp"
19:18:10.351 | 0x0006 | HSHELL_REDRAW                | 0x000114F2 | vis=n | msrdc              | "RemoteApp"
19:18:10.882 | 0x8006 | HSHELL_FLASH                 | 0x000114F2 | vis=n | msrdc              | "RemoteApp"
19:18:11.419 | 0x0006 | HSHELL_REDRAW                | 0x000114F2 | vis=n | msrdc              | "RemoteApp"
19:18:11.953 | 0x8006 | HSHELL_FLASH                 | 0x000114F2 | vis=n | msrdc              | "RemoteApp"
19:18:12.477 | 0x0006 | HSHELL_REDRAW                | 0x000114F2 | vis=n | msrdc              | "RemoteApp"
19:18:13.011 | 0x8006 | HSHELL_FLASH                 | 0x000114F2 | vis=n | msrdc              | "RemoteApp"
19:18:13.537 | 0x0006 | HSHELL_REDRAW                | 0x000114F2 | vis=n | msrdc              | "RemoteApp"
19:18:14.071 | 0x8006 | HSHELL_FLASH                 | 0x000114F2 | vis=n | msrdc              | "RemoteApp"
19:18:14.604 | 0x0006 | HSHELL_REDRAW                | 0x000114F2 | vis=n | msrdc              | "RemoteApp"
19:18:15.136 | 0x8006 | HSHELL_FLASH                 | 0x000114F2 | vis=n | msrdc              | "RemoteApp"
19:18:15.666 | 0x0006 | HSHELL_REDRAW                | 0x000114F2 | vis=n | msrdc              | "RemoteApp"
19:18:16.203 | 0x8006 | HSHELL_FLASH                 | 0x000114F2 | vis=n | msrdc              | "RemoteApp"
19:18:16.725 | 0x0006 | HSHELL_REDRAW                | 0x000114F2 | vis=n | msrdc              | "RemoteApp"
19:18:17.255 | 0x8006 | HSHELL_FLASH                 | 0x000114F2 | vis=n | msrdc              | "RemoteApp"
19:18:17.794 | 0x0006 | HSHELL_REDRAW                | 0x000114F2 | vis=n | msrdc              | "RemoteApp"
19:18:18.323 | 0x8006 | HSHELL_FLASH                 | 0x000114F2 | vis=n | msrdc              | "RemoteApp"
19:18:18.856 | 0x0006 | HSHELL_REDRAW                | 0x000114F2 | vis=n | msrdc              | "RemoteApp"
19:18:19.390 | 0x8006 | HSHELL_FLASH                 | 0x000114F2 | vis=n | msrdc              | "RemoteApp"
19:18:19.917 | 0x0006 | HSHELL_REDRAW                | 0x000114F2 | vis=n | msrdc              | "RemoteApp"
19:18:20.452 | 0x8006 | HSHELL_FLASH                 | 0x000114F2 | vis=n | msrdc              | "RemoteApp"
19:18:20.973 | 0x0006 | HSHELL_REDRAW                | 0x000114F2 | vis=n | msrdc              | "RemoteApp"
19:18:21.508 | 0x8006 | HSHELL_FLASH                 | 0x000114F2 | vis=n | msrdc              | "RemoteApp"
19:18:22.044 | 0x0006 | HSHELL_REDRAW                | 0x000114F2 | vis=n | msrdc              | "RemoteApp"
19:18:22.576 | 0x8006 | HSHELL_FLASH                 | 0x000114F2 | vis=n | msrdc              | "RemoteApp"
19:18:23.107 | 0x0006 | HSHELL_REDRAW                | 0x000114F2 | vis=n | msrdc              | "RemoteApp"
19:18:23.642 | 0x8006 | HSHELL_FLASH                 | 0x000114F2 | vis=n | msrdc              | "RemoteApp"
19:18:24.164 | 0x0006 | HSHELL_REDRAW                | 0x000114F2 | vis=n | msrdc              | "RemoteApp"
19:18:24.702 | 0x8006 | HSHELL_FLASH                 | 0x000114F2 | vis=n | msrdc              | "RemoteApp"
19:18:25.224 | 0x0006 | HSHELL_REDRAW                | 0x000114F2 | vis=n | msrdc              | "RemoteApp"
19:18:25.758 | 0x8006 | HSHELL_FLASH                 | 0x000114F2 | vis=n | msrdc              | "RemoteApp"
19:18:26.293 | 0x0006 | HSHELL_REDRAW                | 0x000114F2 | vis=n | msrdc              | "RemoteApp"
19:18:26.827 | 0x8006 | HSHELL_FLASH                 | 0x000114F2 | vis=n | msrdc              | "RemoteApp"
19:18:27.361 | 0x0006 | HSHELL_REDRAW                | 0x000114F2 | vis=n | msrdc              | "RemoteApp"
19:18:27.893 | 0x8006 | HSHELL_FLASH                 | 0x000114F2 | vis=n | msrdc              | "RemoteApp"
19:18:28.412 | 0x0006 | HSHELL_REDRAW                | 0x000114F2 | vis=n | msrdc              | "RemoteApp"
19:18:28.945 | 0x8006 | HSHELL_FLASH                 | 0x000114F2 | vis=n | msrdc              | "RemoteApp"
19:18:29.479 | 0x0006 | HSHELL_REDRAW                | 0x000114F2 | vis=n | msrdc              | "RemoteApp"
19:18:30.011 | 0x8006 | HSHELL_FLASH                 | 0x000114F2 | vis=n | msrdc              | "RemoteApp"
19:18:30.542 | 0x0006 | HSHELL_REDRAW                | 0x000114F2 | vis=n | msrdc              | "RemoteApp"
19:18:31.079 | 0x8006 | HSHELL_FLASH                 | 0x000114F2 | vis=n | msrdc              | "RemoteApp"
19:18:31.613 | 0x0006 | HSHELL_REDRAW                | 0x000114F2 | vis=n | msrdc              | "RemoteApp"
19:18:32.148 | 0x8006 | HSHELL_FLASH                 | 0x000114F2 | vis=n | msrdc              | "RemoteApp"
19:18:32.678 | 0x0006 | HSHELL_REDRAW                | 0x000114F2 | vis=n | msrdc              | "RemoteApp"
19:18:33.212 | 0x8006 | HSHELL_FLASH                 | 0x000114F2 | vis=n | msrdc              | "RemoteApp"
19:18:33.749 | 0x0006 | HSHELL_REDRAW                | 0x000114F2 | vis=n | msrdc              | "RemoteApp"
19:18:34.271 | 0x8006 | HSHELL_FLASH                 | 0x000114F2 | vis=n | msrdc              | "RemoteApp"
19:18:34.806 | 0x0006 | HSHELL_REDRAW                | 0x000114F2 | vis=n | msrdc              | "RemoteApp"
19:18:35.342 | 0x8006 | HSHELL_FLASH                 | 0x000114F2 | vis=n | msrdc              | "RemoteApp"
19:18:35.863 | 0x0006 | HSHELL_REDRAW                | 0x000114F2 | vis=n | msrdc              | "RemoteApp"
19:18:36.400 | 0x8006 | HSHELL_FLASH                 | 0x000114F2 | vis=n | msrdc              | "RemoteApp"
19:18:36.927 | 0x0006 | HSHELL_REDRAW                | 0x000114F2 | vis=n | msrdc              | "RemoteApp"
19:18:37.461 | 0x8006 | HSHELL_FLASH                 | 0x000114F2 | vis=n | msrdc              | "RemoteApp"
19:18:37.998 | 0x0006 | HSHELL_REDRAW                | 0x000114F2 | vis=n | msrdc              | "RemoteApp"
19:18:38.533 | 0x8006 | HSHELL_FLASH                 | 0x000114F2 | vis=n | msrdc              | "RemoteApp"
19:18:39.052 | 0x0006 | HSHELL_REDRAW                | 0x000114F2 | vis=n | msrdc              | "RemoteApp"
19:18:39.591 | 0x8006 | HSHELL_FLASH                 | 0x000114F2 | vis=n | msrdc              | "RemoteApp"
19:18:40.119 | 0x0006 | HSHELL_REDRAW                | 0x000114F2 | vis=n | msrdc              | "RemoteApp"
19:18:40.649 | 0x8006 | HSHELL_FLASH                 | 0x000114F2 | vis=n | msrdc              | "RemoteApp"
19:18:41.186 | 0x0006 | HSHELL_REDRAW                | 0x000114F2 | vis=n | msrdc              | "RemoteApp"
19:18:41.710 | 0x8006 | HSHELL_FLASH                 | 0x000114F2 | vis=n | msrdc              | "RemoteApp"
19:18:42.242 | 0x0006 | HSHELL_REDRAW                | 0x000114F2 | vis=n | msrdc              | "RemoteApp"
19:18:42.770 | 0x8006 | HSHELL_FLASH                 | 0x000114F2 | vis=n | msrdc              | "RemoteApp"
19:18:42.966 | 0x0002 | HSHELL_WINDOWDESTROYED       | 0x005113E6 | vis=n | WindowsTerminal    | "HYDRAWIN-BELL3"
19:18:43.302 | 0x0006 | HSHELL_REDRAW                | 0x000114F2 | vis=n | msrdc              | "RemoteApp"
19:18:43.838 | 0x8006 | HSHELL_FLASH                 | 0x000114F2 | vis=n | msrdc              | "RemoteApp"
19:18:44.366 | 0x0006 | HSHELL_REDRAW                | 0x000114F2 | vis=n | msrdc              | "RemoteApp"
19:18:44.898 | 0x8006 | HSHELL_FLASH                 | 0x000114F2 | vis=n | msrdc              | "RemoteApp"
19:18:45.432 | 0x0006 | HSHELL_REDRAW                | 0x000114F2 | vis=n | msrdc              | "RemoteApp"
19:18:45.960 | 0x8006 | HSHELL_FLASH                 | 0x000114F2 | vis=n | msrdc              | "RemoteApp"
19:18:46.490 | 0x0006 | HSHELL_REDRAW                | 0x000114F2 | vis=n | msrdc              | "RemoteApp"
19:18:47.023 | 0x8006 | HSHELL_FLASH                 | 0x000114F2 | vis=n | msrdc              | "RemoteApp"
19:18:47.566 | 0x0006 | HSHELL_REDRAW                | 0x000114F2 | vis=n | msrdc              | "RemoteApp"
19:18:48.084 | 0x8006 | HSHELL_FLASH                 | 0x000114F2 | vis=n | msrdc              | "RemoteApp"
19:18:48.617 | 0x0006 | HSHELL_REDRAW                | 0x000114F2 | vis=n | msrdc              | "RemoteApp"
19:18:49.149 | 0x8006 | HSHELL_FLASH                 | 0x000114F2 | vis=n | msrdc              | "RemoteApp"
19:18:49.241 | 0x0001 | HSHELL_WINDOWCREATED         | 0x005113E6 | vis=Y | WindowsTerminal    | "HYDRAWIN-BELL3"
19:18:49.241 | 0x0004 | HSHELL_WINDOWACTIVATED       | 0x005113E6 | vis=Y | WindowsTerminal    | "HYDRAWIN-BELL3"
19:18:49.682 | 0x0006 | HSHELL_REDRAW                | 0x000114F2 | vis=n | msrdc              | "RemoteApp"
19:18:50.216 | 0x8006 | HSHELL_FLASH                 | 0x000114F2 | vis=n | msrdc              | "RemoteApp"
19:18:50.742 | 0x0006 | HSHELL_REDRAW                | 0x000114F2 | vis=n | msrdc              | "RemoteApp"
19:18:51.275 | 0x8006 | HSHELL_FLASH                 | 0x000114F2 | vis=n | msrdc              | "RemoteApp"
19:18:51.809 | 0x0006 | HSHELL_REDRAW                | 0x000114F2 | vis=n | msrdc              | "RemoteApp"
19:18:52.335 | 0x8006 | HSHELL_FLASH                 | 0x000114F2 | vis=n | msrdc              | "RemoteApp"
19:18:52.866 | 0x0006 | HSHELL_REDRAW                | 0x000114F2 | vis=n | msrdc              | "RemoteApp"
19:18:53.400 | 0x8006 | HSHELL_FLASH                 | 0x000114F2 | vis=n | msrdc              | "RemoteApp"
19:18:53.927 | 0x0006 | HSHELL_REDRAW                | 0x000114F2 | vis=n | msrdc              | "RemoteApp"
19:18:54.460 | 0x8006 | HSHELL_FLASH                 | 0x000114F2 | vis=n | msrdc              | "RemoteApp"
19:18:54.994 | 0x0006 | HSHELL_REDRAW                | 0x000114F2 | vis=n | msrdc              | "RemoteApp"
19:18:55.527 | 0x8006 | HSHELL_FLASH                 | 0x000114F2 | vis=n | msrdc              | "RemoteApp"
19:18:56.061 | 0x0006 | HSHELL_REDRAW                | 0x000114F2 | vis=n | msrdc              | "RemoteApp"
19:18:56.584 | 0x8006 | HSHELL_FLASH                 | 0x000114F2 | vis=n | msrdc              | "RemoteApp"
19:18:57.117 | 0x0006 | HSHELL_REDRAW                | 0x000114F2 | vis=n | msrdc              | "RemoteApp"
19:18:57.645 | 0x8006 | HSHELL_FLASH                 | 0x000114F2 | vis=n | msrdc              | "RemoteApp"
19:18:58.179 | 0x0006 | HSHELL_REDRAW                | 0x000114F2 | vis=n | msrdc              | "RemoteApp"
19:18:58.712 | 0x8006 | HSHELL_FLASH                 | 0x000114F2 | vis=n | msrdc              | "RemoteApp"
19:18:59.246 | 0x0006 | HSHELL_REDRAW                | 0x000114F2 | vis=n | msrdc              | "RemoteApp"
19:18:59.780 | 0x8006 | HSHELL_FLASH                 | 0x000114F2 | vis=n | msrdc              | "RemoteApp"
19:19:00.305 | 0x0006 | HSHELL_REDRAW                | 0x000114F2 | vis=n | msrdc              | "RemoteApp"
19:19:00.828 | 0x0010 | HSHELL_MONITORCHANGED        | 0x005113E6 | vis=Y | WindowsTerminal    | "HYDRAWIN-BELL3"
19:19:00.834 | 0x8006 | HSHELL_FLASH                 | 0x000114F2 | vis=n | msrdc              | "RemoteApp"
19:19:01.366 | 0x0006 | HSHELL_REDRAW                | 0x000114F2 | vis=n | msrdc              | "RemoteApp"
19:19:01.735 | 0x0002 | HSHELL_WINDOWDESTROYED       | 0x005113E6 | vis=n | WindowsTerminal    | "HYDRAWIN-BELL3"
19:19:01.901 | 0x8006 | HSHELL_FLASH                 | 0x000114F2 | vis=n | msrdc              | "RemoteApp"
19:19:02.432 | 0x0006 | HSHELL_REDRAW                | 0x000114F2 | vis=n | msrdc              | "RemoteApp"
19:19:02.966 | 0x8006 | HSHELL_FLASH                 | 0x000114F2 | vis=n | msrdc              | "RemoteApp"
19:19:03.499 | 0x0006 | HSHELL_REDRAW                | 0x000114F2 | vis=n | msrdc              | "RemoteApp"
19:19:04.032 | 0x8006 | HSHELL_FLASH                 | 0x000114F2 | vis=n | msrdc              | "RemoteApp"
19:19:04.566 | 0x0006 | HSHELL_REDRAW                | 0x000114F2 | vis=n | msrdc              | "RemoteApp"
19:19:05.083 | 0x8006 | HSHELL_FLASH                 | 0x000114F2 | vis=n | msrdc              | "RemoteApp"
19:19:05.616 | 0x0006 | HSHELL_REDRAW                | 0x000114F2 | vis=n | msrdc              | "RemoteApp"
19:19:06.150 | 0x8006 | HSHELL_FLASH                 | 0x000114F2 | vis=n | msrdc              | "RemoteApp"
19:19:06.684 | 0x0006 | HSHELL_REDRAW                | 0x000114F2 | vis=n | msrdc              | "RemoteApp"
19:19:07.218 | 0x8006 | HSHELL_FLASH                 | 0x000114F2 | vis=n | msrdc              | "RemoteApp"
19:19:07.752 | 0x0006 | HSHELL_REDRAW                | 0x000114F2 | vis=n | msrdc              | "RemoteApp"
19:19:08.013 | 0x0001 | HSHELL_WINDOWCREATED         | 0x005113E6 | vis=Y | WindowsTerminal    | "HYDRAWIN-BELL3"
19:19:08.015 | 0x0004 | HSHELL_WINDOWACTIVATED       | 0x005113E6 | vis=Y | WindowsTerminal    | "HYDRAWIN-BELL3"
19:19:08.285 | 0x8006 | HSHELL_FLASH                 | 0x000114F2 | vis=n | msrdc              | "RemoteApp"
19:19:08.818 | 0x0006 | HSHELL_REDRAW                | 0x000114F2 | vis=n | msrdc              | "RemoteApp"
19:19:09.352 | 0x8006 | HSHELL_FLASH                 | 0x000114F2 | vis=n | msrdc              | "RemoteApp"
19:19:09.884 | 0x0006 | HSHELL_REDRAW                | 0x000114F2 | vis=n | msrdc              | "RemoteApp"
19:19:10.419 | 0x8006 | HSHELL_FLASH                 | 0x000114F2 | vis=n | msrdc              | "RemoteApp"
19:19:10.953 | 0x0006 | HSHELL_REDRAW                | 0x000114F2 | vis=n | msrdc              | "RemoteApp"
19:19:11.486 | 0x8006 | HSHELL_FLASH                 | 0x000114F2 | vis=n | msrdc              | "RemoteApp"
19:19:12.004 | 0x0006 | HSHELL_REDRAW                | 0x000114F2 | vis=n | msrdc              | "RemoteApp"
19:19:12.537 | 0x8006 | HSHELL_FLASH                 | 0x000114F2 | vis=n | msrdc              | "RemoteApp"
19:19:13.069 | 0x0006 | HSHELL_REDRAW                | 0x000114F2 | vis=n | msrdc              | "RemoteApp"
19:19:13.601 | 0x8006 | HSHELL_FLASH                 | 0x000114F2 | vis=n | msrdc              | "RemoteApp"
19:19:14.134 | 0x0006 | HSHELL_REDRAW                | 0x000114F2 | vis=n | msrdc              | "RemoteApp"
19:19:14.668 | 0x8006 | HSHELL_FLASH                 | 0x000114F2 | vis=n | msrdc              | "RemoteApp"
19:19:15.203 | 0x0006 | HSHELL_REDRAW                | 0x000114F2 | vis=n | msrdc              | "RemoteApp"
19:19:15.735 | 0x8006 | HSHELL_FLASH                 | 0x000114F2 | vis=n | msrdc              | "RemoteApp"
19:19:16.262 | 0x0006 | HSHELL_REDRAW                | 0x000114F2 | vis=n | msrdc              | "RemoteApp"
19:19:16.785 | 0x8006 | HSHELL_FLASH                 | 0x000114F2 | vis=n | msrdc              | "RemoteApp"
19:19:17.318 | 0x0006 | HSHELL_REDRAW                | 0x000114F2 | vis=n | msrdc              | "RemoteApp"
19:19:17.852 | 0x8006 | HSHELL_FLASH                 | 0x000114F2 | vis=n | msrdc              | "RemoteApp"
19:19:18.384 | 0x0006 | HSHELL_REDRAW                | 0x000114F2 | vis=n | msrdc              | "RemoteApp"
19:19:18.705 | 0x0010 | HSHELL_MONITORCHANGED        | 0x001314B6 | vis=n | Code               | ""
19:19:18.710 | 0x0010 | HSHELL_MONITORCHANGED        | 0x000414C0 | vis=n | Code               | ""
19:19:18.781 | 0x0010 | HSHELL_MONITORCHANGED        | 0x007014A6 | vis=n | Code               | ""
19:19:18.905 | 0x0010 | HSHELL_MONITORCHANGED        | 0x0002158E | vis=n | Code               | ""
19:19:18.907 | 0x0006 | HSHELL_REDRAW                | 0x0002158E | vis=n | Code               | "Visual Studio Code"
19:19:18.912 | 0x0001 | HSHELL_WINDOWCREATED         | 0x0002158E | vis=Y | Code               | "Visual Studio Code"
19:19:18.917 | 0x8006 | HSHELL_FLASH                 | 0x000114F2 | vis=n | msrdc              | "RemoteApp"
19:19:18.918 | 0x0006 | HSHELL_REDRAW                | 0x0002158E | vis=Y | Code               | "Visual Studio Code"
19:19:18.919 | 0x8006 | HSHELL_FLASH                 | 0x0002158E | vis=Y | Code               | "Visual Studio Code"
19:19:19.378 | 0x0006 | HSHELL_REDRAW                | 0x0002158E | vis=Y | Code               | "scratchpad - Visual Studio Code"
19:19:19.442 | 0x0006 | HSHELL_REDRAW                | 0x0002158E | vis=Y | Code               | "scratchpad - Visual Studio Code"
19:19:19.443 | 0x0006 | HSHELL_REDRAW                | 0x000114F2 | vis=n | msrdc              | "RemoteApp"
19:19:19.976 | 0x8006 | HSHELL_FLASH                 | 0x0002158E | vis=Y | Code               | "scratchpad - Visual Studio Code"
19:19:19.976 | 0x8006 | HSHELL_FLASH                 | 0x000114F2 | vis=n | msrdc              | "RemoteApp"
19:19:20.133 | 0x0006 | HSHELL_REDRAW                | 0x0002158E | vis=Y | Code               | "Welcome - scratchpad - Visual Studio Code"
19:19:20.518 | 0x0006 | HSHELL_REDRAW                | 0x0002158E | vis=Y | Code               | "Welcome - scratchpad - Visual Studio Code"
19:19:20.518 | 0x0006 | HSHELL_REDRAW                | 0x000114F2 | vis=n | msrdc              | "RemoteApp"
19:19:20.868 | 0x0002 | HSHELL_WINDOWDESTROYED       | 0x000414C0 | vis=n | Idle               | ""
19:19:20.872 | 0x0002 | HSHELL_WINDOWDESTROYED       | 0x001314B6 | vis=n | Idle               | ""
19:19:20.877 | 0x0002 | HSHELL_WINDOWDESTROYED       | 0x007014A6 | vis=n | Idle               | ""
19:19:21.036 | 0x8006 | HSHELL_FLASH                 | 0x0002158E | vis=Y | Code               | "Welcome - scratchpad - Visual Studio Code"
19:19:21.037 | 0x8006 | HSHELL_FLASH                 | 0x000114F2 | vis=n | msrdc              | "RemoteApp"
19:19:21.570 | 0x0006 | HSHELL_REDRAW                | 0x0002158E | vis=Y | Code               | "Welcome - scratchpad - Visual Studio Code"
19:19:21.571 | 0x0006 | HSHELL_REDRAW                | 0x000114F2 | vis=n | msrdc              | "RemoteApp"
19:19:22.102 | 0x8006 | HSHELL_FLASH                 | 0x0002158E | vis=Y | Code               | "Welcome - scratchpad - Visual Studio Code"
19:19:22.103 | 0x8006 | HSHELL_FLASH                 | 0x000114F2 | vis=n | msrdc              | "RemoteApp"
19:19:22.635 | 0x0006 | HSHELL_REDRAW                | 0x0002158E | vis=Y | Code               | "Welcome - scratchpad - Visual Studio Code"
19:19:22.637 | 0x0006 | HSHELL_REDRAW                | 0x000114F2 | vis=n | msrdc              | "RemoteApp"
19:19:23.168 | 0x8006 | HSHELL_FLASH                 | 0x0002158E | vis=Y | Code               | "Welcome - scratchpad - Visual Studio Code"
19:19:23.168 | 0x8006 | HSHELL_FLASH                 | 0x000114F2 | vis=n | msrdc              | "RemoteApp"
19:19:23.702 | 0x0006 | HSHELL_REDRAW                | 0x0002158E | vis=Y | Code               | "Welcome - scratchpad - Visual Studio Code"
19:19:23.702 | 0x0006 | HSHELL_REDRAW                | 0x000114F2 | vis=n | msrdc              | "RemoteApp"
19:19:24.234 | 0x8006 | HSHELL_FLASH                 | 0x0002158E | vis=Y | Code               | "Welcome - scratchpad - Visual Studio Code"
19:19:24.235 | 0x8006 | HSHELL_FLASH                 | 0x000114F2 | vis=n | msrdc              | "RemoteApp"
19:19:24.767 | 0x0006 | HSHELL_REDRAW                | 0x0002158E | vis=Y | Code               | "Welcome - scratchpad - Visual Studio Code"
19:19:24.768 | 0x0006 | HSHELL_REDRAW                | 0x000114F2 | vis=n | msrdc              | "RemoteApp"
19:19:25.285 | 0x8006 | HSHELL_FLASH                 | 0x0002158E | vis=Y | Code               | "Welcome - scratchpad - Visual Studio Code"
19:19:25.286 | 0x8006 | HSHELL_FLASH                 | 0x000114F2 | vis=n | msrdc              | "RemoteApp"
19:19:25.818 | 0x8006 | HSHELL_FLASH                 | 0x0002158E | vis=Y | Code               | "Welcome - scratchpad - Visual Studio Code"
19:19:25.820 | 0x0006 | HSHELL_REDRAW                | 0x000114F2 | vis=n | msrdc              | "RemoteApp"
19:19:26.352 | 0x8006 | HSHELL_FLASH                 | 0x000114F2 | vis=n | msrdc              | "RemoteApp"
19:19:26.879 | 0x0006 | HSHELL_REDRAW                | 0x000114F2 | vis=n | msrdc              | "RemoteApp"
19:19:27.412 | 0x8006 | HSHELL_FLASH                 | 0x000114F2 | vis=n | msrdc              | "RemoteApp"
19:19:27.946 | 0x0006 | HSHELL_REDRAW                | 0x000114F2 | vis=n | msrdc              | "RemoteApp"
19:19:28.480 | 0x8006 | HSHELL_FLASH                 | 0x000114F2 | vis=n | msrdc              | "RemoteApp"
19:19:29.014 | 0x0006 | HSHELL_REDRAW                | 0x000114F2 | vis=n | msrdc              | "RemoteApp"
19:19:29.535 | 0x8006 | HSHELL_FLASH                 | 0x000114F2 | vis=n | msrdc              | "RemoteApp"
19:19:30.067 | 0x0006 | HSHELL_REDRAW                | 0x000114F2 | vis=n | msrdc              | "RemoteApp"
19:19:30.602 | 0x8006 | HSHELL_FLASH                 | 0x000114F2 | vis=n | msrdc              | "RemoteApp"
19:19:31.134 | 0x0006 | HSHELL_REDRAW                | 0x000114F2 | vis=n | msrdc              | "RemoteApp"
19:19:31.669 | 0x8006 | HSHELL_FLASH                 | 0x000114F2 | vis=n | msrdc              | "RemoteApp"
19:19:32.198 | 0x0006 | HSHELL_REDRAW                | 0x000114F2 | vis=n | msrdc              | "RemoteApp"
19:19:32.735 | 0x8006 | HSHELL_FLASH                 | 0x000114F2 | vis=n | msrdc              | "RemoteApp"
19:19:33.266 | 0x0006 | HSHELL_REDRAW                | 0x000114F2 | vis=n | msrdc              | "RemoteApp"
19:19:33.800 | 0x8006 | HSHELL_FLASH                 | 0x000114F2 | vis=n | msrdc              | "RemoteApp"
19:19:34.318 | 0x0006 | HSHELL_REDRAW                | 0x000114F2 | vis=n | msrdc              | "RemoteApp"
19:19:34.851 | 0x8006 | HSHELL_FLASH                 | 0x000114F2 | vis=n | msrdc              | "RemoteApp"
19:19:35.383 | 0x0006 | HSHELL_REDRAW                | 0x000114F2 | vis=n | msrdc              | "RemoteApp"
19:19:35.483 | 0x0010 | HSHELL_MONITORCHANGED        | 0x04A21256 | vis=n | conhost            | "C:\\projects\\HydraWin\\spikes\\HideShow\\bin\\Debug\\net10.0-windows\\hideshow.exe"
19:19:35.485 | 0x0006 | HSHELL_REDRAW                | 0x04A21256 | vis=n | conhost            | "C:\\projects\\HydraWin\\spikes\\HideShow\\bin\\Debug\\net10.0-windows\\hideshow.exe"
19:19:35.485 | 0x0006 | HSHELL_REDRAW                | 0x04A21256 | vis=n | conhost            | "C:\\projects\\HydraWin\\spikes\\HideShow\\bin\\Debug\\net10.0-windows\\hideshow.exe"
19:19:35.577 | 0x0002 | HSHELL_WINDOWDESTROYED       | 0x0002158E | vis=n | Code               | "Welcome - scratchpad - Visual Studio Code"
19:19:35.917 | 0x8006 | HSHELL_FLASH                 | 0x000114F2 | vis=n | msrdc              | "RemoteApp"
19:19:36.451 | 0x0006 | HSHELL_REDRAW                | 0x000114F2 | vis=n | msrdc              | "RemoteApp"
19:19:36.985 | 0x8006 | HSHELL_FLASH                 | 0x000114F2 | vis=n | msrdc              | "RemoteApp"
19:19:37.518 | 0x0006 | HSHELL_REDRAW                | 0x000114F2 | vis=n | msrdc              | "RemoteApp"
19:19:38.035 | 0x8006 | HSHELL_FLASH                 | 0x000114F2 | vis=n | msrdc              | "RemoteApp"
19:19:38.568 | 0x0006 | HSHELL_REDRAW                | 0x000114F2 | vis=n | msrdc              | "RemoteApp"
19:19:39.099 | 0x8006 | HSHELL_FLASH                 | 0x000114F2 | vis=n | msrdc              | "RemoteApp"
19:19:39.634 | 0x0006 | HSHELL_REDRAW                | 0x000114F2 | vis=n | msrdc              | "RemoteApp"
19:19:40.167 | 0x8006 | HSHELL_FLASH                 | 0x000114F2 | vis=n | msrdc              | "RemoteApp"
19:19:40.703 | 0x0006 | HSHELL_REDRAW                | 0x000114F2 | vis=n | msrdc              | "RemoteApp"
19:19:41.237 | 0x8006 | HSHELL_FLASH                 | 0x000114F2 | vis=n | msrdc              | "RemoteApp"
19:19:41.754 | 0x0006 | HSHELL_REDRAW                | 0x000114F2 | vis=n | msrdc              | "RemoteApp"
19:19:42.285 | 0x8006 | HSHELL_FLASH                 | 0x000114F2 | vis=n | msrdc              | "RemoteApp"
19:19:42.818 | 0x0006 | HSHELL_REDRAW                | 0x000114F2 | vis=n | msrdc              | "RemoteApp"
19:19:43.351 | 0x8006 | HSHELL_FLASH                 | 0x000114F2 | vis=n | msrdc              | "RemoteApp"
19:19:43.886 | 0x0006 | HSHELL_REDRAW                | 0x000114F2 | vis=n | msrdc              | "RemoteApp"
19:19:44.419 | 0x8006 | HSHELL_FLASH                 | 0x000114F2 | vis=n | msrdc              | "RemoteApp"
19:19:44.956 | 0x0006 | HSHELL_REDRAW                | 0x000114F2 | vis=n | msrdc              | "RemoteApp"
19:19:45.486 | 0x8006 | HSHELL_FLASH                 | 0x000114F2 | vis=n | msrdc              | "RemoteApp"
19:19:46.006 | 0x0006 | HSHELL_REDRAW                | 0x000114F2 | vis=n | msrdc              | "RemoteApp"
19:19:46.540 | 0x8006 | HSHELL_FLASH                 | 0x000114F2 | vis=n | msrdc              | "RemoteApp"
19:19:47.070 | 0x0006 | HSHELL_REDRAW                | 0x000114F2 | vis=n | msrdc              | "RemoteApp"
19:19:47.602 | 0x8006 | HSHELL_FLASH                 | 0x000114F2 | vis=n | msrdc              | "RemoteApp"
19:19:48.136 | 0x0006 | HSHELL_REDRAW                | 0x000114F2 | vis=n | msrdc              | "RemoteApp"
19:19:48.670 | 0x8006 | HSHELL_FLASH                 | 0x000114F2 | vis=n | msrdc              | "RemoteApp"
19:19:49.203 | 0x0006 | HSHELL_REDRAW                | 0x000114F2 | vis=n | msrdc              | "RemoteApp"
19:19:49.726 | 0x8006 | HSHELL_FLASH                 | 0x000114F2 | vis=n | msrdc              | "RemoteApp"
19:19:50.256 | 0x0006 | HSHELL_REDRAW                | 0x000114F2 | vis=n | msrdc              | "RemoteApp"
19:19:50.791 | 0x8006 | HSHELL_FLASH                 | 0x000114F2 | vis=n | msrdc              | "RemoteApp"
19:19:51.320 | 0x0006 | HSHELL_REDRAW                | 0x000114F2 | vis=n | msrdc              | "RemoteApp"
19:19:51.852 | 0x8006 | HSHELL_FLASH                 | 0x000114F2 | vis=n | msrdc              | "RemoteApp"
19:19:52.384 | 0x0006 | HSHELL_REDRAW                | 0x000114F2 | vis=n | msrdc              | "RemoteApp"
19:19:52.918 | 0x8006 | HSHELL_FLASH                 | 0x000114F2 | vis=n | msrdc              | "RemoteApp"
19:19:53.450 | 0x0006 | HSHELL_REDRAW                | 0x000114F2 | vis=n | msrdc              | "RemoteApp"
19:19:53.978 | 0x8006 | HSHELL_FLASH                 | 0x000114F2 | vis=n | msrdc              | "RemoteApp"
19:19:54.294 | 0x0006 | HSHELL_REDRAW                | 0x01261246 | vis=n | WindowsTerminal    | "Windows Terminal"
19:19:54.295 | 0x0010 | HSHELL_MONITORCHANGED        | 0x01261246 | vis=n | WindowsTerminal    | "Windows Terminal"
19:19:54.318 | 0x0001 | HSHELL_WINDOWCREATED         | 0x01261246 | vis=Y | WindowsTerminal    | "Windows Terminal"
19:19:54.318 | 0x0004 | HSHELL_WINDOWACTIVATED       | 0x01261246 | vis=Y | WindowsTerminal    | "Windows Terminal"
19:19:54.321 | 0x0006 | HSHELL_REDRAW                | 0x01261246 | vis=Y | WindowsTerminal    | "Terminal"
19:19:54.361 | 0x0006 | HSHELL_REDRAW                | 0x01261246 | vis=Y | WindowsTerminal    | "C:\\WINDOWS\\System32\\WindowsPowerShell\\v1.0\\powershell.exe"
19:19:54.381 | 0x0006 | HSHELL_REDRAW                | 0x01261246 | vis=Y | WindowsTerminal    | "Windows PowerShell"
19:19:54.516 | 0x0006 | HSHELL_REDRAW                | 0x000114F2 | vis=n | msrdc              | "RemoteApp"
19:19:54.596 | 0x0006 | HSHELL_REDRAW                | 0x01261246 | vis=Y | WindowsTerminal    | "HYDRAWIN-CC"
19:19:54.824 | 0x0006 | HSHELL_REDRAW                | 0x01261246 | vis=Y | WindowsTerminal    | "claude"
19:19:55.039 | 0x8006 | HSHELL_FLASH                 | 0x000114F2 | vis=n | msrdc              | "RemoteApp"
19:19:55.553 | 0x0001 | HSHELL_WINDOWCREATED         | 0x0002158E | vis=Y | Code               | "Welcome - scratchpad - Visual Studio Code"
19:19:55.554 | 0x0004 | HSHELL_WINDOWACTIVATED       | 0x0002158E | vis=Y | Code               | "Welcome - scratchpad - Visual Studio Code"
19:19:55.571 | 0x0002 | HSHELL_WINDOWDESTROYED       | 0x04A21256 | vis=n | Idle               | ""
19:19:55.575 | 0x0006 | HSHELL_REDRAW                | 0x000114F2 | vis=n | msrdc              | "RemoteApp"
19:19:56.099 | 0x8006 | HSHELL_FLASH                 | 0x000114F2 | vis=n | msrdc              | "RemoteApp"
19:19:56.631 | 0x0006 | HSHELL_REDRAW                | 0x000114F2 | vis=n | msrdc              | "RemoteApp"
19:19:57.161 | 0x0006 | HSHELL_REDRAW                | 0x01261246 | vis=Y | WindowsTerminal    | "HYDRAWIN-CC"
19:19:57.163 | 0x8006 | HSHELL_FLASH                 | 0x000114F2 | vis=n | msrdc              | "RemoteApp"
19:19:57.705 | 0x0006 | HSHELL_REDRAW                | 0x000114F2 | vis=n | msrdc              | "RemoteApp"
19:19:58.229 | 0x8006 | HSHELL_FLASH                 | 0x000114F2 | vis=n | msrdc              | "RemoteApp"
19:19:58.755 | 0x0006 | HSHELL_REDRAW                | 0x000114F2 | vis=n | msrdc              | "RemoteApp"
19:19:59.298 | 0x8006 | HSHELL_FLASH                 | 0x000114F2 | vis=n | msrdc              | "RemoteApp"
19:19:59.826 | 0x0006 | HSHELL_REDRAW                | 0x000114F2 | vis=n | msrdc              | "RemoteApp"
19:20:00.358 | 0x8006 | HSHELL_FLASH                 | 0x000114F2 | vis=n | msrdc              | "RemoteApp"
19:20:00.884 | 0x0006 | HSHELL_REDRAW                | 0x000114F2 | vis=n | msrdc              | "RemoteApp"
19:20:01.425 | 0x8006 | HSHELL_FLASH                 | 0x000114F2 | vis=n | msrdc              | "RemoteApp"
19:20:01.950 | 0x0006 | HSHELL_REDRAW                | 0x000114F2 | vis=n | msrdc              | "RemoteApp"
19:20:02.474 | 0x8006 | HSHELL_FLASH                 | 0x000114F2 | vis=n | msrdc              | "RemoteApp"
19:20:03.015 | 0x0006 | HSHELL_REDRAW                | 0x000114F2 | vis=n | msrdc              | "RemoteApp"
19:20:03.540 | 0x8006 | HSHELL_FLASH                 | 0x000114F2 | vis=n | msrdc              | "RemoteApp"
19:20:04.068 | 0x0006 | HSHELL_REDRAW                | 0x000114F2 | vis=n | msrdc              | "RemoteApp"
19:20:04.613 | 0x8006 | HSHELL_FLASH                 | 0x000114F2 | vis=n | msrdc              | "RemoteApp"
19:20:05.134 | 0x0006 | HSHELL_REDRAW                | 0x000114F2 | vis=n | msrdc              | "RemoteApp"
19:20:05.661 | 0x8006 | HSHELL_FLASH                 | 0x000114F2 | vis=n | msrdc              | "RemoteApp"
19:20:06.204 | 0x0006 | HSHELL_REDRAW                | 0x000114F2 | vis=n | msrdc              | "RemoteApp"
19:20:06.728 | 0x8006 | HSHELL_FLASH                 | 0x000114F2 | vis=n | msrdc              | "RemoteApp"
19:20:07.255 | 0x0006 | HSHELL_REDRAW                | 0x000114F2 | vis=n | msrdc              | "RemoteApp"
19:20:07.797 | 0x8006 | HSHELL_FLASH                 | 0x000114F2 | vis=n | msrdc              | "RemoteApp"
19:20:08.320 | 0x0006 | HSHELL_REDRAW                | 0x000114F2 | vis=n | msrdc              | "RemoteApp"
19:20:08.860 | 0x8006 | HSHELL_FLASH                 | 0x000114F2 | vis=n | msrdc              | "RemoteApp"
19:20:09.391 | 0x0006 | HSHELL_REDRAW                | 0x000114F2 | vis=n | msrdc              | "RemoteApp"
19:20:09.918 | 0x8006 | HSHELL_FLASH                 | 0x000114F2 | vis=n | msrdc              | "RemoteApp"
19:20:10.451 | 0x0006 | HSHELL_REDRAW                | 0x000114F2 | vis=n | msrdc              | "RemoteApp"
19:20:10.975 | 0x8006 | HSHELL_FLASH                 | 0x000114F2 | vis=n | msrdc              | "RemoteApp"
19:20:11.511 | 0x0006 | HSHELL_REDRAW                | 0x000114F2 | vis=n | msrdc              | "RemoteApp"
19:20:12.040 | 0x8006 | HSHELL_FLASH                 | 0x000114F2 | vis=n | msrdc              | "RemoteApp"
19:20:12.578 | 0x0006 | HSHELL_REDRAW                | 0x000114F2 | vis=n | msrdc              | "RemoteApp"
19:20:13.105 | 0x8006 | HSHELL_FLASH                 | 0x000114F2 | vis=n | msrdc              | "RemoteApp"
19:20:13.633 | 0x0006 | HSHELL_REDRAW                | 0x000114F2 | vis=n | msrdc              | "RemoteApp"
19:20:14.161 | 0x8006 | HSHELL_FLASH                 | 0x000114F2 | vis=n | msrdc              | "RemoteApp"
19:20:14.695 | 0x0006 | HSHELL_REDRAW                | 0x000114F2 | vis=n | msrdc              | "RemoteApp"
19:20:15.229 | 0x8006 | HSHELL_FLASH                 | 0x000114F2 | vis=n | msrdc              | "RemoteApp"
19:20:15.759 | 0x0006 | HSHELL_REDRAW                | 0x000114F2 | vis=n | msrdc              | "RemoteApp"
19:20:16.287 | 0x8006 | HSHELL_FLASH                 | 0x000114F2 | vis=n | msrdc              | "RemoteApp"
19:20:16.818 | 0x0006 | HSHELL_REDRAW                | 0x000114F2 | vis=n | msrdc              | "RemoteApp"
19:20:17.357 | 0x8006 | HSHELL_FLASH                 | 0x000114F2 | vis=n | msrdc              | "RemoteApp"
19:20:17.885 | 0x0006 | HSHELL_REDRAW                | 0x000114F2 | vis=n | msrdc              | "RemoteApp"
19:20:18.425 | 0x8006 | HSHELL_FLASH                 | 0x000114F2 | vis=n | msrdc              | "RemoteApp"
19:20:18.953 | 0x0006 | HSHELL_REDRAW                | 0x000114F2 | vis=n | msrdc              | "RemoteApp"
19:20:19.129 | 0x0006 | HSHELL_REDRAW                | 0x00060C58 | vis=Y | WindowsTerminal    | "\u2733 verify-win32-assumptions"
19:20:19.477 | 0x8006 | HSHELL_FLASH                 | 0x000114F2 | vis=n | msrdc              | "RemoteApp"
19:20:20.009 | 0x0006 | HSHELL_REDRAW                | 0x000114F2 | vis=n | msrdc              | "RemoteApp"
19:20:20.537 | 0x8006 | HSHELL_FLASH                 | 0x000114F2 | vis=n | msrdc              | "RemoteApp"
19:20:21.067 | 0x0006 | HSHELL_REDRAW                | 0x000114F2 | vis=n | msrdc              | "RemoteApp"
19:20:21.611 | 0x8006 | HSHELL_FLASH                 | 0x000114F2 | vis=n | msrdc              | "RemoteApp"
19:20:22.129 | 0x0006 | HSHELL_REDRAW                | 0x000114F2 | vis=n | msrdc              | "RemoteApp"
19:20:22.670 | 0x8006 | HSHELL_FLASH                 | 0x000114F2 | vis=n | msrdc              | "RemoteApp"
19:20:23.200 | 0x0006 | HSHELL_REDRAW                | 0x000114F2 | vis=n | msrdc              | "RemoteApp"
19:20:23.252 | 0x0006 | HSHELL_REDRAW                | 0x00060F70 | vis=Y | Telegram           | "\u200EOleksandra Suchova \u2013 (5)"
19:20:23.253 | 0x0006 | HSHELL_REDRAW                | 0x00060F70 | vis=Y | Telegram           | "\u200EOleksandra Suchova \u2013 (5)"
19:20:23.253 | 0x0006 | HSHELL_REDRAW                | 0x00060F70 | vis=Y | Telegram           | "\u200EOleksandra Suchova \u2013 (5)"
19:20:23.727 | 0x8006 | HSHELL_FLASH                 | 0x000114F2 | vis=n | msrdc              | "RemoteApp"
19:20:24.255 | 0x0006 | HSHELL_REDRAW                | 0x000114F2 | vis=n | msrdc              | "RemoteApp"
19:20:24.800 | 0x8006 | HSHELL_FLASH                 | 0x000114F2 | vis=n | msrdc              | "RemoteApp"
19:20:25.329 | 0x0006 | HSHELL_REDRAW                | 0x000114F2 | vis=n | msrdc              | "RemoteApp"
19:20:25.852 | 0x8006 | HSHELL_FLASH                 | 0x000114F2 | vis=n | msrdc              | "RemoteApp"
19:20:26.379 | 0x0006 | HSHELL_REDRAW                | 0x000114F2 | vis=n | msrdc              | "RemoteApp"
19:20:26.916 | 0x8006 | HSHELL_FLASH                 | 0x000114F2 | vis=n | msrdc              | "RemoteApp"
19:20:27.441 | 0x0006 | HSHELL_REDRAW                | 0x000114F2 | vis=n | msrdc              | "RemoteApp"
19:20:27.972 | 0x8006 | HSHELL_FLASH                 | 0x000114F2 | vis=n | msrdc              | "RemoteApp"
19:20:28.512 | 0x0006 | HSHELL_REDRAW                | 0x000114F2 | vis=n | msrdc              | "RemoteApp"
19:20:29.042 | 0x8006 | HSHELL_FLASH                 | 0x000114F2 | vis=n | msrdc              | "RemoteApp"
19:20:29.570 | 0x0006 | HSHELL_REDRAW                | 0x000114F2 | vis=n | msrdc              | "RemoteApp"
19:20:30.105 | 0x8006 | HSHELL_FLASH                 | 0x000114F2 | vis=n | msrdc              | "RemoteApp"
19:20:30.635 | 0x0006 | HSHELL_REDRAW                | 0x000114F2 | vis=n | msrdc              | "RemoteApp"
19:20:31.163 | 0x8006 | HSHELL_FLASH                 | 0x000114F2 | vis=n | msrdc              | "RemoteApp"
19:20:31.693 | 0x0006 | HSHELL_REDRAW                | 0x000114F2 | vis=n | msrdc              | "RemoteApp"
19:20:32.237 | 0x8006 | HSHELL_FLASH                 | 0x000114F2 | vis=n | msrdc              | "RemoteApp"
19:20:32.767 | 0x0006 | HSHELL_REDRAW                | 0x000114F2 | vis=n | msrdc              | "RemoteApp"
19:20:33.295 | 0x8006 | HSHELL_FLASH                 | 0x000114F2 | vis=n | msrdc              | "RemoteApp"
19:20:33.824 | 0x0006 | HSHELL_REDRAW                | 0x000114F2 | vis=n | msrdc              | "RemoteApp"
19:20:34.351 | 0x8006 | HSHELL_FLASH                 | 0x000114F2 | vis=n | msrdc              | "RemoteApp"
19:20:34.893 | 0x0006 | HSHELL_REDRAW                | 0x000114F2 | vis=n | msrdc              | "RemoteApp"
19:20:35.412 | 0x8006 | HSHELL_FLASH                 | 0x000114F2 | vis=n | msrdc              | "RemoteApp"
19:20:35.942 | 0x0006 | HSHELL_REDRAW                | 0x000114F2 | vis=n | msrdc              | "RemoteApp"
19:20:36.482 | 0x8006 | HSHELL_FLASH                 | 0x000114F2 | vis=n | msrdc              | "RemoteApp"
19:20:37.014 | 0x0006 | HSHELL_REDRAW                | 0x000114F2 | vis=n | msrdc              | "RemoteApp"
19:20:37.541 | 0x8006 | HSHELL_FLASH                 | 0x000114F2 | vis=n | msrdc              | "RemoteApp"
19:20:38.070 | 0x0006 | HSHELL_REDRAW                | 0x000114F2 | vis=n | msrdc              | "RemoteApp"
19:20:38.613 | 0x8006 | HSHELL_FLASH                 | 0x000114F2 | vis=n | msrdc              | "RemoteApp"
19:20:39.142 | 0x0006 | HSHELL_REDRAW                | 0x000114F2 | vis=n | msrdc              | "RemoteApp"
19:20:39.672 | 0x8006 | HSHELL_FLASH                 | 0x000114F2 | vis=n | msrdc              | "RemoteApp"
19:20:40.203 | 0x0006 | HSHELL_REDRAW                | 0x000114F2 | vis=n | msrdc              | "RemoteApp"
19:20:40.732 | 0x8006 | HSHELL_FLASH                 | 0x000114F2 | vis=n | msrdc              | "RemoteApp"
19:20:41.261 | 0x0006 | HSHELL_REDRAW                | 0x000114F2 | vis=n | msrdc              | "RemoteApp"
19:20:41.787 | 0x8006 | HSHELL_FLASH                 | 0x000114F2 | vis=n | msrdc              | "RemoteApp"
19:20:42.325 | 0x0006 | HSHELL_REDRAW                | 0x000114F2 | vis=n | msrdc              | "RemoteApp"
19:20:42.851 | 0x8006 | HSHELL_FLASH                 | 0x000114F2 | vis=n | msrdc              | "RemoteApp"
19:20:43.394 | 0x0006 | HSHELL_REDRAW                | 0x000114F2 | vis=n | msrdc              | "RemoteApp"
19:20:43.915 | 0x8006 | HSHELL_FLASH                 | 0x000114F2 | vis=n | msrdc              | "RemoteApp"
19:20:44.450 | 0x0006 | HSHELL_REDRAW                | 0x000114F2 | vis=n | msrdc              | "RemoteApp"
19:20:44.981 | 0x8006 | HSHELL_FLASH                 | 0x000114F2 | vis=n | msrdc              | "RemoteApp"
19:20:45.509 | 0x0006 | HSHELL_REDRAW                | 0x000114F2 | vis=n | msrdc              | "RemoteApp"
19:20:46.039 | 0x8006 | HSHELL_FLASH                 | 0x000114F2 | vis=n | msrdc              | "RemoteApp"
19:20:46.581 | 0x0006 | HSHELL_REDRAW                | 0x000114F2 | vis=n | msrdc              | "RemoteApp"
19:20:47.111 | 0x8006 | HSHELL_FLASH                 | 0x000114F2 | vis=n | msrdc              | "RemoteApp"
19:20:47.633 | 0x0006 | HSHELL_REDRAW                | 0x000114F2 | vis=n | msrdc              | "RemoteApp"
19:20:48.166 | 0x8006 | HSHELL_FLASH                 | 0x000114F2 | vis=n | msrdc              | "RemoteApp"
19:20:48.696 | 0x0006 | HSHELL_REDRAW                | 0x000114F2 | vis=n | msrdc              | "RemoteApp"
19:20:49.226 | 0x8006 | HSHELL_FLASH                 | 0x000114F2 | vis=n | msrdc              | "RemoteApp"
19:20:49.770 | 0x0006 | HSHELL_REDRAW                | 0x000114F2 | vis=n | msrdc              | "RemoteApp"
19:20:50.302 | 0x8006 | HSHELL_FLASH                 | 0x000114F2 | vis=n | msrdc              | "RemoteApp"
19:20:50.846 | 0x0006 | HSHELL_REDRAW                | 0x000114F2 | vis=n | msrdc              | "RemoteApp"
19:20:51.374 | 0x8006 | HSHELL_FLASH                 | 0x000114F2 | vis=n | msrdc              | "RemoteApp"
19:20:51.905 | 0x0006 | HSHELL_REDRAW                | 0x000114F2 | vis=n | msrdc              | "RemoteApp"
19:20:52.432 | 0x8006 | HSHELL_FLASH                 | 0x000114F2 | vis=n | msrdc              | "RemoteApp"
19:20:52.964 | 0x0006 | HSHELL_REDRAW                | 0x000114F2 | vis=n | msrdc              | "RemoteApp"
19:20:53.493 | 0x8006 | HSHELL_FLASH                 | 0x000114F2 | vis=n | msrdc              | "RemoteApp"
19:20:54.023 | 0x0006 | HSHELL_REDRAW                | 0x000114F2 | vis=n | msrdc              | "RemoteApp"
19:20:54.551 | 0x8006 | HSHELL_FLASH                 | 0x000114F2 | vis=n | msrdc              | "RemoteApp"
19:20:55.094 | 0x0006 | HSHELL_REDRAW                | 0x000114F2 | vis=n | msrdc              | "RemoteApp"
19:20:55.623 | 0x8006 | HSHELL_FLASH                 | 0x000114F2 | vis=n | msrdc              | "RemoteApp"
19:20:56.155 | 0x0006 | HSHELL_REDRAW                | 0x000114F2 | vis=n | msrdc              | "RemoteApp"
19:20:56.682 | 0x8006 | HSHELL_FLASH                 | 0x000114F2 | vis=n | msrdc              | "RemoteApp"
19:20:57.209 | 0x0006 | HSHELL_REDRAW                | 0x000114F2 | vis=n | msrdc              | "RemoteApp"
19:20:57.752 | 0x8006 | HSHELL_FLASH                 | 0x000114F2 | vis=n | msrdc              | "RemoteApp"
19:20:58.269 | 0x0006 | HSHELL_REDRAW                | 0x000114F2 | vis=n | msrdc              | "RemoteApp"
19:20:58.808 | 0x8006 | HSHELL_FLASH                 | 0x000114F2 | vis=n | msrdc              | "RemoteApp"
19:20:59.335 | 0x0006 | HSHELL_REDRAW                | 0x000114F2 | vis=n | msrdc              | "RemoteApp"
19:20:59.864 | 0x8006 | HSHELL_FLASH                 | 0x000114F2 | vis=n | msrdc              | "RemoteApp"
19:21:00.398 | 0x0006 | HSHELL_REDRAW                | 0x000114F2 | vis=n | msrdc              | "RemoteApp"
19:21:00.930 | 0x8006 | HSHELL_FLASH                 | 0x000114F2 | vis=n | msrdc              | "RemoteApp"
19:21:01.460 | 0x0006 | HSHELL_REDRAW                | 0x000114F2 | vis=n | msrdc              | "RemoteApp"
19:21:01.989 | 0x8006 | HSHELL_FLASH                 | 0x000114F2 | vis=n | msrdc              | "RemoteApp"
19:21:02.532 | 0x0006 | HSHELL_REDRAW                | 0x000114F2 | vis=n | msrdc              | "RemoteApp"
19:21:03.061 | 0x8006 | HSHELL_FLASH                 | 0x000114F2 | vis=n | msrdc              | "RemoteApp"
19:21:03.584 | 0x0006 | HSHELL_REDRAW                | 0x000114F2 | vis=n | msrdc              | "RemoteApp"
19:21:04.118 | 0x8006 | HSHELL_FLASH                 | 0x000114F2 | vis=n | msrdc              | "RemoteApp"
19:21:04.647 | 0x0006 | HSHELL_REDRAW                | 0x000114F2 | vis=n | msrdc              | "RemoteApp"
19:21:05.185 | 0x8006 | HSHELL_FLASH                 | 0x000114F2 | vis=n | msrdc              | "RemoteApp"
19:21:05.719 | 0x0006 | HSHELL_REDRAW                | 0x000114F2 | vis=n | msrdc              | "RemoteApp"
19:21:06.248 | 0x8006 | HSHELL_FLASH                 | 0x000114F2 | vis=n | msrdc              | "RemoteApp"
19:21:06.777 | 0x0006 | HSHELL_REDRAW                | 0x000114F2 | vis=n | msrdc              | "RemoteApp"
19:21:07.303 | 0x8006 | HSHELL_FLASH                 | 0x000114F2 | vis=n | msrdc              | "RemoteApp"
19:21:07.848 | 0x0006 | HSHELL_REDRAW                | 0x000114F2 | vis=n | msrdc              | "RemoteApp"
19:21:08.393 | 0x8006 | HSHELL_FLASH                 | 0x000114F2 | vis=n | msrdc              | "RemoteApp"
19:21:08.919 | 0x0006 | HSHELL_REDRAW                | 0x000114F2 | vis=n | msrdc              | "RemoteApp"
19:21:09.452 | 0x8006 | HSHELL_FLASH                 | 0x000114F2 | vis=n | msrdc              | "RemoteApp"
19:21:09.983 | 0x0006 | HSHELL_REDRAW                | 0x000114F2 | vis=n | msrdc              | "RemoteApp"
19:21:10.511 | 0x8006 | HSHELL_FLASH                 | 0x000114F2 | vis=n | msrdc              | "RemoteApp"
19:21:11.039 | 0x0006 | HSHELL_REDRAW                | 0x000114F2 | vis=n | msrdc              | "RemoteApp"
19:21:11.567 | 0x8006 | HSHELL_FLASH                 | 0x000114F2 | vis=n | msrdc              | "RemoteApp"
19:21:12.113 | 0x0006 | HSHELL_REDRAW                | 0x000114F2 | vis=n | msrdc              | "RemoteApp"
19:21:12.658 | 0x8006 | HSHELL_FLASH                 | 0x000114F2 | vis=n | msrdc              | "RemoteApp"
19:21:13.185 | 0x0006 | HSHELL_REDRAW                | 0x000114F2 | vis=n | msrdc              | "RemoteApp"
19:21:13.715 | 0x8006 | HSHELL_FLASH                 | 0x000114F2 | vis=n | msrdc              | "RemoteApp"
19:21:14.246 | 0x0006 | HSHELL_REDRAW                | 0x000114F2 | vis=n | msrdc              | "RemoteApp"
19:21:14.773 | 0x8006 | HSHELL_FLASH                 | 0x000114F2 | vis=n | msrdc              | "RemoteApp"
19:21:15.302 | 0x0006 | HSHELL_REDRAW                | 0x000114F2 | vis=n | msrdc              | "RemoteApp"
19:21:15.833 | 0x8006 | HSHELL_FLASH                 | 0x000114F2 | vis=n | msrdc              | "RemoteApp"
19:21:16.369 | 0x0006 | HSHELL_REDRAW                | 0x000114F2 | vis=n | msrdc              | "RemoteApp"
19:21:16.907 | 0x8006 | HSHELL_FLASH                 | 0x000114F2 | vis=n | msrdc              | "RemoteApp"
19:21:17.435 | 0x0006 | HSHELL_REDRAW                | 0x000114F2 | vis=n | msrdc              | "RemoteApp"
19:21:17.967 | 0x8006 | HSHELL_FLASH                 | 0x000114F2 | vis=n | msrdc              | "RemoteApp"
19:21:18.496 | 0x0006 | HSHELL_REDRAW                | 0x000114F2 | vis=n | msrdc              | "RemoteApp"
19:21:19.026 | 0x8006 | HSHELL_FLASH                 | 0x000114F2 | vis=n | msrdc              | "RemoteApp"
19:21:19.552 | 0x0006 | HSHELL_REDRAW                | 0x000114F2 | vis=n | msrdc              | "RemoteApp"
19:21:20.082 | 0x8006 | HSHELL_FLASH                 | 0x000114F2 | vis=n | msrdc              | "RemoteApp"
19:21:20.627 | 0x0006 | HSHELL_REDRAW                | 0x000114F2 | vis=n | msrdc              | "RemoteApp"
19:21:21.154 | 0x8006 | HSHELL_FLASH                 | 0x000114F2 | vis=n | msrdc              | "RemoteApp"
19:21:21.684 | 0x0006 | HSHELL_REDRAW                | 0x000114F2 | vis=n | msrdc              | "RemoteApp"
19:21:22.214 | 0x8006 | HSHELL_FLASH                 | 0x000114F2 | vis=n | msrdc              | "RemoteApp"
19:21:22.742 | 0x0006 | HSHELL_REDRAW                | 0x000114F2 | vis=n | msrdc              | "RemoteApp"
19:21:23.284 | 0x8006 | HSHELL_FLASH                 | 0x000114F2 | vis=n | msrdc              | "RemoteApp"
19:21:23.813 | 0x0006 | HSHELL_REDRAW                | 0x000114F2 | vis=n | msrdc              | "RemoteApp"
19:21:24.337 | 0x8006 | HSHELL_FLASH                 | 0x000114F2 | vis=n | msrdc              | "RemoteApp"
19:21:24.872 | 0x0006 | HSHELL_REDRAW                | 0x000114F2 | vis=n | msrdc              | "RemoteApp"
19:21:25.401 | 0x8006 | HSHELL_FLASH                 | 0x000114F2 | vis=n | msrdc              | "RemoteApp"
19:21:25.933 | 0x0006 | HSHELL_REDRAW                | 0x000114F2 | vis=n | msrdc              | "RemoteApp"
19:21:26.461 | 0x8006 | HSHELL_FLASH                 | 0x000114F2 | vis=n | msrdc              | "RemoteApp"
19:21:26.992 | 0x0006 | HSHELL_REDRAW                | 0x000114F2 | vis=n | msrdc              | "RemoteApp"
19:21:27.520 | 0x8006 | HSHELL_FLASH                 | 0x000114F2 | vis=n | msrdc              | "RemoteApp"
19:21:28.066 | 0x0006 | HSHELL_REDRAW                | 0x000114F2 | vis=n | msrdc              | "RemoteApp"
19:21:28.587 | 0x8006 | HSHELL_FLASH                 | 0x000114F2 | vis=n | msrdc              | "RemoteApp"
19:21:29.125 | 0x0006 | HSHELL_REDRAW                | 0x000114F2 | vis=n | msrdc              | "RemoteApp"
19:21:29.652 | 0x8006 | HSHELL_FLASH                 | 0x000114F2 | vis=n | msrdc              | "RemoteApp"
19:21:30.179 | 0x0006 | HSHELL_REDRAW                | 0x000114F2 | vis=n | msrdc              | "RemoteApp"
19:21:30.719 | 0x8006 | HSHELL_FLASH                 | 0x000114F2 | vis=n | msrdc              | "RemoteApp"
19:21:31.246 | 0x0006 | HSHELL_REDRAW                | 0x000114F2 | vis=n | msrdc              | "RemoteApp"
19:21:31.772 | 0x8006 | HSHELL_FLASH                 | 0x000114F2 | vis=n | msrdc              | "RemoteApp"
19:21:32.302 | 0x0006 | HSHELL_REDRAW                | 0x000114F2 | vis=n | msrdc              | "RemoteApp"
19:21:32.846 | 0x8006 | HSHELL_FLASH                 | 0x000114F2 | vis=n | msrdc              | "RemoteApp"
19:21:33.373 | 0x0006 | HSHELL_REDRAW                | 0x000114F2 | vis=n | msrdc              | "RemoteApp"
19:21:33.903 | 0x8006 | HSHELL_FLASH                 | 0x000114F2 | vis=n | msrdc              | "RemoteApp"
19:21:34.432 | 0x0006 | HSHELL_REDRAW                | 0x000114F2 | vis=n | msrdc              | "RemoteApp"
19:21:34.970 | 0x8006 | HSHELL_FLASH                 | 0x000114F2 | vis=n | msrdc              | "RemoteApp"
19:21:35.499 | 0x0006 | HSHELL_REDRAW                | 0x000114F2 | vis=n | msrdc              | "RemoteApp"
19:21:36.030 | 0x8006 | HSHELL_FLASH                 | 0x000114F2 | vis=n | msrdc              | "RemoteApp"
19:21:36.559 | 0x0006 | HSHELL_REDRAW                | 0x000114F2 | vis=n | msrdc              | "RemoteApp"
19:21:37.090 | 0x8006 | HSHELL_FLASH                 | 0x000114F2 | vis=n | msrdc              | "RemoteApp"
19:21:37.619 | 0x0006 | HSHELL_REDRAW                | 0x000114F2 | vis=n | msrdc              | "RemoteApp"
19:21:38.150 | 0x8006 | HSHELL_FLASH                 | 0x000114F2 | vis=n | msrdc              | "RemoteApp"
19:21:38.678 | 0x0006 | HSHELL_REDRAW                | 0x000114F2 | vis=n | msrdc              | "RemoteApp"
19:21:39.223 | 0x8006 | HSHELL_FLASH                 | 0x000114F2 | vis=n | msrdc              | "RemoteApp"
19:21:39.751 | 0x0006 | HSHELL_REDRAW                | 0x000114F2 | vis=n | msrdc              | "RemoteApp"
19:21:40.272 | 0x8006 | HSHELL_FLASH                 | 0x000114F2 | vis=n | msrdc              | "RemoteApp"
19:21:40.807 | 0x0006 | HSHELL_REDRAW                | 0x000114F2 | vis=n | msrdc              | "RemoteApp"
19:21:41.334 | 0x8006 | HSHELL_FLASH                 | 0x000114F2 | vis=n | msrdc              | "RemoteApp"
19:21:41.864 | 0x0006 | HSHELL_REDRAW                | 0x000114F2 | vis=n | msrdc              | "RemoteApp"
19:21:42.408 | 0x8006 | HSHELL_FLASH                 | 0x000114F2 | vis=n | msrdc              | "RemoteApp"
19:21:42.938 | 0x0006 | HSHELL_REDRAW                | 0x000114F2 | vis=n | msrdc              | "RemoteApp"
19:21:43.468 | 0x8006 | HSHELL_FLASH                 | 0x000114F2 | vis=n | msrdc              | "RemoteApp"
19:21:43.997 | 0x0006 | HSHELL_REDRAW                | 0x000114F2 | vis=n | msrdc              | "RemoteApp"
19:21:44.526 | 0x8006 | HSHELL_FLASH                 | 0x000114F2 | vis=n | msrdc              | "RemoteApp"
19:21:45.052 | 0x0006 | HSHELL_REDRAW                | 0x000114F2 | vis=n | msrdc              | "RemoteApp"
19:21:45.582 | 0x8006 | HSHELL_FLASH                 | 0x000114F2 | vis=n | msrdc              | "RemoteApp"
19:21:46.123 | 0x0006 | HSHELL_REDRAW                | 0x000114F2 | vis=n | msrdc              | "RemoteApp"
19:21:46.659 | 0x8006 | HSHELL_FLASH                 | 0x000114F2 | vis=n | msrdc              | "RemoteApp"
19:21:47.187 | 0x0006 | HSHELL_REDRAW                | 0x000114F2 | vis=n | msrdc              | "RemoteApp"
19:21:47.713 | 0x8006 | HSHELL_FLASH                 | 0x000114F2 | vis=n | msrdc              | "RemoteApp"
19:21:48.242 | 0x0006 | HSHELL_REDRAW                | 0x000114F2 | vis=n | msrdc              | "RemoteApp"
19:21:48.771 | 0x8006 | HSHELL_FLASH                 | 0x000114F2 | vis=n | msrdc              | "RemoteApp"
19:21:49.314 | 0x0006 | HSHELL_REDRAW                | 0x000114F2 | vis=n | msrdc              | "RemoteApp"
19:21:49.842 | 0x8006 | HSHELL_FLASH                 | 0x000114F2 | vis=n | msrdc              | "RemoteApp"
19:21:50.374 | 0x0006 | HSHELL_REDRAW                | 0x000114F2 | vis=n | msrdc              | "RemoteApp"
19:21:50.902 | 0x8006 | HSHELL_FLASH                 | 0x000114F2 | vis=n | msrdc              | "RemoteApp"
19:21:51.429 | 0x0006 | HSHELL_REDRAW                | 0x000114F2 | vis=n | msrdc              | "RemoteApp"
19:21:51.957 | 0x8006 | HSHELL_FLASH                 | 0x000114F2 | vis=n | msrdc              | "RemoteApp"
19:21:52.499 | 0x0006 | HSHELL_REDRAW                | 0x000114F2 | vis=n | msrdc              | "RemoteApp"
19:21:53.028 | 0x8006 | HSHELL_FLASH                 | 0x000114F2 | vis=n | msrdc              | "RemoteApp"
19:21:53.557 | 0x0006 | HSHELL_REDRAW                | 0x000114F2 | vis=n | msrdc              | "RemoteApp"
19:21:54.087 | 0x8006 | HSHELL_FLASH                 | 0x000114F2 | vis=n | msrdc              | "RemoteApp"
19:21:54.616 | 0x0006 | HSHELL_REDRAW                | 0x000114F2 | vis=n | msrdc              | "RemoteApp"
19:21:55.149 | 0x8006 | HSHELL_FLASH                 | 0x000114F2 | vis=n | msrdc              | "RemoteApp"
19:21:55.676 | 0x0006 | HSHELL_REDRAW                | 0x000114F2 | vis=n | msrdc              | "RemoteApp"
19:21:56.209 | 0x8006 | HSHELL_FLASH                 | 0x000114F2 | vis=n | msrdc              | "RemoteApp"
19:21:56.748 | 0x0006 | HSHELL_REDRAW                | 0x000114F2 | vis=n | msrdc              | "RemoteApp"
19:21:57.278 | 0x8006 | HSHELL_FLASH                 | 0x000114F2 | vis=n | msrdc              | "RemoteApp"
19:21:57.807 | 0x0006 | HSHELL_REDRAW                | 0x000114F2 | vis=n | msrdc              | "RemoteApp"
19:21:58.336 | 0x8006 | HSHELL_FLASH                 | 0x000114F2 | vis=n | msrdc              | "RemoteApp"
19:21:58.864 | 0x0006 | HSHELL_REDRAW                | 0x000114F2 | vis=n | msrdc              | "RemoteApp"
19:21:59.409 | 0x8006 | HSHELL_FLASH                 | 0x000114F2 | vis=n | msrdc              | "RemoteApp"
19:21:59.927 | 0x0006 | HSHELL_REDRAW                | 0x000114F2 | vis=n | msrdc              | "RemoteApp"
19:22:00.466 | 0x8006 | HSHELL_FLASH                 | 0x000114F2 | vis=n | msrdc              | "RemoteApp"
19:22:00.990 | 0x0006 | HSHELL_REDRAW                | 0x000114F2 | vis=n | msrdc              | "RemoteApp"
19:22:01.525 | 0x8006 | HSHELL_FLASH                 | 0x000114F2 | vis=n | msrdc              | "RemoteApp"
19:22:02.064 | 0x0006 | HSHELL_REDRAW                | 0x000114F2 | vis=n | msrdc              | "RemoteApp"
19:22:02.590 | 0x8006 | HSHELL_FLASH                 | 0x000114F2 | vis=n | msrdc              | "RemoteApp"
19:22:03.118 | 0x0006 | HSHELL_REDRAW                | 0x000114F2 | vis=n | msrdc              | "RemoteApp"
19:22:03.645 | 0x8006 | HSHELL_FLASH                 | 0x000114F2 | vis=n | msrdc              | "RemoteApp"
19:22:04.190 | 0x0006 | HSHELL_REDRAW                | 0x000114F2 | vis=n | msrdc              | "RemoteApp"
19:22:04.720 | 0x8006 | HSHELL_FLASH                 | 0x000114F2 | vis=n | msrdc              | "RemoteApp"
19:22:05.248 | 0x0006 | HSHELL_REDRAW                | 0x000114F2 | vis=n | msrdc              | "RemoteApp"
19:22:05.775 | 0x8006 | HSHELL_FLASH                 | 0x000114F2 | vis=n | msrdc              | "RemoteApp"
19:22:06.307 | 0x0006 | HSHELL_REDRAW                | 0x000114F2 | vis=n | msrdc              | "RemoteApp"
19:22:06.837 | 0x8006 | HSHELL_FLASH                 | 0x000114F2 | vis=n | msrdc              | "RemoteApp"
19:22:07.367 | 0x0006 | HSHELL_REDRAW                | 0x000114F2 | vis=n | msrdc              | "RemoteApp"
19:22:07.896 | 0x8006 | HSHELL_FLASH                 | 0x000114F2 | vis=n | msrdc              | "RemoteApp"
19:22:08.441 | 0x0006 | HSHELL_REDRAW                | 0x000114F2 | vis=n | msrdc              | "RemoteApp"
19:22:08.969 | 0x8006 | HSHELL_FLASH                 | 0x000114F2 | vis=n | msrdc              | "RemoteApp"
19:22:09.499 | 0x0006 | HSHELL_REDRAW                | 0x000114F2 | vis=n | msrdc              | "RemoteApp"
19:22:10.023 | 0x8006 | HSHELL_FLASH                 | 0x000114F2 | vis=n | msrdc              | "RemoteApp"
19:22:10.552 | 0x0006 | HSHELL_REDRAW                | 0x000114F2 | vis=n | msrdc              | "RemoteApp"
19:22:11.093 | 0x8006 | HSHELL_FLASH                 | 0x000114F2 | vis=n | msrdc              | "RemoteApp"
19:22:11.616 | 0x0006 | HSHELL_REDRAW                | 0x000114F2 | vis=n | msrdc              | "RemoteApp"
19:22:12.147 | 0x8006 | HSHELL_FLASH                 | 0x000114F2 | vis=n | msrdc              | "RemoteApp"
19:22:12.690 | 0x0006 | HSHELL_REDRAW                | 0x000114F2 | vis=n | msrdc              | "RemoteApp"
19:22:13.220 | 0x8006 | HSHELL_FLASH                 | 0x000114F2 | vis=n | msrdc              | "RemoteApp"
19:22:13.747 | 0x0006 | HSHELL_REDRAW                | 0x000114F2 | vis=n | msrdc              | "RemoteApp"
19:22:14.275 | 0x8006 | HSHELL_FLASH                 | 0x000114F2 | vis=n | msrdc              | "RemoteApp"
19:22:14.805 | 0x0006 | HSHELL_REDRAW                | 0x000114F2 | vis=n | msrdc              | "RemoteApp"
19:22:15.344 | 0x8006 | HSHELL_FLASH                 | 0x000114F2 | vis=n | msrdc              | "RemoteApp"
19:22:15.873 | 0x0006 | HSHELL_REDRAW                | 0x000114F2 | vis=n | msrdc              | "RemoteApp"
19:22:16.405 | 0x8006 | HSHELL_FLASH                 | 0x000114F2 | vis=n | msrdc              | "RemoteApp"
19:22:16.934 | 0x0006 | HSHELL_REDRAW                | 0x000114F2 | vis=n | msrdc              | "RemoteApp"
19:22:17.461 | 0x8006 | HSHELL_FLASH                 | 0x000114F2 | vis=n | msrdc              | "RemoteApp"
19:22:18.003 | 0x0006 | HSHELL_REDRAW                | 0x000114F2 | vis=n | msrdc              | "RemoteApp"
19:22:18.527 | 0x8006 | HSHELL_FLASH                 | 0x000114F2 | vis=n | msrdc              | "RemoteApp"
19:22:19.063 | 0x0006 | HSHELL_REDRAW                | 0x000114F2 | vis=n | msrdc              | "RemoteApp"
19:22:19.593 | 0x8006 | HSHELL_FLASH                 | 0x000114F2 | vis=n | msrdc              | "RemoteApp"
19:22:20.121 | 0x0006 | HSHELL_REDRAW                | 0x000114F2 | vis=n | msrdc              | "RemoteApp"
19:22:20.648 | 0x8006 | HSHELL_FLASH                 | 0x000114F2 | vis=n | msrdc              | "RemoteApp"
19:22:21.192 | 0x0006 | HSHELL_REDRAW                | 0x000114F2 | vis=n | msrdc              | "RemoteApp"
19:22:21.737 | 0x8006 | HSHELL_FLASH                 | 0x000114F2 | vis=n | msrdc              | "RemoteApp"
19:22:22.261 | 0x0006 | HSHELL_REDRAW                | 0x000114F2 | vis=n | msrdc              | "RemoteApp"
19:22:22.793 | 0x8006 | HSHELL_FLASH                 | 0x000114F2 | vis=n | msrdc              | "RemoteApp"
19:22:23.323 | 0x0006 | HSHELL_REDRAW                | 0x000114F2 | vis=n | msrdc              | "RemoteApp"
19:22:23.853 | 0x8006 | HSHELL_FLASH                 | 0x000114F2 | vis=n | msrdc              | "RemoteApp"
19:22:24.380 | 0x0006 | HSHELL_REDRAW                | 0x000114F2 | vis=n | msrdc              | "RemoteApp"
19:22:24.925 | 0x8006 | HSHELL_FLASH                 | 0x000114F2 | vis=n | msrdc              | "RemoteApp"
19:22:25.444 | 0x0006 | HSHELL_REDRAW                | 0x000114F2 | vis=n | msrdc              | "RemoteApp"
19:22:25.988 | 0x8006 | HSHELL_FLASH                 | 0x000114F2 | vis=n | msrdc              | "RemoteApp"
19:22:26.535 | 0x0006 | HSHELL_REDRAW                | 0x000114F2 | vis=n | msrdc              | "RemoteApp"
19:22:27.061 | 0x8006 | HSHELL_FLASH                 | 0x000114F2 | vis=n | msrdc              | "RemoteApp"
19:22:27.595 | 0x0006 | HSHELL_REDRAW                | 0x000114F2 | vis=n | msrdc              | "RemoteApp"
19:22:28.125 | 0x8006 | HSHELL_FLASH                 | 0x000114F2 | vis=n | msrdc              | "RemoteApp"
19:22:28.655 | 0x0006 | HSHELL_REDRAW                | 0x000114F2 | vis=n | msrdc              | "RemoteApp"
19:22:29.178 | 0x8006 | HSHELL_FLASH                 | 0x000114F2 | vis=n | msrdc              | "RemoteApp"
19:22:29.711 | 0x0006 | HSHELL_REDRAW                | 0x000114F2 | vis=n | msrdc              | "RemoteApp"
19:22:30.249 | 0x8006 | HSHELL_FLASH                 | 0x000114F2 | vis=n | msrdc              | "RemoteApp"
19:22:30.778 | 0x0006 | HSHELL_REDRAW                | 0x000114F2 | vis=n | msrdc              | "RemoteApp"
19:22:31.301 | 0x8006 | HSHELL_FLASH                 | 0x000114F2 | vis=n | msrdc              | "RemoteApp"
19:22:31.837 | 0x0006 | HSHELL_REDRAW                | 0x000114F2 | vis=n | msrdc              | "RemoteApp"
19:22:32.366 | 0x8006 | HSHELL_FLASH                 | 0x000114F2 | vis=n | msrdc              | "RemoteApp"
19:22:32.911 | 0x0006 | HSHELL_REDRAW                | 0x000114F2 | vis=n | msrdc              | "RemoteApp"
19:22:33.442 | 0x8006 | HSHELL_FLASH                 | 0x000114F2 | vis=n | msrdc              | "RemoteApp"
19:22:33.987 | 0x0006 | HSHELL_REDRAW                | 0x000114F2 | vis=n | msrdc              | "RemoteApp"
19:22:34.516 | 0x8006 | HSHELL_FLASH                 | 0x000114F2 | vis=n | msrdc              | "RemoteApp"
19:22:35.042 | 0x0006 | HSHELL_REDRAW                | 0x000114F2 | vis=n | msrdc              | "RemoteApp"
19:22:35.570 | 0x8006 | HSHELL_FLASH                 | 0x000114F2 | vis=n | msrdc              | "RemoteApp"
19:22:36.101 | 0x0006 | HSHELL_REDRAW                | 0x000114F2 | vis=n | msrdc              | "RemoteApp"
19:22:36.644 | 0x8006 | HSHELL_FLASH                 | 0x000114F2 | vis=n | msrdc              | "RemoteApp"
19:22:37.175 | 0x0006 | HSHELL_REDRAW                | 0x000114F2 | vis=n | msrdc              | "RemoteApp"
19:22:37.704 | 0x8006 | HSHELL_FLASH                 | 0x000114F2 | vis=n | msrdc              | "RemoteApp"
19:22:38.229 | 0x0006 | HSHELL_REDRAW                | 0x000114F2 | vis=n | msrdc              | "RemoteApp"
19:22:38.764 | 0x8006 | HSHELL_FLASH                 | 0x000114F2 | vis=n | msrdc              | "RemoteApp"
19:22:39.292 | 0x0006 | HSHELL_REDRAW                | 0x000114F2 | vis=n | msrdc              | "RemoteApp"
19:22:39.821 | 0x8006 | HSHELL_FLASH                 | 0x000114F2 | vis=n | msrdc              | "RemoteApp"
19:22:40.362 | 0x0006 | HSHELL_REDRAW                | 0x000114F2 | vis=n | msrdc              | "RemoteApp"
19:22:40.891 | 0x8006 | HSHELL_FLASH                 | 0x000114F2 | vis=n | msrdc              | "RemoteApp"
19:22:41.420 | 0x0006 | HSHELL_REDRAW                | 0x000114F2 | vis=n | msrdc              | "RemoteApp"
19:22:41.949 | 0x8006 | HSHELL_FLASH                 | 0x000114F2 | vis=n | msrdc              | "RemoteApp"
19:22:42.480 | 0x0006 | HSHELL_REDRAW                | 0x000114F2 | vis=n | msrdc              | "RemoteApp"
19:22:43.008 | 0x8006 | HSHELL_FLASH                 | 0x000114F2 | vis=n | msrdc              | "RemoteApp"
19:22:43.537 | 0x0006 | HSHELL_REDRAW                | 0x000114F2 | vis=n | msrdc              | "RemoteApp"
19:22:44.068 | 0x8006 | HSHELL_FLASH                 | 0x000114F2 | vis=n | msrdc              | "RemoteApp"
19:22:44.612 | 0x0006 | HSHELL_REDRAW                | 0x000114F2 | vis=n | msrdc              | "RemoteApp"
19:22:45.138 | 0x8006 | HSHELL_FLASH                 | 0x000114F2 | vis=n | msrdc              | "RemoteApp"
19:22:45.663 | 0x0006 | HSHELL_REDRAW                | 0x000114F2 | vis=n | msrdc              | "RemoteApp"
19:22:46.196 | 0x8006 | HSHELL_FLASH                 | 0x000114F2 | vis=n | msrdc              | "RemoteApp"
19:22:46.725 | 0x0006 | HSHELL_REDRAW                | 0x000114F2 | vis=n | msrdc              | "RemoteApp"
19:22:47.255 | 0x8006 | HSHELL_FLASH                 | 0x000114F2 | vis=n | msrdc              | "RemoteApp"
19:22:47.796 | 0x0006 | HSHELL_REDRAW                | 0x000114F2 | vis=n | msrdc              | "RemoteApp"
19:22:48.328 | 0x8006 | HSHELL_FLASH                 | 0x000114F2 | vis=n | msrdc              | "RemoteApp"
19:22:48.857 | 0x0006 | HSHELL_REDRAW                | 0x000114F2 | vis=n | msrdc              | "RemoteApp"
19:22:49.383 | 0x8006 | HSHELL_FLASH                 | 0x000114F2 | vis=n | msrdc              | "RemoteApp"
19:22:49.912 | 0x0006 | HSHELL_REDRAW                | 0x000114F2 | vis=n | msrdc              | "RemoteApp"
19:22:50.443 | 0x8006 | HSHELL_FLASH                 | 0x000114F2 | vis=n | msrdc              | "RemoteApp"
19:22:50.973 | 0x0006 | HSHELL_REDRAW                | 0x000114F2 | vis=n | msrdc              | "RemoteApp"
19:22:51.514 | 0x8006 | HSHELL_FLASH                 | 0x000114F2 | vis=n | msrdc              | "RemoteApp"
19:22:52.047 | 0x0006 | HSHELL_REDRAW                | 0x000114F2 | vis=n | msrdc              | "RemoteApp"
19:22:52.574 | 0x8006 | HSHELL_FLASH                 | 0x000114F2 | vis=n | msrdc              | "RemoteApp"
19:22:53.104 | 0x0006 | HSHELL_REDRAW                | 0x000114F2 | vis=n | msrdc              | "RemoteApp"
19:22:53.635 | 0x8006 | HSHELL_FLASH                 | 0x000114F2 | vis=n | msrdc              | "RemoteApp"
19:22:54.163 | 0x0006 | HSHELL_REDRAW                | 0x000114F2 | vis=n | msrdc              | "RemoteApp"
19:22:54.692 | 0x8006 | HSHELL_FLASH                 | 0x000114F2 | vis=n | msrdc              | "RemoteApp"
19:22:55.230 | 0x0006 | HSHELL_REDRAW                | 0x000114F2 | vis=n | msrdc              | "RemoteApp"
19:22:55.765 | 0x8006 | HSHELL_FLASH                 | 0x000114F2 | vis=n | msrdc              | "RemoteApp"
19:22:56.290 | 0x0006 | HSHELL_REDRAW                | 0x000114F2 | vis=n | msrdc              | "RemoteApp"
19:22:56.823 | 0x8006 | HSHELL_FLASH                 | 0x000114F2 | vis=n | msrdc              | "RemoteApp"
19:22:57.351 | 0x0006 | HSHELL_REDRAW                | 0x000114F2 | vis=n | msrdc              | "RemoteApp"
19:22:57.882 | 0x8006 | HSHELL_FLASH                 | 0x000114F2 | vis=n | msrdc              | "RemoteApp"
19:22:58.425 | 0x0006 | HSHELL_REDRAW                | 0x000114F2 | vis=n | msrdc              | "RemoteApp"
19:22:58.948 | 0x8006 | HSHELL_FLASH                 | 0x000114F2 | vis=n | msrdc              | "RemoteApp"
19:22:59.482 | 0x0006 | HSHELL_REDRAW                | 0x000114F2 | vis=n | msrdc              | "RemoteApp"
19:23:00.012 | 0x8006 | HSHELL_FLASH                 | 0x000114F2 | vis=n | msrdc              | "RemoteApp"
19:23:00.542 | 0x0006 | HSHELL_REDRAW                | 0x000114F2 | vis=n | msrdc              | "RemoteApp"
19:23:01.070 | 0x8006 | HSHELL_FLASH                 | 0x000114F2 | vis=n | msrdc              | "RemoteApp"
19:23:01.611 | 0x0006 | HSHELL_REDRAW                | 0x000114F2 | vis=n | msrdc              | "RemoteApp"
19:23:02.132 | 0x8006 | HSHELL_FLASH                 | 0x000114F2 | vis=n | msrdc              | "RemoteApp"
19:23:02.672 | 0x0006 | HSHELL_REDRAW                | 0x000114F2 | vis=n | msrdc              | "RemoteApp"
19:23:03.203 | 0x8006 | HSHELL_FLASH                 | 0x000114F2 | vis=n | msrdc              | "RemoteApp"
19:23:03.733 | 0x0006 | HSHELL_REDRAW                | 0x000114F2 | vis=n | msrdc              | "RemoteApp"
19:23:04.263 | 0x8006 | HSHELL_FLASH                 | 0x000114F2 | vis=n | msrdc              | "RemoteApp"
19:23:04.790 | 0x0006 | HSHELL_REDRAW                | 0x000114F2 | vis=n | msrdc              | "RemoteApp"
19:23:05.316 | 0x8006 | HSHELL_FLASH                 | 0x000114F2 | vis=n | msrdc              | "RemoteApp"
19:23:05.858 | 0x0006 | HSHELL_REDRAW                | 0x000114F2 | vis=n | msrdc              | "RemoteApp"
19:23:06.386 | 0x8006 | HSHELL_FLASH                 | 0x000114F2 | vis=n | msrdc              | "RemoteApp"
19:23:06.912 | 0x0006 | HSHELL_REDRAW                | 0x000114F2 | vis=n | msrdc              | "RemoteApp"
19:23:07.450 | 0x8006 | HSHELL_FLASH                 | 0x000114F2 | vis=n | msrdc              | "RemoteApp"
19:23:07.982 | 0x0006 | HSHELL_REDRAW                | 0x000114F2 | vis=n | msrdc              | "RemoteApp"
19:23:08.512 | 0x8006 | HSHELL_FLASH                 | 0x000114F2 | vis=n | msrdc              | "RemoteApp"
19:23:09.042 | 0x0006 | HSHELL_REDRAW                | 0x000114F2 | vis=n | msrdc              | "RemoteApp"
19:23:09.568 | 0x8006 | HSHELL_FLASH                 | 0x000114F2 | vis=n | msrdc              | "RemoteApp"
19:23:10.109 | 0x0006 | HSHELL_REDRAW                | 0x000114F2 | vis=n | msrdc              | "RemoteApp"
19:23:10.639 | 0x8006 | HSHELL_FLASH                 | 0x000114F2 | vis=n | msrdc              | "RemoteApp"
19:23:11.167 | 0x0006 | HSHELL_REDRAW                | 0x000114F2 | vis=n | msrdc              | "RemoteApp"
19:23:11.697 | 0x8006 | HSHELL_FLASH                 | 0x000114F2 | vis=n | msrdc              | "RemoteApp"
19:23:12.226 | 0x0006 | HSHELL_REDRAW                | 0x000114F2 | vis=n | msrdc              | "RemoteApp"
19:23:12.755 | 0x8006 | HSHELL_FLASH                 | 0x000114F2 | vis=n | msrdc              | "RemoteApp"
19:23:13.298 | 0x0006 | HSHELL_REDRAW                | 0x000114F2 | vis=n | msrdc              | "RemoteApp"
19:23:13.829 | 0x8006 | HSHELL_FLASH                 | 0x000114F2 | vis=n | msrdc              | "RemoteApp"
19:23:14.358 | 0x0006 | HSHELL_REDRAW                | 0x000114F2 | vis=n | msrdc              | "RemoteApp"
19:23:14.887 | 0x8006 | HSHELL_FLASH                 | 0x000114F2 | vis=n | msrdc              | "RemoteApp"
19:23:15.412 | 0x0006 | HSHELL_REDRAW                | 0x000114F2 | vis=n | msrdc              | "RemoteApp"
19:23:15.951 | 0x8006 | HSHELL_FLASH                 | 0x000114F2 | vis=n | msrdc              | "RemoteApp"
19:23:16.487 | 0x0006 | HSHELL_REDRAW                | 0x000114F2 | vis=n | msrdc              | "RemoteApp"
19:23:17.016 | 0x8006 | HSHELL_FLASH                 | 0x000114F2 | vis=n | msrdc              | "RemoteApp"
19:23:17.545 | 0x0006 | HSHELL_REDRAW                | 0x000114F2 | vis=n | msrdc              | "RemoteApp"
19:23:18.077 | 0x8006 | HSHELL_FLASH                 | 0x000114F2 | vis=n | msrdc              | "RemoteApp"
19:23:18.602 | 0x0006 | HSHELL_REDRAW                | 0x000114F2 | vis=n | msrdc              | "RemoteApp"
19:23:19.130 | 0x8006 | HSHELL_FLASH                 | 0x000114F2 | vis=n | msrdc              | "RemoteApp"
19:23:19.672 | 0x0006 | HSHELL_REDRAW                | 0x000114F2 | vis=n | msrdc              | "RemoteApp"
19:23:20.193 | 0x8006 | HSHELL_FLASH                 | 0x000114F2 | vis=n | msrdc              | "RemoteApp"
19:23:20.723 | 0x0006 | HSHELL_REDRAW                | 0x000114F2 | vis=n | msrdc              | "RemoteApp"
19:23:21.269 | 0x8006 | HSHELL_FLASH                 | 0x000114F2 | vis=n | msrdc              | "RemoteApp"
19:23:21.799 | 0x0006 | HSHELL_REDRAW                | 0x000114F2 | vis=n | msrdc              | "RemoteApp"
19:23:22.317 | 0x8006 | HSHELL_FLASH                 | 0x000114F2 | vis=n | msrdc              | "RemoteApp"
19:23:22.857 | 0x0006 | HSHELL_REDRAW                | 0x000114F2 | vis=n | msrdc              | "RemoteApp"
19:23:23.386 | 0x8006 | HSHELL_FLASH                 | 0x000114F2 | vis=n | msrdc              | "RemoteApp"
19:23:23.916 | 0x0006 | HSHELL_REDRAW                | 0x000114F2 | vis=n | msrdc              | "RemoteApp"
19:23:24.444 | 0x8006 | HSHELL_FLASH                 | 0x000114F2 | vis=n | msrdc              | "RemoteApp"
19:23:24.982 | 0x0006 | HSHELL_REDRAW                | 0x000114F2 | vis=n | msrdc              | "RemoteApp"
19:23:25.510 | 0x8006 | HSHELL_FLASH                 | 0x000114F2 | vis=n | msrdc              | "RemoteApp"
19:23:26.040 | 0x0006 | HSHELL_REDRAW                | 0x000114F2 | vis=n | msrdc              | "RemoteApp"
19:23:26.581 | 0x8006 | HSHELL_FLASH                 | 0x000114F2 | vis=n | msrdc              | "RemoteApp"
19:23:27.110 | 0x0006 | HSHELL_REDRAW                | 0x000114F2 | vis=n | msrdc              | "RemoteApp"
19:23:27.639 | 0x8006 | HSHELL_FLASH                 | 0x000114F2 | vis=n | msrdc              | "RemoteApp"
19:23:28.170 | 0x0006 | HSHELL_REDRAW                | 0x000114F2 | vis=n | msrdc              | "RemoteApp"
19:23:28.698 | 0x8006 | HSHELL_FLASH                 | 0x000114F2 | vis=n | msrdc              | "RemoteApp"
19:23:29.229 | 0x0006 | HSHELL_REDRAW                | 0x000114F2 | vis=n | msrdc              | "RemoteApp"
19:23:29.757 | 0x8006 | HSHELL_FLASH                 | 0x000114F2 | vis=n | msrdc              | "RemoteApp"
19:23:30.288 | 0x0006 | HSHELL_REDRAW                | 0x000114F2 | vis=n | msrdc              | "RemoteApp"
19:23:30.818 | 0x8006 | HSHELL_FLASH                 | 0x000114F2 | vis=n | msrdc              | "RemoteApp"
19:23:31.362 | 0x0006 | HSHELL_REDRAW                | 0x000114F2 | vis=n | msrdc              | "RemoteApp"
19:23:31.886 | 0x8006 | HSHELL_FLASH                 | 0x000114F2 | vis=n | msrdc              | "RemoteApp"
19:23:32.420 | 0x0006 | HSHELL_REDRAW                | 0x000114F2 | vis=n | msrdc              | "RemoteApp"
19:23:32.949 | 0x8006 | HSHELL_FLASH                 | 0x000114F2 | vis=n | msrdc              | "RemoteApp"
19:23:33.477 | 0x0006 | HSHELL_REDRAW                | 0x000114F2 | vis=n | msrdc              | "RemoteApp"
19:23:34.005 | 0x8006 | HSHELL_FLASH                 | 0x000114F2 | vis=n | msrdc              | "RemoteApp"
19:23:34.549 | 0x0006 | HSHELL_REDRAW                | 0x000114F2 | vis=n | msrdc              | "RemoteApp"
19:23:35.079 | 0x8006 | HSHELL_FLASH                 | 0x000114F2 | vis=n | msrdc              | "RemoteApp"
19:23:35.603 | 0x0006 | HSHELL_REDRAW                | 0x000114F2 | vis=n | msrdc              | "RemoteApp"
19:23:36.137 | 0x8006 | HSHELL_FLASH                 | 0x000114F2 | vis=n | msrdc              | "RemoteApp"
19:23:36.664 | 0x0006 | HSHELL_REDRAW                | 0x000114F2 | vis=n | msrdc              | "RemoteApp"
19:23:37.193 | 0x8006 | HSHELL_FLASH                 | 0x000114F2 | vis=n | msrdc              | "RemoteApp"
19:23:37.737 | 0x0006 | HSHELL_REDRAW                | 0x000114F2 | vis=n | msrdc              | "RemoteApp"
19:23:38.267 | 0x8006 | HSHELL_FLASH                 | 0x000114F2 | vis=n | msrdc              | "RemoteApp"
19:23:38.796 | 0x0006 | HSHELL_REDRAW                | 0x000114F2 | vis=n | msrdc              | "RemoteApp"
19:23:39.325 | 0x8006 | HSHELL_FLASH                 | 0x000114F2 | vis=n | msrdc              | "RemoteApp"
19:23:39.853 | 0x0006 | HSHELL_REDRAW                | 0x000114F2 | vis=n | msrdc              | "RemoteApp"
19:23:40.386 | 0x8006 | HSHELL_FLASH                 | 0x000114F2 | vis=n | msrdc              | "RemoteApp"
19:23:40.916 | 0x0006 | HSHELL_REDRAW                | 0x000114F2 | vis=n | msrdc              | "RemoteApp"
19:23:41.446 | 0x8006 | HSHELL_FLASH                 | 0x000114F2 | vis=n | msrdc              | "RemoteApp"
19:23:41.974 | 0x0006 | HSHELL_REDRAW                | 0x000114F2 | vis=n | msrdc              | "RemoteApp"
19:23:42.519 | 0x8006 | HSHELL_FLASH                 | 0x000114F2 | vis=n | msrdc              | "RemoteApp"
19:23:43.048 | 0x0006 | HSHELL_REDRAW                | 0x000114F2 | vis=n | msrdc              | "RemoteApp"
19:23:43.571 | 0x8006 | HSHELL_FLASH                 | 0x000114F2 | vis=n | msrdc              | "RemoteApp"
19:23:44.110 | 0x0006 | HSHELL_REDRAW                | 0x000114F2 | vis=n | msrdc              | "RemoteApp"
19:23:44.639 | 0x8006 | HSHELL_FLASH                 | 0x000114F2 | vis=n | msrdc              | "RemoteApp"
19:23:45.162 | 0x0006 | HSHELL_REDRAW                | 0x000114F2 | vis=n | msrdc              | "RemoteApp"
19:23:45.705 | 0x8006 | HSHELL_FLASH                 | 0x000114F2 | vis=n | msrdc              | "RemoteApp"
19:23:46.236 | 0x0006 | HSHELL_REDRAW                | 0x000114F2 | vis=n | msrdc              | "RemoteApp"
19:23:46.765 | 0x8006 | HSHELL_FLASH                 | 0x000114F2 | vis=n | msrdc              | "RemoteApp"
19:23:47.293 | 0x0006 | HSHELL_REDRAW                | 0x000114F2 | vis=n | msrdc              | "RemoteApp"
19:23:47.822 | 0x8006 | HSHELL_FLASH                 | 0x000114F2 | vis=n | msrdc              | "RemoteApp"
19:23:48.350 | 0x0006 | HSHELL_REDRAW                | 0x000114F2 | vis=n | msrdc              | "RemoteApp"
19:23:48.888 | 0x8006 | HSHELL_FLASH                 | 0x000114F2 | vis=n | msrdc              | "RemoteApp"
19:23:49.426 | 0x0006 | HSHELL_REDRAW                | 0x000114F2 | vis=n | msrdc              | "RemoteApp"
19:23:49.969 | 0x8006 | HSHELL_FLASH                 | 0x000114F2 | vis=n | msrdc              | "RemoteApp"
19:23:50.496 | 0x0006 | HSHELL_REDRAW                | 0x000114F2 | vis=n | msrdc              | "RemoteApp"
19:23:51.024 | 0x8006 | HSHELL_FLASH                 | 0x000114F2 | vis=n | msrdc              | "RemoteApp"
19:23:51.555 | 0x0006 | HSHELL_REDRAW                | 0x000114F2 | vis=n | msrdc              | "RemoteApp"
19:23:52.094 | 0x8006 | HSHELL_FLASH                 | 0x000114F2 | vis=n | msrdc              | "RemoteApp"
19:23:52.622 | 0x0006 | HSHELL_REDRAW                | 0x000114F2 | vis=n | msrdc              | "RemoteApp"
19:23:53.152 | 0x8006 | HSHELL_FLASH                 | 0x000114F2 | vis=n | msrdc              | "RemoteApp"
19:23:53.680 | 0x0006 | HSHELL_REDRAW                | 0x000114F2 | vis=n | msrdc              | "RemoteApp"
19:23:54.210 | 0x8006 | HSHELL_FLASH                 | 0x000114F2 | vis=n | msrdc              | "RemoteApp"
19:23:54.739 | 0x0006 | HSHELL_REDRAW                | 0x000114F2 | vis=n | msrdc              | "RemoteApp"
19:23:55.271 | 0x8006 | HSHELL_FLASH                 | 0x000114F2 | vis=n | msrdc              | "RemoteApp"
19:23:55.802 | 0x0006 | HSHELL_REDRAW                | 0x000114F2 | vis=n | msrdc              | "RemoteApp"
19:23:56.338 | 0x8006 | HSHELL_FLASH                 | 0x000114F2 | vis=n | msrdc              | "RemoteApp"
19:23:56.871 | 0x0006 | HSHELL_REDRAW                | 0x000114F2 | vis=n | msrdc              | "RemoteApp"
19:23:57.399 | 0x8006 | HSHELL_FLASH                 | 0x000114F2 | vis=n | msrdc              | "RemoteApp"
19:23:57.928 | 0x0006 | HSHELL_REDRAW                | 0x000114F2 | vis=n | msrdc              | "RemoteApp"
19:23:58.472 | 0x8006 | HSHELL_FLASH                 | 0x000114F2 | vis=n | msrdc              | "RemoteApp"
19:23:59.002 | 0x0006 | HSHELL_REDRAW                | 0x000114F2 | vis=n | msrdc              | "RemoteApp"
19:23:59.522 | 0x8006 | HSHELL_FLASH                 | 0x000114F2 | vis=n | msrdc              | "RemoteApp"
19:24:00.067 | 0x0006 | HSHELL_REDRAW                | 0x000114F2 | vis=n | msrdc              | "RemoteApp"
19:24:00.610 | 0x8006 | HSHELL_FLASH                 | 0x000114F2 | vis=n | msrdc              | "RemoteApp"
19:24:01.140 | 0x0006 | HSHELL_REDRAW                | 0x000114F2 | vis=n | msrdc              | "RemoteApp"
19:24:01.667 | 0x8006 | HSHELL_FLASH                 | 0x000114F2 | vis=n | msrdc              | "RemoteApp"
19:24:02.196 | 0x0006 | HSHELL_REDRAW                | 0x000114F2 | vis=n | msrdc              | "RemoteApp"
19:24:02.736 | 0x8006 | HSHELL_FLASH                 | 0x000114F2 | vis=n | msrdc              | "RemoteApp"
19:24:03.267 | 0x0006 | HSHELL_REDRAW                | 0x000114F2 | vis=n | msrdc              | "RemoteApp"
19:24:03.795 | 0x8006 | HSHELL_FLASH                 | 0x000114F2 | vis=n | msrdc              | "RemoteApp"
19:24:04.324 | 0x0006 | HSHELL_REDRAW                | 0x000114F2 | vis=n | msrdc              | "RemoteApp"
19:24:04.852 | 0x8006 | HSHELL_FLASH                 | 0x000114F2 | vis=n | msrdc              | "RemoteApp"
19:24:05.389 | 0x0006 | HSHELL_REDRAW                | 0x000114F2 | vis=n | msrdc              | "RemoteApp"
19:24:05.920 | 0x8006 | HSHELL_FLASH                 | 0x000114F2 | vis=n | msrdc              | "RemoteApp"
19:24:06.447 | 0x0006 | HSHELL_REDRAW                | 0x000114F2 | vis=n | msrdc              | "RemoteApp"
19:24:06.976 | 0x8006 | HSHELL_FLASH                 | 0x000114F2 | vis=n | msrdc              | "RemoteApp"
19:24:07.506 | 0x0006 | HSHELL_REDRAW                | 0x000114F2 | vis=n | msrdc              | "RemoteApp"
19:24:08.050 | 0x8006 | HSHELL_FLASH                 | 0x000114F2 | vis=n | msrdc              | "RemoteApp"
19:24:08.574 | 0x0006 | HSHELL_REDRAW                | 0x000114F2 | vis=n | msrdc              | "RemoteApp"
19:24:09.110 | 0x8006 | HSHELL_FLASH                 | 0x000114F2 | vis=n | msrdc              | "RemoteApp"
19:24:09.639 | 0x0006 | HSHELL_REDRAW                | 0x000114F2 | vis=n | msrdc              | "RemoteApp"
19:24:10.164 | 0x8006 | HSHELL_FLASH                 | 0x000114F2 | vis=n | msrdc              | "RemoteApp"
19:24:10.692 | 0x0006 | HSHELL_REDRAW                | 0x000114F2 | vis=n | msrdc              | "RemoteApp"
19:24:11.237 | 0x8006 | HSHELL_FLASH                 | 0x000114F2 | vis=n | msrdc              | "RemoteApp"
19:24:11.762 | 0x0006 | HSHELL_REDRAW                | 0x000114F2 | vis=n | msrdc              | "RemoteApp"
19:24:12.291 | 0x8006 | HSHELL_FLASH                 | 0x000114F2 | vis=n | msrdc              | "RemoteApp"
19:24:12.822 | 0x0006 | HSHELL_REDRAW                | 0x000114F2 | vis=n | msrdc              | "RemoteApp"
19:24:13.350 | 0x8006 | HSHELL_FLASH                 | 0x000114F2 | vis=n | msrdc              | "RemoteApp"
19:24:13.879 | 0x0006 | HSHELL_REDRAW                | 0x000114F2 | vis=n | msrdc              | "RemoteApp"
19:24:14.424 | 0x8006 | HSHELL_FLASH                 | 0x000114F2 | vis=n | msrdc              | "RemoteApp"
19:24:14.951 | 0x0006 | HSHELL_REDRAW                | 0x000114F2 | vis=n | msrdc              | "RemoteApp"
19:24:15.485 | 0x8006 | HSHELL_FLASH                 | 0x000114F2 | vis=n | msrdc              | "RemoteApp"
19:24:16.014 | 0x0006 | HSHELL_REDRAW                | 0x000114F2 | vis=n | msrdc              | "RemoteApp"
19:24:16.540 | 0x8006 | HSHELL_FLASH                 | 0x000114F2 | vis=n | msrdc              | "RemoteApp"
19:24:17.073 | 0x0006 | HSHELL_REDRAW                | 0x000114F2 | vis=n | msrdc              | "RemoteApp"
19:24:17.601 | 0x8006 | HSHELL_FLASH                 | 0x000114F2 | vis=n | msrdc              | "RemoteApp"
19:24:18.131 | 0x0006 | HSHELL_REDRAW                | 0x000114F2 | vis=n | msrdc              | "RemoteApp"
19:24:18.674 | 0x8006 | HSHELL_FLASH                 | 0x000114F2 | vis=n | msrdc              | "RemoteApp"
19:24:19.203 | 0x0006 | HSHELL_REDRAW                | 0x000114F2 | vis=n | msrdc              | "RemoteApp"
19:24:19.725 | 0x8006 | HSHELL_FLASH                 | 0x000114F2 | vis=n | msrdc              | "RemoteApp"
19:24:20.262 | 0x0006 | HSHELL_REDRAW                | 0x000114F2 | vis=n | msrdc              | "RemoteApp"
19:24:20.788 | 0x8006 | HSHELL_FLASH                 | 0x000114F2 | vis=n | msrdc              | "RemoteApp"
19:24:21.317 | 0x0006 | HSHELL_REDRAW                | 0x000114F2 | vis=n | msrdc              | "RemoteApp"
19:24:21.859 | 0x8006 | HSHELL_FLASH                 | 0x000114F2 | vis=n | msrdc              | "RemoteApp"
19:24:22.392 | 0x0006 | HSHELL_REDRAW                | 0x000114F2 | vis=n | msrdc              | "RemoteApp"
19:24:22.923 | 0x8006 | HSHELL_FLASH                 | 0x000114F2 | vis=n | msrdc              | "RemoteApp"
19:24:23.451 | 0x0006 | HSHELL_REDRAW                | 0x000114F2 | vis=n | msrdc              | "RemoteApp"
19:24:23.980 | 0x8006 | HSHELL_FLASH                 | 0x000114F2 | vis=n | msrdc              | "RemoteApp"
19:24:24.508 | 0x0006 | HSHELL_REDRAW                | 0x000114F2 | vis=n | msrdc              | "RemoteApp"
19:24:25.037 | 0x8006 | HSHELL_FLASH                 | 0x000114F2 | vis=n | msrdc              | "RemoteApp"
19:24:25.567 | 0x0006 | HSHELL_REDRAW                | 0x000114F2 | vis=n | msrdc              | "RemoteApp"
19:24:26.111 | 0x8006 | HSHELL_FLASH                 | 0x000114F2 | vis=n | msrdc              | "RemoteApp"
19:24:26.632 | 0x0006 | HSHELL_REDRAW                | 0x000114F2 | vis=n | msrdc              | "RemoteApp"
19:24:27.171 | 0x8006 | HSHELL_FLASH                 | 0x000114F2 | vis=n | msrdc              | "RemoteApp"
19:24:27.692 | 0x0006 | HSHELL_REDRAW                | 0x000114F2 | vis=n | msrdc              | "RemoteApp"
19:24:28.227 | 0x8006 | HSHELL_FLASH                 | 0x000114F2 | vis=n | msrdc              | "RemoteApp"
19:24:28.330 | 0x0002 | HSHELL_WINDOWDESTROYED       | 0x01261246 | vis=n | WindowsTerminal    | "HYDRAWIN-CC"
19:24:28.344 | 0x0002 | HSHELL_WINDOWDESTROYED       | 0x01261246 | vis=n | Idle               | ""
19:24:28.345 | 0x0004 | HSHELL_WINDOWACTIVATED       | 0x000D0CA6 | vis=Y | chrome             | "Agent/Godot/DocsAndTasks - Google Chrome"
19:24:28.662 | 0x0004 | HSHELL_WINDOWACTIVATED       | 0x0002147A | vis=Y | chrome             | "HYDRAWIN-CHROME-A - Google Chrome"
19:24:28.756 | 0x0006 | HSHELL_REDRAW                | 0x000114F2 | vis=n | msrdc              | "RemoteApp"
19:24:28.817 | 0x0002 | HSHELL_WINDOWDESTROYED       | 0x0002147A | vis=n | chrome             | "HYDRAWIN-CHROME-A - Google Chrome"
19:24:28.833 | 0x0002 | HSHELL_WINDOWDESTROYED       | 0x0002147A | vis=n | chrome             | "HYDRAWIN-CHROME-A - Google Chrome"
19:24:28.839 | 0x0004 | HSHELL_WINDOWACTIVATED       | 0x000D0CA6 | vis=Y | chrome             | "Agent/Godot/DocsAndTasks - Google Chrome"
19:24:28.847 | 0x0002 | HSHELL_WINDOWDESTROYED       | 0x0002147A | vis=n | Idle               | ""
19:24:29.288 | 0x8006 | HSHELL_FLASH                 | 0x000114F2 | vis=n | msrdc              | "RemoteApp"
19:24:29.825 | 0x0006 | HSHELL_REDRAW                | 0x000114F2 | vis=n | msrdc              | "RemoteApp"
19:24:30.047 | 0x0004 | HSHELL_WINDOWACTIVATED       | 0x734D0FC4 | vis=Y | WindowsTerminal    | "HYDRAWIN-WSLBELL"
19:24:30.180 | 0x0002 | HSHELL_WINDOWDESTROYED       | 0x734D0FC4 | vis=n | WindowsTerminal    | "HYDRAWIN-WSLBELL"
19:24:30.196 | 0x0002 | HSHELL_WINDOWDESTROYED       | 0x734D0FC4 | vis=n | Idle               | ""
19:24:30.197 | 0x0004 | HSHELL_WINDOWACTIVATED       | 0x000D0CA6 | vis=Y | chrome             | "Agent/Godot/DocsAndTasks - Google Chrome"
19:24:30.211 | 0x0002 | HSHELL_WINDOWDESTROYED       | 0x0001156C | vis=n | Idle               | ""
19:24:30.351 | 0x8006 | HSHELL_FLASH                 | 0x000114F2 | vis=n | msrdc              | "RemoteApp"
19:24:30.887 | 0x0006 | HSHELL_REDRAW                | 0x000114F2 | vis=n | msrdc              | "RemoteApp"
19:24:31.419 | 0x8006 | HSHELL_FLASH                 | 0x000114F2 | vis=n | msrdc              | "RemoteApp"
19:24:31.952 | 0x0006 | HSHELL_REDRAW                | 0x000114F2 | vis=n | msrdc              | "RemoteApp"
19:24:32.476 | 0x8006 | HSHELL_FLASH                 | 0x000114F2 | vis=n | msrdc              | "RemoteApp"
19:24:32.481 | 0x0004 | HSHELL_WINDOWACTIVATED       | 0x002813D0 | vis=Y | WindowsTerminal    | "HYDRAWIN-BELL"
19:24:32.589 | 0x0002 | HSHELL_WINDOWDESTROYED       | 0x002813D0 | vis=n | WindowsTerminal    | "HYDRAWIN-BELL"
19:24:32.602 | 0x0002 | HSHELL_WINDOWDESTROYED       | 0x002813D0 | vis=n | Idle               | ""
19:24:32.602 | 0x0004 | HSHELL_WINDOWACTIVATED       | 0x000D0CA6 | vis=Y | chrome             | "Agent/Godot/DocsAndTasks - Google Chrome"
19:24:33.014 | 0x0006 | HSHELL_REDRAW                | 0x000114F2 | vis=n | msrdc              | "RemoteApp"
19:24:33.537 | 0x8006 | HSHELL_FLASH                 | 0x000114F2 | vis=n | msrdc              | "RemoteApp"
19:24:34.073 | 0x0006 | HSHELL_REDRAW                | 0x000114F2 | vis=n | msrdc              | "RemoteApp"
19:24:34.524 | 0x0004 | HSHELL_WINDOWACTIVATED       | 0x006E13C0 | vis=Y | WindowsTerminal    | "\u2733 Initialize git repository with initial commit"
19:24:34.606 | 0x8006 | HSHELL_FLASH                 | 0x000114F2 | vis=n | msrdc              | "RemoteApp"
19:24:34.645 | 0x0002 | HSHELL_WINDOWDESTROYED       | 0x006E13C0 | vis=n | WindowsTerminal    | "\u2733 Initialize git repository with initial commit"
19:24:34.657 | 0x0002 | HSHELL_WINDOWDESTROYED       | 0x006E13C0 | vis=n | Idle               | ""
19:24:34.658 | 0x0004 | HSHELL_WINDOWACTIVATED       | 0x000D0CA6 | vis=Y | chrome             | "Agent/Godot/DocsAndTasks - Google Chrome"
19:24:35.141 | 0x0006 | HSHELL_REDRAW                | 0x000114F2 | vis=n | msrdc              | "RemoteApp"
19:24:35.646 | 0x0004 | HSHELL_WINDOWACTIVATED       | 0x0003148C | vis=Y | chrome             | "HYDRAWIN-CHROME-B - Google Chrome"
19:24:35.660 | 0x8006 | HSHELL_FLASH                 | 0x000114F2 | vis=n | msrdc              | "RemoteApp"
19:24:35.787 | 0x0002 | HSHELL_WINDOWDESTROYED       | 0x0003148C | vis=n | chrome             | "HYDRAWIN-CHROME-B - Google Chrome"
19:24:35.801 | 0x0002 | HSHELL_WINDOWDESTROYED       | 0x0003148C | vis=n | chrome             | "HYDRAWIN-CHROME-B - Google Chrome"
19:24:35.804 | 0x0004 | HSHELL_WINDOWACTIVATED       | 0x000D0CA6 | vis=Y | chrome             | "Agent/Godot/DocsAndTasks - Google Chrome"
19:24:35.812 | 0x0002 | HSHELL_WINDOWDESTROYED       | 0x0003148C | vis=n | Idle               | ""
19:24:36.194 | 0x0006 | HSHELL_REDRAW                | 0x000114F2 | vis=n | msrdc              | "RemoteApp"
19:24:36.724 | 0x8006 | HSHELL_FLASH                 | 0x000114F2 | vis=n | msrdc              | "RemoteApp"
19:24:37.256 | 0x0006 | HSHELL_REDRAW                | 0x000114F2 | vis=n | msrdc              | "RemoteApp"
19:24:37.789 | 0x8006 | HSHELL_FLASH                 | 0x000114F2 | vis=n | msrdc              | "RemoteApp"
19:24:38.110 | 0x0004 | HSHELL_WINDOWACTIVATED       | 0x0002158E | vis=Y | Code               | "Welcome - scratchpad - Visual Studio Code"
19:24:38.324 | 0x0006 | HSHELL_REDRAW                | 0x000114F2 | vis=n | msrdc              | "RemoteApp"
19:24:38.852 | 0x8006 | HSHELL_FLASH                 | 0x000114F2 | vis=n | msrdc              | "RemoteApp"
19:24:39.389 | 0x0006 | HSHELL_REDRAW                | 0x000114F2 | vis=n | msrdc              | "RemoteApp"
19:24:39.914 | 0x8006 | HSHELL_FLASH                 | 0x000114F2 | vis=n | msrdc              | "RemoteApp"
19:24:40.449 | 0x0006 | HSHELL_REDRAW                | 0x000114F2 | vis=n | msrdc              | "RemoteApp"
19:24:40.975 | 0x8006 | HSHELL_FLASH                 | 0x000114F2 | vis=n | msrdc              | "RemoteApp"
19:24:41.507 | 0x0006 | HSHELL_REDRAW                | 0x000114F2 | vis=n | msrdc              | "RemoteApp"
19:24:42.041 | 0x8006 | HSHELL_FLASH                 | 0x000114F2 | vis=n | msrdc              | "RemoteApp"
19:24:42.577 | 0x0006 | HSHELL_REDRAW                | 0x000114F2 | vis=n | msrdc              | "RemoteApp"
19:24:43.109 | 0x8006 | HSHELL_FLASH                 | 0x000114F2 | vis=n | msrdc              | "RemoteApp"
19:24:43.271 | 0x0002 | HSHELL_WINDOWDESTROYED       | 0x0002158E | vis=n | Code               | "Welcome - scratchpad - Visual Studio Code"
19:24:43.289 | 0x0002 | HSHELL_WINDOWDESTROYED       | 0x0002158E | vis=n | Idle               | ""
19:24:43.289 | 0x0004 | HSHELL_WINDOWACTIVATED       | 0x000D0CA6 | vis=Y | chrome             | "Agent/Godot/DocsAndTasks - Google Chrome"
19:24:43.642 | 0x0006 | HSHELL_REDRAW                | 0x000114F2 | vis=n | msrdc              | "RemoteApp"
19:24:44.163 | 0x8006 | HSHELL_FLASH                 | 0x000114F2 | vis=n | msrdc              | "RemoteApp"
19:24:44.635 | 0x0004 | HSHELL_WINDOWACTIVATED       | 0x0017145E | vis=Y | WindowsTerminal    | "HYDRAWIN-SPIKE-GUINEA-PIG"
19:24:44.693 | 0x0006 | HSHELL_REDRAW                | 0x000114F2 | vis=n | msrdc              | "RemoteApp"
19:24:45.227 | 0x8006 | HSHELL_FLASH                 | 0x000114F2 | vis=n | msrdc              | "RemoteApp"
19:24:45.761 | 0x0006 | HSHELL_REDRAW                | 0x000114F2 | vis=n | msrdc              | "RemoteApp"
19:24:45.853 | 0x0002 | HSHELL_WINDOWDESTROYED       | 0x000214E2 | vis=n | Idle               | ""
19:24:45.857 | 0x0002 | HSHELL_WINDOWDESTROYED       | 0x000114D0 | vis=n | Idle               | ""
19:24:45.862 | 0x0002 | HSHELL_WINDOWDESTROYED       | 0x0002153A | vis=n | Idle               | ""
19:24:45.866 | 0x0002 | HSHELL_WINDOWDESTROYED       | 0x0001153C | vis=n | Idle               | ""
19:24:45.870 | 0x0002 | HSHELL_WINDOWDESTROYED       | 0x0002153A | vis=n | Idle               | ""
19:24:45.873 | 0x0002 | HSHELL_WINDOWDESTROYED       | 0x00011542 | vis=n | Idle               | ""
19:24:45.875 | 0x0035 | HSHELL_UNKNOWN(53)           | 0x0001154A | vis=n | Idle               | ""
19:24:45.878 | 0x0036 | HSHELL_UNKNOWN(54)           | 0x0001154A | vis=n | Idle               | ""
19:24:45.879 | 0x0002 | HSHELL_WINDOWDESTROYED       | 0x000114F2 | vis=n | msrdc              | "RemoteApp"
19:24:45.882 | 0x0002 | HSHELL_WINDOWDESTROYED       | 0x00011548 | vis=n | Idle               | ""
19:24:45.884 | 0x0002 | HSHELL_WINDOWDESTROYED       | 0x00011562 | vis=n | Idle               | ""
19:24:45.886 | 0x0002 | HSHELL_WINDOWDESTROYED       | 0x00021518 | vis=n | Idle               | ""
19:24:45.888 | 0x0002 | HSHELL_WINDOWDESTROYED       | 0x0001154C | vis=n | Idle               | ""
19:24:45.890 | 0x0002 | HSHELL_WINDOWDESTROYED       | 0x0001154C | vis=n | Idle               | ""
19:24:45.891 | 0x0002 | HSHELL_WINDOWDESTROYED       | 0x00011536 | vis=n | Idle               | ""
19:24:45.892 | 0x0002 | HSHELL_WINDOWDESTROYED       | 0x00011538 | vis=n | Idle               | ""
19:24:45.894 | 0x0002 | HSHELL_WINDOWDESTROYED       | 0x00011536 | vis=n | Idle               | ""
19:24:45.896 | 0x0002 | HSHELL_WINDOWDESTROYED       | 0x000114EC | vis=n | Idle               | ""
19:24:45.898 | 0x0002 | HSHELL_WINDOWDESTROYED       | 0x000114EC | vis=n | Idle               | ""
19:24:45.900 | 0x0002 | HSHELL_WINDOWDESTROYED       | 0x00021506 | vis=n | Idle               | ""
19:24:45.901 | 0x0002 | HSHELL_WINDOWDESTROYED       | 0x000114F2 | vis=n | Idle               | ""
19:24:46.198 | 0x0002 | HSHELL_WINDOWDESTROYED       | 0x000114EE | vis=n | msrdc              | ""
19:24:46.203 | 0x0002 | HSHELL_WINDOWDESTROYED       | 0x000114EE | vis=n | Idle               | ""
19:24:46.210 | 0x0002 | HSHELL_WINDOWDESTROYED       | 0x0002152C | vis=n | Idle               | ""
19:24:46.213 | 0x0002 | HSHELL_WINDOWDESTROYED       | 0x00011546 | vis=n | Idle               | ""
19:24:46.216 | 0x0002 | HSHELL_WINDOWDESTROYED       | 0x000D13F6 | vis=n | Idle               | ""
19:24:46.758 | 0x0002 | HSHELL_WINDOWDESTROYED       | 0x0017145E | vis=n | WindowsTerminal    | "HYDRAWIN-SPIKE-GUINEA-PIG"
19:24:46.772 | 0x0002 | HSHELL_WINDOWDESTROYED       | 0x0017145E | vis=n | Idle               | ""
19:24:46.772 | 0x0004 | HSHELL_WINDOWACTIVATED       | 0x000D0CA6 | vis=Y | chrome             | "Agent/Godot/DocsAndTasks - Google Chrome"
19:25:01.553 | 0x0010 | HSHELL_MONITORCHANGED        | 0x000F157C | vis=n | taskhostw          | "Task Host Window"
19:25:01.601 | 0x0002 | HSHELL_WINDOWDESTROYED       | 0x000F157C | vis=n | taskhostw          | "Task Host Window"
19:25:01.605 | 0x0002 | HSHELL_WINDOWDESTROYED       | 0x000F157C | vis=n | Idle               | ""
19:25:12.290 | 0x0006 | HSHELL_REDRAW                | 0x00060F70 | vis=Y | Telegram           | "\u200EOleksandra Suchova \u2013 (6)"
19:25:12.292 | 0x0006 | HSHELL_REDRAW                | 0x00060F70 | vis=Y | Telegram           | "\u200EOleksandra Suchova \u2013 (6)"
19:25:12.292 | 0x0006 | HSHELL_REDRAW                | 0x00060F70 | vis=Y | Telegram           | "\u200EOleksandra Suchova \u2013 (6)"
19:25:43.244 | 0x0010 | HSHELL_MONITORCHANGED        | 0x0010157C | vis=n | Zoom               | "GDI+ Window (Zoom.exe)"
19:25:43.271 | 0x0010 | HSHELL_MONITORCHANGED        | 0x0002155C | vis=n | Zoom               | "cptmsg"
19:25:45.693 | 0x0002 | HSHELL_WINDOWDESTROYED       | 0x0002155C | vis=n | Zoom               | "cptmsg"
19:25:45.694 | 0x0002 | HSHELL_WINDOWDESTROYED       | 0x00021558 | vis=n | Zoom               | "Default IME"
19:25:45.699 | 0x0002 | HSHELL_WINDOWDESTROYED       | 0x0002155C | vis=n | Idle               | ""
19:25:45.704 | 0x0002 | HSHELL_WINDOWDESTROYED       | 0x0010157C | vis=n | Idle               | ""
19:25:45.708 | 0x0002 | HSHELL_WINDOWDESTROYED       | 0x0002155E | vis=n | Idle               | ""
19:28:04.275 | 0x0006 | HSHELL_REDRAW                | 0x00060F70 | vis=Y | Telegram           | "\u200EOleksandra Suchova \u2013 (7)"
19:28:04.276 | 0x0006 | HSHELL_REDRAW                | 0x00060F70 | vis=Y | Telegram           | "\u200EOleksandra Suchova \u2013 (7)"
19:28:04.276 | 0x0006 | HSHELL_REDRAW                | 0x00060F70 | vis=Y | Telegram           | "\u200EOleksandra Suchova \u2013 (7)"
19:28:17.981 | 0x0004 | HSHELL_WINDOWACTIVATED       | 0x00060C58 | vis=Y | WindowsTerminal    | "\u2733 verify-win32-assumptions"
19:28:47.726 | 0x0006 | HSHELL_REDRAW                | 0x00060C58 | vis=Y | WindowsTerminal    | "\u25D0 verify-win32-assumptions"
19:28:48.687 | 0x0006 | HSHELL_REDRAW                | 0x00060C58 | vis=Y | WindowsTerminal    | "\u25D1 verify-win32-assumptions"
19:28:49.647 | 0x0006 | HSHELL_REDRAW                | 0x00060C58 | vis=Y | WindowsTerminal    | "\u25D0 verify-win32-assumptions"
19:28:50.609 | 0x0006 | HSHELL_REDRAW                | 0x00060C58 | vis=Y | WindowsTerminal    | "\u25D1 verify-win32-assumptions"
19:28:51.570 | 0x0006 | HSHELL_REDRAW                | 0x00060C58 | vis=Y | WindowsTerminal    | "\u25D0 verify-win32-assumptions"
19:28:52.530 | 0x0006 | HSHELL_REDRAW                | 0x00060C58 | vis=Y | WindowsTerminal    | "\u25D1 verify-win32-assumptions"
19:28:53.490 | 0x0006 | HSHELL_REDRAW                | 0x00060C58 | vis=Y | WindowsTerminal    | "\u25D0 verify-win32-assumptions"
19:28:54.451 | 0x0006 | HSHELL_REDRAW                | 0x00060C58 | vis=Y | WindowsTerminal    | "\u25D1 verify-win32-assumptions"
19:28:55.412 | 0x0006 | HSHELL_REDRAW                | 0x00060C58 | vis=Y | WindowsTerminal    | "\u25D0 verify-win32-assumptions"
19:28:56.371 | 0x0006 | HSHELL_REDRAW                | 0x00060C58 | vis=Y | WindowsTerminal    | "\u25D1 verify-win32-assumptions"
19:28:57.333 | 0x0006 | HSHELL_REDRAW                | 0x00060C58 | vis=Y | WindowsTerminal    | "\u25D0 verify-win32-assumptions"
19:28:58.294 | 0x0006 | HSHELL_REDRAW                | 0x00060C58 | vis=Y | WindowsTerminal    | "\u25D1 verify-win32-assumptions"
19:28:59.255 | 0x0006 | HSHELL_REDRAW                | 0x00060C58 | vis=Y | WindowsTerminal    | "\u25D0 verify-win32-assumptions"
19:29:00.215 | 0x0006 | HSHELL_REDRAW                | 0x00060C58 | vis=Y | WindowsTerminal    | "\u25D1 verify-win32-assumptions"
19:29:01.177 | 0x0006 | HSHELL_REDRAW                | 0x00060C58 | vis=Y | WindowsTerminal    | "\u25D0 verify-win32-assumptions"
19:29:02.139 | 0x0006 | HSHELL_REDRAW                | 0x00060C58 | vis=Y | WindowsTerminal    | "\u25D1 verify-win32-assumptions"
19:29:03.100 | 0x0006 | HSHELL_REDRAW                | 0x00060C58 | vis=Y | WindowsTerminal    | "\u25D0 verify-win32-assumptions"
19:29:04.061 | 0x0006 | HSHELL_REDRAW                | 0x00060C58 | vis=Y | WindowsTerminal    | "\u25D1 verify-win32-assumptions"
19:29:05.021 | 0x0006 | HSHELL_REDRAW                | 0x00060C58 | vis=Y | WindowsTerminal    | "\u25D0 verify-win32-assumptions"
19:29:05.983 | 0x0006 | HSHELL_REDRAW                | 0x00060C58 | vis=Y | WindowsTerminal    | "\u25D1 verify-win32-assumptions"
19:29:06.943 | 0x0006 | HSHELL_REDRAW                | 0x00060C58 | vis=Y | WindowsTerminal    | "\u25D0 verify-win32-assumptions"
19:29:07.904 | 0x0006 | HSHELL_REDRAW                | 0x00060C58 | vis=Y | WindowsTerminal    | "\u25D1 verify-win32-assumptions"
19:29:08.865 | 0x0006 | HSHELL_REDRAW                | 0x00060C58 | vis=Y | WindowsTerminal    | "\u25D0 verify-win32-assumptions"
19:29:09.825 | 0x0006 | HSHELL_REDRAW                | 0x00060C58 | vis=Y | WindowsTerminal    | "\u25D1 verify-win32-assumptions"
19:29:10.786 | 0x0006 | HSHELL_REDRAW                | 0x00060C58 | vis=Y | WindowsTerminal    | "\u25D0 verify-win32-assumptions"
19:29:11.747 | 0x0006 | HSHELL_REDRAW                | 0x00060C58 | vis=Y | WindowsTerminal    | "\u25D1 verify-win32-assumptions"
19:29:12.709 | 0x0006 | HSHELL_REDRAW                | 0x00060C58 | vis=Y | WindowsTerminal    | "\u25D0 verify-win32-assumptions"
19:29:13.670 | 0x0006 | HSHELL_REDRAW                | 0x00060C58 | vis=Y | WindowsTerminal    | "\u25D1 verify-win32-assumptions"
19:29:14.630 | 0x0006 | HSHELL_REDRAW                | 0x00060C58 | vis=Y | WindowsTerminal    | "\u25D0 verify-win32-assumptions"
19:29:15.590 | 0x0006 | HSHELL_REDRAW                | 0x00060C58 | vis=Y | WindowsTerminal    | "\u25D1 verify-win32-assumptions"
19:29:16.550 | 0x0006 | HSHELL_REDRAW                | 0x00060C58 | vis=Y | WindowsTerminal    | "\u25D0 verify-win32-assumptions"
19:29:17.512 | 0x0006 | HSHELL_REDRAW                | 0x00060C58 | vis=Y | WindowsTerminal    | "\u25D1 verify-win32-assumptions"
19:29:18.473 | 0x0006 | HSHELL_REDRAW                | 0x00060C58 | vis=Y | WindowsTerminal    | "\u25D0 verify-win32-assumptions"
19:29:19.434 | 0x0006 | HSHELL_REDRAW                | 0x00060C58 | vis=Y | WindowsTerminal    | "\u25D1 verify-win32-assumptions"
19:29:20.395 | 0x0006 | HSHELL_REDRAW                | 0x00060C58 | vis=Y | WindowsTerminal    | "\u25D0 verify-win32-assumptions"
19:29:21.356 | 0x0006 | HSHELL_REDRAW                | 0x00060C58 | vis=Y | WindowsTerminal    | "\u25D1 verify-win32-assumptions"
19:29:22.317 | 0x0006 | HSHELL_REDRAW                | 0x00060C58 | vis=Y | WindowsTerminal    | "\u25D0 verify-win32-assumptions"
19:29:23.278 | 0x0006 | HSHELL_REDRAW                | 0x00060C58 | vis=Y | WindowsTerminal    | "\u25D1 verify-win32-assumptions"
19:29:24.240 | 0x0006 | HSHELL_REDRAW                | 0x00060C58 | vis=Y | WindowsTerminal    | "\u25D0 verify-win32-assumptions"
19:29:25.201 | 0x0006 | HSHELL_REDRAW                | 0x00060C58 | vis=Y | WindowsTerminal    | "\u25D1 verify-win32-assumptions"
19:29:26.161 | 0x0006 | HSHELL_REDRAW                | 0x00060C58 | vis=Y | WindowsTerminal    | "\u25D0 verify-win32-assumptions"
19:29:27.122 | 0x0006 | HSHELL_REDRAW                | 0x00060C58 | vis=Y | WindowsTerminal    | "\u25D1 verify-win32-assumptions"
19:29:28.083 | 0x0006 | HSHELL_REDRAW                | 0x00060C58 | vis=Y | WindowsTerminal    | "\u25D0 verify-win32-assumptions"
19:29:29.044 | 0x0006 | HSHELL_REDRAW                | 0x00060C58 | vis=Y | WindowsTerminal    | "\u25D1 verify-win32-assumptions"
19:29:30.004 | 0x0006 | HSHELL_REDRAW                | 0x00060C58 | vis=Y | WindowsTerminal    | "\u25D0 verify-win32-assumptions"
19:29:30.964 | 0x0006 | HSHELL_REDRAW                | 0x00060C58 | vis=Y | WindowsTerminal    | "\u25D1 verify-win32-assumptions"
19:29:31.336 | 0x0004 | HSHELL_WINDOWACTIVATED       | 0x005113E6 | vis=Y | WindowsTerminal    | "HYDRAWIN-BELL3"
19:29:31.477 | 0x0002 | HSHELL_WINDOWDESTROYED       | 0x005113E6 | vis=n | WindowsTerminal    | "HYDRAWIN-BELL3"
19:29:31.485 | 0x0004 | HSHELL_WINDOWACTIVATED       | 0x00060C58 | vis=Y | WindowsTerminal    | "\u25D1 verify-win32-assumptions"
19:29:32.503 | 0x0006 | HSHELL_REDRAW                | 0x00060C58 | vis=Y | WindowsTerminal    | "\u25D0 verify-win32-assumptions"
19:29:33.463 | 0x0006 | HSHELL_REDRAW                | 0x00060C58 | vis=Y | WindowsTerminal    | "\u25D1 verify-win32-assumptions"
19:29:33.503 | 0x0035 | HSHELL_UNKNOWN(53)           | 0x003A13CA | vis=Y | explorer           | ""
19:29:33.827 | 0x0036 | HSHELL_UNKNOWN(54)           | 0x003A13CA | vis=n | explorer           | ""
19:29:33.834 | 0x0004 | HSHELL_WINDOWACTIVATED       | 0x001205A0 | vis=Y | Taskmgr            | "Task Manager"
19:29:59.042 | 0x0004 | HSHELL_WINDOWACTIVATED       | 0x00021280 | vis=Y | Code               | "01_spike_win32_assumptions.md - HydraWin - Visual Studio Code"
19:30:06.585 | 0x0004 | HSHELL_WINDOWACTIVATED       | 0x00060C58 | vis=Y | WindowsTerminal    | "\u25D1 verify-win32-assumptions"
19:30:07.581 | 0x0006 | HSHELL_REDRAW                | 0x00060C58 | vis=Y | WindowsTerminal    | "\u25D0 verify-win32-assumptions"
19:30:08.543 | 0x0006 | HSHELL_REDRAW                | 0x00060C58 | vis=Y | WindowsTerminal    | "\u25D1 verify-win32-assumptions"
19:30:09.504 | 0x0006 | HSHELL_REDRAW                | 0x00060C58 | vis=Y | WindowsTerminal    | "\u25D0 verify-win32-assumptions"
19:30:10.465 | 0x0006 | HSHELL_REDRAW                | 0x00060C58 | vis=Y | WindowsTerminal    | "\u25D1 verify-win32-assumptions"
19:30:11.427 | 0x0006 | HSHELL_REDRAW                | 0x00060C58 | vis=Y | WindowsTerminal    | "\u25D0 verify-win32-assumptions"
19:30:12.388 | 0x0006 | HSHELL_REDRAW                | 0x00060C58 | vis=Y | WindowsTerminal    | "\u25D1 verify-win32-assumptions"
19:30:13.349 | 0x0006 | HSHELL_REDRAW                | 0x00060C58 | vis=Y | WindowsTerminal    | "\u25D0 verify-win32-assumptions"
19:30:14.311 | 0x0006 | HSHELL_REDRAW                | 0x00060C58 | vis=Y | WindowsTerminal    | "\u25D1 verify-win32-assumptions"
19:30:15.271 | 0x0006 | HSHELL_REDRAW                | 0x00060C58 | vis=Y | WindowsTerminal    | "\u25D0 verify-win32-assumptions"
19:30:16.233 | 0x0006 | HSHELL_REDRAW                | 0x00060C58 | vis=Y | WindowsTerminal    | "\u25D1 verify-win32-assumptions"
19:30:17.193 | 0x0006 | HSHELL_REDRAW                | 0x00060C58 | vis=Y | WindowsTerminal    | "\u25D0 verify-win32-assumptions"
19:30:18.154 | 0x0006 | HSHELL_REDRAW                | 0x00060C58 | vis=Y | WindowsTerminal    | "\u25D1 verify-win32-assumptions"
19:30:19.115 | 0x0006 | HSHELL_REDRAW                | 0x00060C58 | vis=Y | WindowsTerminal    | "\u25D0 verify-win32-assumptions"
19:30:20.076 | 0x0006 | HSHELL_REDRAW                | 0x00060C58 | vis=Y | WindowsTerminal    | "\u25D1 verify-win32-assumptions"
19:30:21.037 | 0x0006 | HSHELL_REDRAW                | 0x00060C58 | vis=Y | WindowsTerminal    | "\u25D0 verify-win32-assumptions"
19:30:21.999 | 0x0006 | HSHELL_REDRAW                | 0x00060C58 | vis=Y | WindowsTerminal    | "\u25D1 verify-win32-assumptions"
19:30:22.959 | 0x0006 | HSHELL_REDRAW                | 0x00060C58 | vis=Y | WindowsTerminal    | "\u25D0 verify-win32-assumptions"
19:30:23.919 | 0x0006 | HSHELL_REDRAW                | 0x00060C58 | vis=Y | WindowsTerminal    | "\u25D1 verify-win32-assumptions"
19:30:24.881 | 0x0006 | HSHELL_REDRAW                | 0x00060C58 | vis=Y | WindowsTerminal    | "\u25D0 verify-win32-assumptions"
19:30:25.842 | 0x0006 | HSHELL_REDRAW                | 0x00060C58 | vis=Y | WindowsTerminal    | "\u25D1 verify-win32-assumptions"
19:30:26.803 | 0x0006 | HSHELL_REDRAW                | 0x00060C58 | vis=Y | WindowsTerminal    | "\u25D0 verify-win32-assumptions"
19:30:27.763 | 0x0006 | HSHELL_REDRAW                | 0x00060C58 | vis=Y | WindowsTerminal    | "\u25D1 verify-win32-assumptions"
19:30:28.724 | 0x0006 | HSHELL_REDRAW                | 0x00060C58 | vis=Y | WindowsTerminal    | "\u25D0 verify-win32-assumptions"
19:30:29.685 | 0x0006 | HSHELL_REDRAW                | 0x00060C58 | vis=Y | WindowsTerminal    | "\u25D1 verify-win32-assumptions"
19:30:30.647 | 0x0006 | HSHELL_REDRAW                | 0x00060C58 | vis=Y | WindowsTerminal    | "\u25D0 verify-win32-assumptions"
19:30:31.607 | 0x0006 | HSHELL_REDRAW                | 0x00060C58 | vis=Y | WindowsTerminal    | "\u25D1 verify-win32-assumptions"
19:30:32.569 | 0x0006 | HSHELL_REDRAW                | 0x00060C58 | vis=Y | WindowsTerminal    | "\u25D0 verify-win32-assumptions"
19:30:33.529 | 0x0006 | HSHELL_REDRAW                | 0x00060C58 | vis=Y | WindowsTerminal    | "\u25D1 verify-win32-assumptions"
19:30:34.491 | 0x0006 | HSHELL_REDRAW                | 0x00060C58 | vis=Y | WindowsTerminal    | "\u25D0 verify-win32-assumptions"
19:30:35.451 | 0x0006 | HSHELL_REDRAW                | 0x00060C58 | vis=Y | WindowsTerminal    | "\u25D1 verify-win32-assumptions"
19:30:36.412 | 0x0006 | HSHELL_REDRAW                | 0x00060C58 | vis=Y | WindowsTerminal    | "\u25D0 verify-win32-assumptions"
19:30:37.373 | 0x0006 | HSHELL_REDRAW                | 0x00060C58 | vis=Y | WindowsTerminal    | "\u25D1 verify-win32-assumptions"
19:30:38.335 | 0x0006 | HSHELL_REDRAW                | 0x00060C58 | vis=Y | WindowsTerminal    | "\u25D0 verify-win32-assumptions"
19:30:39.295 | 0x0006 | HSHELL_REDRAW                | 0x00060C58 | vis=Y | WindowsTerminal    | "\u25D1 verify-win32-assumptions"
19:30:40.255 | 0x0006 | HSHELL_REDRAW                | 0x00060C58 | vis=Y | WindowsTerminal    | "\u25D0 verify-win32-assumptions"
19:30:41.216 | 0x0006 | HSHELL_REDRAW                | 0x00060C58 | vis=Y | WindowsTerminal    | "\u25D1 verify-win32-assumptions"
19:30:42.177 | 0x0006 | HSHELL_REDRAW                | 0x00060C58 | vis=Y | WindowsTerminal    | "\u25D0 verify-win32-assumptions"
19:30:43.138 | 0x0006 | HSHELL_REDRAW                | 0x00060C58 | vis=Y | WindowsTerminal    | "\u25D1 verify-win32-assumptions"
19:30:44.099 | 0x0006 | HSHELL_REDRAW                | 0x00060C58 | vis=Y | WindowsTerminal    | "\u25D0 verify-win32-assumptions"
19:30:45.060 | 0x0006 | HSHELL_REDRAW                | 0x00060C58 | vis=Y | WindowsTerminal    | "\u25D1 verify-win32-assumptions"
19:30:46.021 | 0x0006 | HSHELL_REDRAW                | 0x00060C58 | vis=Y | WindowsTerminal    | "\u25D0 verify-win32-assumptions"
19:30:46.981 | 0x0006 | HSHELL_REDRAW                | 0x00060C58 | vis=Y | WindowsTerminal    | "\u25D1 verify-win32-assumptions"
19:30:47.942 | 0x0006 | HSHELL_REDRAW                | 0x00060C58 | vis=Y | WindowsTerminal    | "\u25D0 verify-win32-assumptions"
19:30:48.903 | 0x0006 | HSHELL_REDRAW                | 0x00060C58 | vis=Y | WindowsTerminal    | "\u25D1 verify-win32-assumptions"
19:30:49.863 | 0x0006 | HSHELL_REDRAW                | 0x00060C58 | vis=Y | WindowsTerminal    | "\u25D0 verify-win32-assumptions"
19:30:50.824 | 0x0006 | HSHELL_REDRAW                | 0x00060C58 | vis=Y | WindowsTerminal    | "\u25D1 verify-win32-assumptions"
19:30:51.783 | 0x0006 | HSHELL_REDRAW                | 0x00060C58 | vis=Y | WindowsTerminal    | "\u25D0 verify-win32-assumptions"
19:30:52.745 | 0x0006 | HSHELL_REDRAW                | 0x00060C58 | vis=Y | WindowsTerminal    | "\u25D1 verify-win32-assumptions"
19:30:53.705 | 0x0006 | HSHELL_REDRAW                | 0x00060C58 | vis=Y | WindowsTerminal    | "\u25D0 verify-win32-assumptions"
19:30:54.667 | 0x0006 | HSHELL_REDRAW                | 0x00060C58 | vis=Y | WindowsTerminal    | "\u25D1 verify-win32-assumptions"
19:30:55.628 | 0x0006 | HSHELL_REDRAW                | 0x00060C58 | vis=Y | WindowsTerminal    | "\u25D0 verify-win32-assumptions"
19:30:56.588 | 0x0006 | HSHELL_REDRAW                | 0x00060C58 | vis=Y | WindowsTerminal    | "\u25D1 verify-win32-assumptions"
19:30:57.549 | 0x0006 | HSHELL_REDRAW                | 0x00060C58 | vis=Y | WindowsTerminal    | "\u25D0 verify-win32-assumptions"
19:30:58.509 | 0x0006 | HSHELL_REDRAW                | 0x00060C58 | vis=Y | WindowsTerminal    | "\u25D1 verify-win32-assumptions"
19:30:59.469 | 0x0006 | HSHELL_REDRAW                | 0x00060C58 | vis=Y | WindowsTerminal    | "\u25D0 verify-win32-assumptions"
19:31:00.431 | 0x0006 | HSHELL_REDRAW                | 0x00060C58 | vis=Y | WindowsTerminal    | "\u25D1 verify-win32-assumptions"
19:31:01.390 | 0x0006 | HSHELL_REDRAW                | 0x00060C58 | vis=Y | WindowsTerminal    | "\u25D0 verify-win32-assumptions"
19:31:02.351 | 0x0006 | HSHELL_REDRAW                | 0x00060C58 | vis=Y | WindowsTerminal    | "\u25D1 verify-win32-assumptions"
19:31:03.312 | 0x0006 | HSHELL_REDRAW                | 0x00060C58 | vis=Y | WindowsTerminal    | "\u25D0 verify-win32-assumptions"
19:31:04.272 | 0x0006 | HSHELL_REDRAW                | 0x00060C58 | vis=Y | WindowsTerminal    | "\u25D1 verify-win32-assumptions"
19:31:05.234 | 0x0006 | HSHELL_REDRAW                | 0x00060C58 | vis=Y | WindowsTerminal    | "\u25D0 verify-win32-assumptions"
19:31:06.194 | 0x0006 | HSHELL_REDRAW                | 0x00060C58 | vis=Y | WindowsTerminal    | "\u25D1 verify-win32-assumptions"
19:31:07.155 | 0x0006 | HSHELL_REDRAW                | 0x00060C58 | vis=Y | WindowsTerminal    | "\u25D0 verify-win32-assumptions"
19:31:08.116 | 0x0006 | HSHELL_REDRAW                | 0x00060C58 | vis=Y | WindowsTerminal    | "\u25D1 verify-win32-assumptions"
19:31:09.077 | 0x0006 | HSHELL_REDRAW                | 0x00060C58 | vis=Y | WindowsTerminal    | "\u25D0 verify-win32-assumptions"
19:31:10.038 | 0x0006 | HSHELL_REDRAW                | 0x00060C58 | vis=Y | WindowsTerminal    | "\u25D1 verify-win32-assumptions"
19:31:10.998 | 0x0006 | HSHELL_REDRAW                | 0x00060C58 | vis=Y | WindowsTerminal    | "\u25D0 verify-win32-assumptions"
19:31:11.959 | 0x0006 | HSHELL_REDRAW                | 0x00060C58 | vis=Y | WindowsTerminal    | "\u25D1 verify-win32-assumptions"
19:31:12.919 | 0x0006 | HSHELL_REDRAW                | 0x00060C58 | vis=Y | WindowsTerminal    | "\u25D0 verify-win32-assumptions"
19:31:13.879 | 0x0006 | HSHELL_REDRAW                | 0x00060C58 | vis=Y | WindowsTerminal    | "\u25D1 verify-win32-assumptions"
19:31:14.841 | 0x0006 | HSHELL_REDRAW                | 0x00060C58 | vis=Y | WindowsTerminal    | "\u25D0 verify-win32-assumptions"
19:31:15.803 | 0x0006 | HSHELL_REDRAW                | 0x00060C58 | vis=Y | WindowsTerminal    | "\u25D1 verify-win32-assumptions"
19:31:16.763 | 0x0006 | HSHELL_REDRAW                | 0x00060C58 | vis=Y | WindowsTerminal    | "\u25D0 verify-win32-assumptions"
19:31:17.724 | 0x0006 | HSHELL_REDRAW                | 0x00060C58 | vis=Y | WindowsTerminal    | "\u25D1 verify-win32-assumptions"
19:31:18.685 | 0x0006 | HSHELL_REDRAW                | 0x00060C58 | vis=Y | WindowsTerminal    | "\u25D0 verify-win32-assumptions"
19:31:19.645 | 0x0006 | HSHELL_REDRAW                | 0x00060C58 | vis=Y | WindowsTerminal    | "\u25D1 verify-win32-assumptions"
19:31:20.608 | 0x0006 | HSHELL_REDRAW                | 0x00060C58 | vis=Y | WindowsTerminal    | "\u25D0 verify-win32-assumptions"
19:31:21.567 | 0x0006 | HSHELL_REDRAW                | 0x00060C58 | vis=Y | WindowsTerminal    | "\u25D1 verify-win32-assumptions"
19:31:21.987 | 0x0004 | HSHELL_WINDOWACTIVATED       | 0x00000000 | vis=n | Idle               | ""
19:31:22.085 | 0x0004 | HSHELL_WINDOWACTIVATED       | 0x00060F70 | vis=Y | Telegram           | "\u200EOleksandra Suchova \u2013 (7)"
19:31:22.119 | 0x0005 | HSHELL_GETMINRECT            | 0x987F17E280 | vis=n | Idle               | ""
19:31:24.156 | 0x0006 | HSHELL_REDRAW                | 0x00060F70 | vis=Y | Telegram           | "\u200EOleksandra Suchova \u2013 (6)"
19:31:24.158 | 0x0006 | HSHELL_REDRAW                | 0x00060F70 | vis=Y | Telegram           | "\u200EOleksandra Suchova \u2013 (6)"
19:31:24.158 | 0x0006 | HSHELL_REDRAW                | 0x00060F70 | vis=Y | Telegram           | "\u200EOleksandra Suchova \u2013 (6)"
19:31:24.161 | 0x0006 | HSHELL_REDRAW                | 0x00060F70 | vis=Y | Telegram           | "\u200Er/\u0440\u0435\u0442\u0440\u0430\u043D\u0441\u043B\u044F\u0442\u043E\u0440 \u2013 (6)"
19:31:24.161 | 0x0006 | HSHELL_REDRAW                | 0x00060F70 | vis=Y | Telegram           | "\u200Er/\u0440\u0435\u0442\u0440\u0430\u043D\u0441\u043B\u044F\u0442\u043E\u0440 \u2013 (6)"
19:31:24.712 | 0x0006 | HSHELL_REDRAW                | 0x00060C58 | vis=Y | WindowsTerminal    | "\u2733 verify-win32-assumptions"
19:31:41.526 | 0x0006 | HSHELL_REDRAW                | 0x00060F70 | vis=Y | Telegram           | "\u200Er/\u0440\u0435\u0442\u0440\u0430\u043D\u0441\u043B\u044F\u0442\u043E\u0440 \u2013 (4)"
19:31:41.527 | 0x0006 | HSHELL_REDRAW                | 0x00060F70 | vis=Y | Telegram           | "\u200Er/\u0440\u0435\u0442\u0440\u0430\u043D\u0441\u043B\u044F\u0442\u043E\u0440 \u2013 (4)"
19:31:41.527 | 0x0006 | HSHELL_REDRAW                | 0x00060F70 | vis=Y | Telegram           | "\u200Er/\u0440\u0435\u0442\u0440\u0430\u043D\u0441\u043B\u044F\u0442\u043E\u0440 \u2013 (4)"
19:31:41.531 | 0x0006 | HSHELL_REDRAW                | 0x00060F70 | vis=Y | Telegram           | "(2) \u200EIXBT Games | \u041A\u043E\u0440\u043E\u0447\u0435 \u2013 (4)"
19:31:41.531 | 0x0006 | HSHELL_REDRAW                | 0x00060F70 | vis=Y | Telegram           | "(2) \u200EIXBT Games | \u041A\u043E\u0440\u043E\u0447\u0435 \u2013 (4)"
19:31:50.620 | 0x0006 | HSHELL_REDRAW                | 0x00060F70 | vis=Y | Telegram           | "(1) \u200EIXBT Games | \u041A\u043E\u0440\u043E\u0447\u0435 \u2013 (3)"
19:31:50.622 | 0x0006 | HSHELL_REDRAW                | 0x00060F70 | vis=Y | Telegram           | "(1) \u200EIXBT Games | \u041A\u043E\u0440\u043E\u0447\u0435 \u2013 (3)"
19:31:50.622 | 0x0006 | HSHELL_REDRAW                | 0x00060F70 | vis=Y | Telegram           | "(1) \u200EIXBT Games | \u041A\u043E\u0440\u043E\u0447\u0435 \u2013 (3)"
19:31:51.269 | 0x0006 | HSHELL_REDRAW                | 0x00060F70 | vis=Y | Telegram           | "\u200EIXBT Games | \u041A\u043E\u0440\u043E\u0447\u0435 \u2013 (2)"
19:31:51.270 | 0x0006 | HSHELL_REDRAW                | 0x00060F70 | vis=Y | Telegram           | "\u200EIXBT Games | \u041A\u043E\u0440\u043E\u0447\u0435 \u2013 (2)"
19:31:51.271 | 0x0006 | HSHELL_REDRAW                | 0x00060F70 | vis=Y | Telegram           | "\u200EIXBT Games | \u041A\u043E\u0440\u043E\u0447\u0435 \u2013 (2)"
19:31:58.943 | 0x0006 | HSHELL_REDRAW                | 0x00060F70 | vis=Y | Telegram           | "\u200EIXBT Games | \u041A\u043E\u0440\u043E\u0447\u0435 \u2013 (1)"
19:31:58.944 | 0x0006 | HSHELL_REDRAW                | 0x00060F70 | vis=Y | Telegram           | "\u200EIXBT Games | \u041A\u043E\u0440\u043E\u0447\u0435 \u2013 (1)"
19:31:58.944 | 0x0006 | HSHELL_REDRAW                | 0x00060F70 | vis=Y | Telegram           | "\u200EIXBT Games | \u041A\u043E\u0440\u043E\u0447\u0435 \u2013 (1)"
19:31:58.947 | 0x0006 | HSHELL_REDRAW                | 0x00060F70 | vis=Y | Telegram           | "(1) \u200E3DNews \u2013 (1)"
19:31:58.948 | 0x0006 | HSHELL_REDRAW                | 0x00060F70 | vis=Y | Telegram           | "(1) \u200E3DNews \u2013 (1)"
19:32:12.249 | 0x0006 | HSHELL_REDRAW                | 0x00060F70 | vis=Y | Telegram           | "\u200E3DNews"
19:32:12.249 | 0x0006 | HSHELL_REDRAW                | 0x00060F70 | vis=Y | Telegram           | "\u200E3DNews"
19:32:12.250 | 0x0006 | HSHELL_REDRAW                | 0x00060F70 | vis=Y | Telegram           | "\u200E3DNews"
19:32:26.306 | 0x0005 | HSHELL_GETMINRECT            | 0x987F17E280 | vis=n | Idle               | ""
19:32:26.312 | 0x0004 | HSHELL_WINDOWACTIVATED       | 0x00060C58 | vis=Y | WindowsTerminal    | "\u2733 verify-win32-assumptions"
19:32:26.399 | 0x0002 | HSHELL_WINDOWDESTROYED       | 0x004911C0 | vis=n | ms-teams           | "Anton Suchov (You) | Microsoft Teams"
19:35:10.374 | 0x0006 | HSHELL_REDRAW                | 0x00060F70 | vis=Y | Telegram           | "\u200E3DNews \u2013 (1)"
19:35:10.375 | 0x0006 | HSHELL_REDRAW                | 0x00060F70 | vis=Y | Telegram           | "\u200E3DNews \u2013 (1)"
19:35:10.376 | 0x0006 | HSHELL_REDRAW                | 0x00060F70 | vis=Y | Telegram           | "\u200E3DNews \u2013 (1)"
19:35:16.671 | 0x0001 | HSHELL_WINDOWCREATED         | 0x004911C0 | vis=Y | ms-teams           | "Anton Suchov (You) | Microsoft Teams"
19:35:16.894 | 0x0006 | HSHELL_REDRAW                | 0x00060C58 | vis=Y | WindowsTerminal    | "\u25D1 verify-win32-assumptions"
19:35:17.700 | 0x0006 | HSHELL_REDRAW                | 0x00060C58 | vis=Y | WindowsTerminal    | "\u25D0 verify-win32-assumptions"
19:35:18.660 | 0x0006 | HSHELL_REDRAW                | 0x00060C58 | vis=Y | WindowsTerminal    | "\u25D1 verify-win32-assumptions"
19:35:19.620 | 0x0006 | HSHELL_REDRAW                | 0x00060C58 | vis=Y | WindowsTerminal    | "\u25D0 verify-win32-assumptions"
19:35:20.594 | 0x0006 | HSHELL_REDRAW                | 0x00060C58 | vis=Y | WindowsTerminal    | "\u25D1 verify-win32-assumptions"
19:35:21.554 | 0x0006 | HSHELL_REDRAW                | 0x00060C58 | vis=Y | WindowsTerminal    | "\u25D0 verify-win32-assumptions"
19:35:22.514 | 0x0006 | HSHELL_REDRAW                | 0x00060C58 | vis=Y | WindowsTerminal    | "\u25D1 verify-win32-assumptions"
19:35:23.476 | 0x0006 | HSHELL_REDRAW                | 0x00060C58 | vis=Y | WindowsTerminal    | "\u25D0 verify-win32-assumptions"
19:35:24.436 | 0x0006 | HSHELL_REDRAW                | 0x00060C58 | vis=Y | WindowsTerminal    | "\u25D1 verify-win32-assumptions"
19:35:25.398 | 0x0006 | HSHELL_REDRAW                | 0x00060C58 | vis=Y | WindowsTerminal    | "\u25D0 verify-win32-assumptions"
19:35:26.358 | 0x0006 | HSHELL_REDRAW                | 0x00060C58 | vis=Y | WindowsTerminal    | "\u25D1 verify-win32-assumptions"
19:35:27.319 | 0x0006 | HSHELL_REDRAW                | 0x00060C58 | vis=Y | WindowsTerminal    | "\u25D0 verify-win32-assumptions"
19:35:28.279 | 0x0006 | HSHELL_REDRAW                | 0x00060C58 | vis=Y | WindowsTerminal    | "\u25D1 verify-win32-assumptions"
19:35:29.241 | 0x0006 | HSHELL_REDRAW                | 0x00060C58 | vis=Y | WindowsTerminal    | "\u25D0 verify-win32-assumptions"
19:35:30.351 | 0x0006 | HSHELL_REDRAW                | 0x00060C58 | vis=Y | WindowsTerminal    | "\u25D1 verify-win32-assumptions"
19:35:31.172 | 0x0006 | HSHELL_REDRAW                | 0x00060C58 | vis=Y | WindowsTerminal    | "\u25D0 verify-win32-assumptions"
19:35:32.133 | 0x0006 | HSHELL_REDRAW                | 0x00060C58 | vis=Y | WindowsTerminal    | "\u25D1 verify-win32-assumptions"
19:35:33.095 | 0x0006 | HSHELL_REDRAW                | 0x00060C58 | vis=Y | WindowsTerminal    | "\u25D0 verify-win32-assumptions"
19:35:34.056 | 0x0006 | HSHELL_REDRAW                | 0x00060C58 | vis=Y | WindowsTerminal    | "\u25D1 verify-win32-assumptions"
19:35:35.017 | 0x0006 | HSHELL_REDRAW                | 0x00060C58 | vis=Y | WindowsTerminal    | "\u25D0 verify-win32-assumptions"
19:35:35.978 | 0x0006 | HSHELL_REDRAW                | 0x00060C58 | vis=Y | WindowsTerminal    | "\u25D1 verify-win32-assumptions"
19:35:36.938 | 0x0006 | HSHELL_REDRAW                | 0x00060C58 | vis=Y | WindowsTerminal    | "\u25D0 verify-win32-assumptions"
19:35:37.900 | 0x0006 | HSHELL_REDRAW                | 0x00060C58 | vis=Y | WindowsTerminal    | "\u25D1 verify-win32-assumptions"
19:35:38.862 | 0x0006 | HSHELL_REDRAW                | 0x00060C58 | vis=Y | WindowsTerminal    | "\u25D0 verify-win32-assumptions"
19:35:39.822 | 0x0006 | HSHELL_REDRAW                | 0x00060C58 | vis=Y | WindowsTerminal    | "\u25D1 verify-win32-assumptions"
19:35:40.782 | 0x0006 | HSHELL_REDRAW                | 0x00060C58 | vis=Y | WindowsTerminal    | "\u25D0 verify-win32-assumptions"
19:35:41.742 | 0x0006 | HSHELL_REDRAW                | 0x00060C58 | vis=Y | WindowsTerminal    | "\u25D1 verify-win32-assumptions"
19:35:42.702 | 0x0006 | HSHELL_REDRAW                | 0x00060C58 | vis=Y | WindowsTerminal    | "\u25D0 verify-win32-assumptions"
19:35:43.663 | 0x0006 | HSHELL_REDRAW                | 0x00060C58 | vis=Y | WindowsTerminal    | "\u25D1 verify-win32-assumptions"
19:35:44.624 | 0x0006 | HSHELL_REDRAW                | 0x00060C58 | vis=Y | WindowsTerminal    | "\u25D0 verify-win32-assumptions"
19:35:45.584 | 0x0006 | HSHELL_REDRAW                | 0x00060C58 | vis=Y | WindowsTerminal    | "\u25D1 verify-win32-assumptions"
19:35:46.545 | 0x0006 | HSHELL_REDRAW                | 0x00060C58 | vis=Y | WindowsTerminal    | "\u25D0 verify-win32-assumptions"
19:35:47.506 | 0x0006 | HSHELL_REDRAW                | 0x00060C58 | vis=Y | WindowsTerminal    | "\u25D1 verify-win32-assumptions"
19:35:48.466 | 0x0006 | HSHELL_REDRAW                | 0x00060C58 | vis=Y | WindowsTerminal    | "\u25D0 verify-win32-assumptions"
19:35:49.427 | 0x0006 | HSHELL_REDRAW                | 0x00060C58 | vis=Y | WindowsTerminal    | "\u25D1 verify-win32-assumptions"
19:35:50.388 | 0x0006 | HSHELL_REDRAW                | 0x00060C58 | vis=Y | WindowsTerminal    | "\u25D0 verify-win32-assumptions"
19:35:51.350 | 0x0006 | HSHELL_REDRAW                | 0x00060C58 | vis=Y | WindowsTerminal    | "\u25D1 verify-win32-assumptions"
19:35:52.310 | 0x0006 | HSHELL_REDRAW                | 0x00060C58 | vis=Y | WindowsTerminal    | "\u25D0 verify-win32-assumptions"
19:35:53.271 | 0x0006 | HSHELL_REDRAW                | 0x00060C58 | vis=Y | WindowsTerminal    | "\u25D1 verify-win32-assumptions"
19:35:54.233 | 0x0006 | HSHELL_REDRAW                | 0x00060C58 | vis=Y | WindowsTerminal    | "\u25D0 verify-win32-assumptions"
19:35:55.228 | 0x0006 | HSHELL_REDRAW                | 0x00060C58 | vis=Y | WindowsTerminal    | "\u25D1 verify-win32-assumptions"
19:35:56.164 | 0x0006 | HSHELL_REDRAW                | 0x00060C58 | vis=Y | WindowsTerminal    | "\u25D0 verify-win32-assumptions"
19:35:57.118 | 0x0006 | HSHELL_REDRAW                | 0x00060C58 | vis=Y | WindowsTerminal    | "\u25D1 verify-win32-assumptions"
19:35:58.079 | 0x0006 | HSHELL_REDRAW                | 0x00060C58 | vis=Y | WindowsTerminal    | "\u25D0 verify-win32-assumptions"
19:35:59.040 | 0x0006 | HSHELL_REDRAW                | 0x00060C58 | vis=Y | WindowsTerminal    | "\u25D1 verify-win32-assumptions"
19:36:00.000 | 0x0006 | HSHELL_REDRAW                | 0x00060C58 | vis=Y | WindowsTerminal    | "\u25D0 verify-win32-assumptions"
19:36:00.961 | 0x0006 | HSHELL_REDRAW                | 0x00060C58 | vis=Y | WindowsTerminal    | "\u25D1 verify-win32-assumptions"
19:36:01.923 | 0x0006 | HSHELL_REDRAW                | 0x00060C58 | vis=Y | WindowsTerminal    | "\u25D0 verify-win32-assumptions"
19:36:02.883 | 0x0006 | HSHELL_REDRAW                | 0x00060C58 | vis=Y | WindowsTerminal    | "\u25D1 verify-win32-assumptions"
19:36:03.844 | 0x0006 | HSHELL_REDRAW                | 0x00060C58 | vis=Y | WindowsTerminal    | "\u25D0 verify-win32-assumptions"
19:36:04.805 | 0x0006 | HSHELL_REDRAW                | 0x00060C58 | vis=Y | WindowsTerminal    | "\u25D1 verify-win32-assumptions"
19:36:05.765 | 0x0006 | HSHELL_REDRAW                | 0x00060C58 | vis=Y | WindowsTerminal    | "\u25D0 verify-win32-assumptions"
19:36:06.726 | 0x0006 | HSHELL_REDRAW                | 0x00060C58 | vis=Y | WindowsTerminal    | "\u25D1 verify-win32-assumptions"
19:36:07.687 | 0x0006 | HSHELL_REDRAW                | 0x00060C58 | vis=Y | WindowsTerminal    | "\u25D0 verify-win32-assumptions"
19:36:08.647 | 0x0006 | HSHELL_REDRAW                | 0x00060C58 | vis=Y | WindowsTerminal    | "\u25D1 verify-win32-assumptions"
19:36:09.607 | 0x0006 | HSHELL_REDRAW                | 0x00060C58 | vis=Y | WindowsTerminal    | "\u25D0 verify-win32-assumptions"
19:36:10.568 | 0x0006 | HSHELL_REDRAW                | 0x00060C58 | vis=Y | WindowsTerminal    | "\u25D1 verify-win32-assumptions"
19:36:11.529 | 0x0006 | HSHELL_REDRAW                | 0x00060C58 | vis=Y | WindowsTerminal    | "\u25D0 verify-win32-assumptions"
19:36:12.489 | 0x0006 | HSHELL_REDRAW                | 0x00060C58 | vis=Y | WindowsTerminal    | "\u25D1 verify-win32-assumptions"
19:36:12.534 | 0x0004 | HSHELL_WINDOWACTIVATED       | 0x00111438 | vis=Y | WindowsTerminal    | "HYDRAWIN-BELL2"
19:36:12.545 | 0x0002 | HSHELL_WINDOWDESTROYED       | 0x00111438 | vis=n | WindowsTerminal    | "HYDRAWIN-BELL2"
19:36:12.553 | 0x0004 | HSHELL_WINDOWACTIVATED       | 0x00060C58 | vis=Y | WindowsTerminal    | "\u25D1 verify-win32-assumptions"
19:36:13.451 | 0x0006 | HSHELL_REDRAW                | 0x00060C58 | vis=Y | WindowsTerminal    | "\u25D0 verify-win32-assumptions"
19:36:14.412 | 0x0006 | HSHELL_REDRAW                | 0x00060C58 | vis=Y | WindowsTerminal    | "\u25D1 verify-win32-assumptions"
19:36:14.723 | 0x0006 | HSHELL_REDRAW                | 0x00060C58 | vis=Y | WindowsTerminal    | "\u25D1 verify-win32-assumptions"
19:36:15.373 | 0x0006 | HSHELL_REDRAW                | 0x00060C58 | vis=Y | WindowsTerminal    | "\u25D0 verify-win32-assumptions"
19:36:16.333 | 0x0006 | HSHELL_REDRAW                | 0x00060C58 | vis=Y | WindowsTerminal    | "\u25D1 verify-win32-assumptions"
19:36:17.293 | 0x0006 | HSHELL_REDRAW                | 0x00060C58 | vis=Y | WindowsTerminal    | "\u25D0 verify-win32-assumptions"
19:36:18.254 | 0x0006 | HSHELL_REDRAW                | 0x00060C58 | vis=Y | WindowsTerminal    | "\u25D1 verify-win32-assumptions"
19:36:19.215 | 0x0006 | HSHELL_REDRAW                | 0x00060C58 | vis=Y | WindowsTerminal    | "\u25D0 verify-win32-assumptions"
19:36:20.177 | 0x0006 | HSHELL_REDRAW                | 0x00060C58 | vis=Y | WindowsTerminal    | "\u25D1 verify-win32-assumptions"
19:36:21.137 | 0x0006 | HSHELL_REDRAW                | 0x00060C58 | vis=Y | WindowsTerminal    | "\u25D0 verify-win32-assumptions"
19:36:22.097 | 0x0006 | HSHELL_REDRAW                | 0x00060C58 | vis=Y | WindowsTerminal    | "\u25D1 verify-win32-assumptions"
19:36:23.058 | 0x0006 | HSHELL_REDRAW                | 0x00060C58 | vis=Y | WindowsTerminal    | "\u25D0 verify-win32-assumptions"
19:36:24.018 | 0x0006 | HSHELL_REDRAW                | 0x00060C58 | vis=Y | WindowsTerminal    | "\u25D1 verify-win32-assumptions"
19:36:24.228 | 0x0006 | HSHELL_REDRAW                | 0x00060C58 | vis=Y | WindowsTerminal    | "\u25D0 verify-win32-assumptions"
19:36:25.940 | 0x0006 | HSHELL_REDRAW                | 0x00060C58 | vis=Y | WindowsTerminal    | "\u25D1 verify-win32-assumptions"
19:36:26.901 | 0x0006 | HSHELL_REDRAW                | 0x00060C58 | vis=Y | WindowsTerminal    | "\u25D0 verify-win32-assumptions"
19:36:27.862 | 0x0006 | HSHELL_REDRAW                | 0x00060C58 | vis=Y | WindowsTerminal    | "\u25D1 verify-win32-assumptions"
19:36:28.823 | 0x0006 | HSHELL_REDRAW                | 0x00060C58 | vis=Y | WindowsTerminal    | "\u25D0 verify-win32-assumptions"
19:36:29.784 | 0x0006 | HSHELL_REDRAW                | 0x00060C58 | vis=Y | WindowsTerminal    | "\u25D1 verify-win32-assumptions"
19:36:30.745 | 0x0006 | HSHELL_REDRAW                | 0x00060C58 | vis=Y | WindowsTerminal    | "\u25D0 verify-win32-assumptions"
19:36:31.706 | 0x0006 | HSHELL_REDRAW                | 0x00060C58 | vis=Y | WindowsTerminal    | "\u25D1 verify-win32-assumptions"
19:36:32.667 | 0x0006 | HSHELL_REDRAW                | 0x00060C58 | vis=Y | WindowsTerminal    | "\u25D0 verify-win32-assumptions"
19:36:33.629 | 0x0006 | HSHELL_REDRAW                | 0x00060C58 | vis=Y | WindowsTerminal    | "\u25D1 verify-win32-assumptions"
19:36:34.589 | 0x0006 | HSHELL_REDRAW                | 0x00060C58 | vis=Y | WindowsTerminal    | "\u25D0 verify-win32-assumptions"
19:36:35.550 | 0x0006 | HSHELL_REDRAW                | 0x00060C58 | vis=Y | WindowsTerminal    | "\u25D1 verify-win32-assumptions"
19:36:36.511 | 0x0006 | HSHELL_REDRAW                | 0x00060C58 | vis=Y | WindowsTerminal    | "\u25D0 verify-win32-assumptions"
19:36:37.471 | 0x0006 | HSHELL_REDRAW                | 0x00060C58 | vis=Y | WindowsTerminal    | "\u25D1 verify-win32-assumptions"
19:36:38.432 | 0x0006 | HSHELL_REDRAW                | 0x00060C58 | vis=Y | WindowsTerminal    | "\u25D0 verify-win32-assumptions"
19:36:39.393 | 0x0006 | HSHELL_REDRAW                | 0x00060C58 | vis=Y | WindowsTerminal    | "\u25D1 verify-win32-assumptions"
19:36:39.599 | 0x0006 | HSHELL_REDRAW                | 0x00060C58 | vis=Y | WindowsTerminal    | "\u25D0 verify-win32-assumptions"
19:36:41.315 | 0x0006 | HSHELL_REDRAW                | 0x00060C58 | vis=Y | WindowsTerminal    | "\u25D1 verify-win32-assumptions"
19:36:42.276 | 0x0006 | HSHELL_REDRAW                | 0x00060C58 | vis=Y | WindowsTerminal    | "\u25D0 verify-win32-assumptions"
19:36:43.236 | 0x0006 | HSHELL_REDRAW                | 0x00060C58 | vis=Y | WindowsTerminal    | "\u25D1 verify-win32-assumptions"
19:36:43.655 | 0x0006 | HSHELL_REDRAW                | 0x00060C58 | vis=Y | WindowsTerminal    | "\u25D0 verify-win32-assumptions"
19:36:45.157 | 0x0006 | HSHELL_REDRAW                | 0x00060C58 | vis=Y | WindowsTerminal    | "\u25D1 verify-win32-assumptions"
19:36:46.118 | 0x0006 | HSHELL_REDRAW                | 0x00060C58 | vis=Y | WindowsTerminal    | "\u25D0 verify-win32-assumptions"
19:36:47.078 | 0x0006 | HSHELL_REDRAW                | 0x00060C58 | vis=Y | WindowsTerminal    | "\u25D1 verify-win32-assumptions"
19:36:47.791 | 0x0006 | HSHELL_REDRAW                | 0x00060C58 | vis=Y | WindowsTerminal    | "\u25D0 verify-win32-assumptions"
19:36:49.008 | 0x0006 | HSHELL_REDRAW                | 0x00060C58 | vis=Y | WindowsTerminal    | "\u25D1 verify-win32-assumptions"
19:36:49.970 | 0x0006 | HSHELL_REDRAW                | 0x00060C58 | vis=Y | WindowsTerminal    | "\u25D0 verify-win32-assumptions"
19:36:50.931 | 0x0006 | HSHELL_REDRAW                | 0x00060C58 | vis=Y | WindowsTerminal    | "\u25D1 verify-win32-assumptions"
19:36:51.892 | 0x0006 | HSHELL_REDRAW                | 0x00060C58 | vis=Y | WindowsTerminal    | "\u25D0 verify-win32-assumptions"
19:36:52.853 | 0x0006 | HSHELL_REDRAW                | 0x00060C58 | vis=Y | WindowsTerminal    | "\u25D1 verify-win32-assumptions"
19:36:53.813 | 0x0006 | HSHELL_REDRAW                | 0x00060C58 | vis=Y | WindowsTerminal    | "\u25D0 verify-win32-assumptions"
19:36:54.774 | 0x0006 | HSHELL_REDRAW                | 0x00060C58 | vis=Y | WindowsTerminal    | "\u25D1 verify-win32-assumptions"
19:36:55.736 | 0x0006 | HSHELL_REDRAW                | 0x00060C58 | vis=Y | WindowsTerminal    | "\u25D0 verify-win32-assumptions"
19:36:56.697 | 0x0006 | HSHELL_REDRAW                | 0x00060C58 | vis=Y | WindowsTerminal    | "\u25D1 verify-win32-assumptions"
19:36:57.659 | 0x0006 | HSHELL_REDRAW                | 0x00060C58 | vis=Y | WindowsTerminal    | "\u25D0 verify-win32-assumptions"
19:36:58.620 | 0x0006 | HSHELL_REDRAW                | 0x00060C58 | vis=Y | WindowsTerminal    | "\u25D1 verify-win32-assumptions"
19:36:59.581 | 0x0006 | HSHELL_REDRAW                | 0x00060C58 | vis=Y | WindowsTerminal    | "\u25D0 verify-win32-assumptions"
19:37:00.739 | 0x0006 | HSHELL_REDRAW                | 0x00060C58 | vis=Y | WindowsTerminal    | "\u25D1 verify-win32-assumptions"
19:37:01.502 | 0x0006 | HSHELL_REDRAW                | 0x00060C58 | vis=Y | WindowsTerminal    | "\u25D0 verify-win32-assumptions"
19:37:02.463 | 0x0006 | HSHELL_REDRAW                | 0x00060C58 | vis=Y | WindowsTerminal    | "\u25D1 verify-win32-assumptions"
19:37:03.423 | 0x0006 | HSHELL_REDRAW                | 0x00060C58 | vis=Y | WindowsTerminal    | "\u25D0 verify-win32-assumptions"
19:37:04.384 | 0x0006 | HSHELL_REDRAW                | 0x00060C58 | vis=Y | WindowsTerminal    | "\u25D1 verify-win32-assumptions"
19:37:04.691 | 0x0006 | HSHELL_REDRAW                | 0x00060C58 | vis=Y | WindowsTerminal    | "\u25D0 verify-win32-assumptions"
19:37:06.306 | 0x0006 | HSHELL_REDRAW                | 0x00060C58 | vis=Y | WindowsTerminal    | "\u25D1 verify-win32-assumptions"
19:37:07.266 | 0x0006 | HSHELL_REDRAW                | 0x00060C58 | vis=Y | WindowsTerminal    | "\u25D0 verify-win32-assumptions"
19:37:08.228 | 0x0006 | HSHELL_REDRAW                | 0x00060C58 | vis=Y | WindowsTerminal    | "\u25D1 verify-win32-assumptions"
19:37:08.871 | 0x0006 | HSHELL_REDRAW                | 0x00060C58 | vis=Y | WindowsTerminal    | "\u25D0 verify-win32-assumptions"
19:37:10.149 | 0x0006 | HSHELL_REDRAW                | 0x00060C58 | vis=Y | WindowsTerminal    | "\u25D1 verify-win32-assumptions"
19:37:11.110 | 0x0006 | HSHELL_REDRAW                | 0x00060C58 | vis=Y | WindowsTerminal    | "\u25D0 verify-win32-assumptions"
19:37:12.077 | 0x0006 | HSHELL_REDRAW                | 0x00060C58 | vis=Y | WindowsTerminal    | "\u25D1 verify-win32-assumptions"
19:37:12.995 | 0x0006 | HSHELL_REDRAW                | 0x00060C58 | vis=Y | WindowsTerminal    | "\u25D0 verify-win32-assumptions"
19:37:13.998 | 0x0006 | HSHELL_REDRAW                | 0x00060C58 | vis=Y | WindowsTerminal    | "\u25D1 verify-win32-assumptions"
19:37:14.959 | 0x0006 | HSHELL_REDRAW                | 0x00060C58 | vis=Y | WindowsTerminal    | "\u25D0 verify-win32-assumptions"
19:37:15.919 | 0x0006 | HSHELL_REDRAW                | 0x00060C58 | vis=Y | WindowsTerminal    | "\u25D1 verify-win32-assumptions"
19:37:15.983 | 0x000C | HSHELL_APPCOMMAND            | 0x000A0000 | vis=n | Idle               | ""
19:37:16.880 | 0x0006 | HSHELL_REDRAW                | 0x00060C58 | vis=Y | WindowsTerminal    | "\u25D0 verify-win32-assumptions"
19:37:17.841 | 0x0006 | HSHELL_REDRAW                | 0x00060C58 | vis=Y | WindowsTerminal    | "\u25D1 verify-win32-assumptions"
19:37:18.630 | 0x0010 | HSHELL_MONITORCHANGED        | 0x005A1458 | vis=n | SoundSwitch        | ""
19:37:18.631 | 0x0002 | HSHELL_WINDOWDESTROYED       | 0x005A1458 | vis=n | SoundSwitch        | ""
19:37:18.801 | 0x0006 | HSHELL_REDRAW                | 0x00060C58 | vis=Y | WindowsTerminal    | "\u25D0 verify-win32-assumptions"
19:37:19.761 | 0x0006 | HSHELL_REDRAW                | 0x00060C58 | vis=Y | WindowsTerminal    | "\u25D1 verify-win32-assumptions"
19:37:20.722 | 0x0006 | HSHELL_REDRAW                | 0x00060C58 | vis=Y | WindowsTerminal    | "\u25D0 verify-win32-assumptions"
19:37:21.683 | 0x0006 | HSHELL_REDRAW                | 0x00060C58 | vis=Y | WindowsTerminal    | "\u25D1 verify-win32-assumptions"
19:37:21.754 | 0x0004 | HSHELL_WINDOWACTIVATED       | 0x00000000 | vis=n | Idle               | ""
19:37:21.850 | 0x0004 | HSHELL_WINDOWACTIVATED       | 0x657C0F5E | vis=Y | ms-teams           | "Chat | Anton Suchov (You) | Microsoft Teams"
19:37:21.891 | 0x0005 | HSHELL_GETMINRECT            | 0x987F17E280 | vis=n | Idle               | ""
19:37:28.715 | 0x0006 | HSHELL_REDRAW                | 0x657C0F5E | vis=Y | ms-teams           | "Chat | Settings | Microsoft Teams"
19:37:41.629 | 0x0004 | HSHELL_WINDOWACTIVATED       | 0x00000000 | vis=n | Idle               | ""
19:37:41.742 | 0x0010 | HSHELL_MONITORCHANGED        | 0x000F141E | vis=n | ShellExperienceHost | "Windows Shell Experience Host"
19:37:41.753 | 0x0001 | HSHELL_WINDOWCREATED         | 0x000F141E | vis=Y | ShellExperienceHost | "Windows Shell Experience Host"
19:37:41.826 | 0x0004 | HSHELL_WINDOWACTIVATED       | 0x000F141E | vis=Y | ShellExperienceHost | "Windows Shell Experience Host"
19:37:50.681 | 0x0004 | HSHELL_WINDOWACTIVATED       | 0x00000000 | vis=n | Idle               | ""
19:37:50.947 | 0x0004 | HSHELL_WINDOWACTIVATED       | 0x000F141E | vis=Y | ShellExperienceHost | "Windows Shell Experience Host"
19:37:50.998 | 0x0006 | HSHELL_REDRAW                | 0x000F141E | vis=Y | ShellExperienceHost | "Notification Center"
19:37:52.200 | 0x0004 | HSHELL_WINDOWACTIVATED       | 0x00020A0A | vis=Y | ApplicationFrameHost | "Settings"
19:37:52.581 | 0x0002 | HSHELL_WINDOWDESTROYED       | 0x000B0BD0 | vis=n | SystemSettings     | ""
19:37:52.581 | 0x0002 | HSHELL_WINDOWDESTROYED       | 0x00070BDC | vis=n | SystemSettings     | "Default IME"
19:37:52.584 | 0x0002 | HSHELL_WINDOWDESTROYED       | 0x000B0BD0 | vis=n | Idle               | ""
